,V19T26-012_A1,V19T26-012_B1,V19T26-012_C1,V19T26-012_D1,V10F24-112_C1,V10F24-112_D1,V10F24-113_A1,V10F24-114_C1,V19T26-031_C1,V19T26-031_B1,V19T26-032_D1,V19T26-032_C1,V19T26-032_B1,V19T26-032_A1,janesick_vis
ABCA8,0.0518583208322525,0.008552021346986294,-0.0004989870940335095,-0.029806070029735565,0.062257297337055206,-0.005163239315152168,-0.007265009917318821,0.039649661630392075,-0.006656065583229065,-0.016323041170835495,0.019024375826120377,0.005911307875066996,-0.016932766884565353,0.0276187751442194,-0.12456075847148895
ABCB7,0.03729533031582832,0.016325734555721283,0.06142211705446243,-0.0027722592931240797,0.06431456655263901,0.08053435385227203,0.12822236120700836,0.04441140219569206,0.0724092349410057,0.0819302499294281,0.12075769156217575,0.0988355427980423,0.08034289628267288,0.05972456559538841,0.06615500897169113
ACAN,0.032820120453834534,0.060669977217912674,-0.03345159441232681,0.03382880985736847,0.007416250184178352,0.00883257295936346,0.08257618546485901,0.12983593344688416,0.04682334139943123,0.03819538280367851,0.00911903940141201,-0.0025961673818528652,-0.0021322520915418863,0.01533215120434761,-0.008992859162390232
ACAT2,0.10852240025997162,0.11906225234270096,0.07951420545578003,0.08397728949785233,0.08975932747125626,0.08292433619499207,0.19801883399486542,0.1142585426568985,0.22782114148139954,0.1505488008260727,0.1334524154663086,0.10198326408863068,0.21907830238342285,0.16553090512752533,0.11787303537130356
ACBD5,0.0014930726028978825,0.001132671837694943,0.019828952848911285,0.01714353822171688,0.06161981821060181,0.05703353509306908,0.03346977382898331,0.04040689021348953,0.07602229714393616,0.0527271032333374,0.03215140849351883,0.04950211942195892,0.05888183414936066,0.03576496243476868,0.05575290694832802
ACP5,0.3408806025981903,0.3668104112148285,0.3365977108478546,0.25420844554901123,0.23745374381542206,0.2844253182411194,0.20796765387058258,0.18395523726940155,0.15896829962730408,0.06463652849197388,0.10333213955163956,0.10617424547672272,0.1394079476594925,0.14439474046230316,0.029595952481031418
ACTA2,0.35262030363082886,0.2913704812526703,0.447983056306839,0.41663116216659546,0.24326446652412415,0.2308167964220047,0.46409550309181213,0.4905848801136017,0.272564172744751,0.14468683302402496,0.30528348684310913,0.2665930986404419,0.19349117577075958,0.17410866916179657,0.25628289580345154
ACTB,0.4057408571243286,0.3183402419090271,0.5187976360321045,0.5197466015815735,0.331825315952301,0.2696423828601837,0.21294423937797546,0.4227127432823181,0.2916868031024933,0.059160906821489334,0.10197609663009644,0.08254063874483109,0.10714303702116013,0.15689364075660706,0.1665782481431961
ACTC1,0.08591855317354202,0.035069458186626434,0.03695451840758324,0.0015645630192011595,-0.0014115028316155076,0.013642153702676296,0.05155683308839798,0.08228804171085358,,0.10185541957616806,,-0.01713663525879383,0.2788797914981842,0.2157955765724182,0.014970934018492699
ACTG2,0.09979812055826187,0.05651616305112839,0.04866700991988182,0.055186234414577484,-0.002906852401793003,0.024560632184147835,0.06893806159496307,0.07712943851947784,0.04894193261861801,0.0817771926522255,0.22494857013225555,0.24151112139225006,0.10227197408676147,0.082903191447258,0.2778550684452057
ACVRL1,0.13765011727809906,0.15778638422489166,0.13843902945518494,0.14667554199695587,0.1245855912566185,0.0552053228020668,0.08319516479969025,0.11562426388263702,0.06482543796300888,0.043663330376148224,0.0796436071395874,0.06420611590147018,0.07438836246728897,0.0400337353348732,0.15884488821029663
ADAL,-0.01362630631774664,0.011484071612358093,0.012628301046788692,0.01607269048690796,0.022563939914107323,-0.0015829880721867085,0.0011261338368058205,0.014822319149971008,-0.004589697811752558,0.022698676213622093,-0.01929546147584915,-0.026981856673955917,0.027225714176893234,-0.03802366927266121,-0.10060855746269226
ADAMTSL2,0.0555003359913826,0.09818729013204575,0.15647323429584503,0.09040998667478561,0.02983958274126053,0.02939130924642086,0.060292039066553116,0.07150237262248993,0.037271659821271896,0.0012220164062455297,0.035552944988012314,0.01963653974235058,0.0011735076550394297,0.0006011009681969881,-0.029690299183130264
ADAMTSL4,0.04871267452836037,0.06315336376428604,0.08709726482629776,0.0999886691570282,0.00623445026576519,0.007674793247133493,0.014901513233780861,0.04087481275200844,0.014672682620584965,0.020234817638993263,0.021379757672548294,0.029502976685762405,-0.011760227382183075,0.03688123822212219,0.0762019082903862
ADGRD1,0.039420049637556076,0.005073457024991512,0.00547618605196476,0.033334143459796906,0.02205493673682213,-0.04708607494831085,0.009894358925521374,0.013918793760240078,0.01393523532897234,0.0238698311150074,0.015992313623428345,0.053877636790275574,0.0274292454123497,-0.003309716237708926,-0.0009823120199143887
ADRM1,0.21125516295433044,0.1457846462726593,0.15677928924560547,0.13682657480239868,0.20739051699638367,0.25161197781562805,0.3247162699699402,0.21958817541599274,0.1548611968755722,0.15748777985572815,0.19444358348846436,0.19628028571605682,0.129057377576828,0.1341339349746704,0.021435247734189034
AHSA1,0.258089154958725,0.19753342866897583,0.16918063163757324,0.15936043858528137,0.16885147988796234,0.19078756868839264,0.3024630844593048,0.1481882631778717,0.1519264131784439,0.18434932827949524,0.16124042868614197,0.12767837941646576,0.1895003616809845,0.18903939425945282,0.32040584087371826
AKAP8,0.08851687610149384,0.05695851519703865,0.059462789446115494,0.03786500543355942,0.08562163263559341,0.12255240231752396,0.09893766790628433,0.06328095495700836,0.1254899948835373,0.08349873125553131,0.10353927314281464,0.08495312184095383,0.059583041816949844,0.08151344209909439,0.053456105291843414
AKR7A2,0.10758507996797562,0.06425963342189789,0.07652498036623001,0.08728700876235962,0.10669605433940887,0.15458782017230988,0.19720767438411713,0.07792413234710693,0.16417574882507324,0.12929950654506683,0.1152663379907608,0.09301639348268509,0.14573684334754944,0.12894997000694275,0.1326255202293396
AKT1,0.18319080770015717,0.1564006209373474,0.06386532634496689,0.08592722564935684,0.24418945610523224,0.23420123755931854,0.30378419160842896,0.14617209136486053,0.25597909092903137,0.2393762469291687,0.24293960630893707,0.19605332612991333,0.3004780113697052,0.21694858372211456,0.36236870288848877
ALDH18A1,0.21211081743240356,0.1306176781654358,0.15524005889892578,0.18404565751552582,0.08419296890497208,0.1237735003232956,0.19525407254695892,0.10241953283548355,0.16334639489650726,0.168068066239357,0.11254499107599258,0.13198283314704895,0.1347571462392807,0.09838417172431946,0.2783428430557251
ALOX5AP,0.20634207129478455,0.195583313703537,0.18703141808509827,0.18354737758636475,0.08717583119869232,0.07085379213094711,0.12147854268550873,0.1743846833705902,0.22702215611934662,0.02758987806737423,0.11761224269866943,0.05501943826675415,0.083924300968647,0.07620519399642944,0.16899511218070984
AMMECR1,0.0014356942847371101,-0.024739310145378113,0.02074548229575157,0.021824108436703682,0.024011828005313873,0.053797632455825806,0.05124252662062645,0.05554322525858879,0.057287342846393585,0.05856318399310112,0.07363458722829819,0.05100348964333534,0.10888272523880005,0.0678708404302597,-0.1025388166308403
ANAPC16,0.15738309919834137,0.10350990295410156,0.09608487039804459,0.13241150975227356,0.08776397258043289,0.10152080655097961,0.1382993757724762,0.10819834470748901,0.14638961851596832,0.09792843461036682,0.17199282348155975,0.11000797152519226,0.10068008303642273,0.11411978304386139,0.3187626898288727
ANKRD12,0.24608056247234344,0.32659152150154114,0.3251911997795105,0.31148308515548706,0.002118628239259124,0.002214210107922554,0.10743339359760284,0.08903425931930542,0.18806809186935425,0.14372208714485168,0.06446301937103271,0.02917969599366188,0.07391075044870377,0.04493662342429161,0.14117109775543213
ANKRD30A,,,,,0.09161362797021866,0.11316647380590439,0.046026501804590225,0.014355959370732307,0.10125624388456345,-0.06241904944181442,0.06795915216207504,0.055402979254722595,-0.0019558819476515055,0.036103442311286926,0.5363123416900635
ANP32E,0.19900666177272797,0.11637654155492783,0.13083328306674957,0.07284443080425262,-0.017538968473672867,0.02721087634563446,0.025856956839561462,0.033442601561546326,0.02149318903684616,0.06051604077219963,0.005052969790995121,0.02913481369614601,-0.005830997135490179,0.023988258093595505,0.10599181056022644
APOBEC3B,-0.01926429383456707,0.04637026786804199,0.02483346499502659,0.06951726973056793,0.04095820337533951,0.057163089513778687,0.12587641179561615,0.12821216881275177,0.009900927543640137,0.0730653703212738,0.002709595486521721,0.06596267968416214,0.057731855660676956,0.052002571523189545,
APOC1,0.3619285225868225,0.472618043422699,0.3329911231994629,0.3162693977355957,0.4612344801425934,0.4597322344779968,0.3928433358669281,0.46460697054862976,0.38603293895721436,0.24417050182819366,0.31655120849609375,0.3146149814128876,0.3519664406776428,0.3469904363155365,-0.10422521829605103
APOL2,0.09729985892772675,0.12102212756872177,0.09324561059474945,0.03968426212668419,0.057689886540174484,0.010979953221976757,0.06703325361013412,0.06870894879102707,0.13673146069049835,0.19831784069538116,0.2118285894393921,0.21409635245800018,0.09724867343902588,0.1298513412475586,0.038605935871601105
ARFGAP1,0.029145484790205956,0.08155345171689987,0.08509031683206558,0.0640232041478157,0.17309881746768951,0.14394213259220123,0.16925278306007385,0.07488012313842773,0.07955344021320343,0.23344656825065613,0.1550910770893097,0.17042331397533417,0.13889528810977936,0.14081135392189026,0.09635411947965622
ARFGAP2,0.06257029622793198,0.09281156957149506,0.11054040491580963,0.036347948014736176,0.07161743193864822,0.14149229228496552,0.20196647942066193,0.06816857308149338,0.10366509854793549,0.12662643194198608,0.14419789612293243,0.1575813591480255,0.08632674813270569,0.06143965572118759,-0.015764260664582253
ARHGAP12,0.06343665719032288,0.07371097803115845,0.017358830198645592,-0.004668146837502718,0.1478576511144638,0.11836710572242737,0.12135272473096848,0.10421831160783768,0.05905619263648987,0.0752657949924469,0.034433089196681976,0.08965828269720078,0.008928272873163223,0.008794376626610756,0.06497214734554291
ARHGAP21,0.08670918643474579,-6.30417707725428e-05,0.04215922951698303,0.03821336477994919,0.03950602933764458,0.022191520780324936,0.0024526070337742567,0.016862420365214348,0.021977312862873077,0.004267883952707052,0.01815907284617424,0.028480835258960724,0.028253674507141113,0.08122456818819046,-0.012348770163953304
ARHGEF6,0.08724921196699142,0.07073371857404709,0.0032203691080212593,-0.0051974826492369175,0.015346062369644642,-0.025579681620001793,-0.00021156971342861652,0.00752515671774745,0.08899181336164474,-0.004350155591964722,0.03219470754265785,0.011712048202753067,0.03518552705645561,-0.004469451028853655,0.03604476898908615
ARID5B,0.029909448698163033,-0.048916641622781754,-0.004190230276435614,0.03818117454648018,-0.017640486359596252,-0.015138883143663406,0.06884491443634033,0.0022246830631047487,0.048731815069913864,0.06505731493234634,0.03164980560541153,0.0061215865425765514,9.42317710723728e-05,0.02389257587492466,0.010061643086373806
ARL4D,-0.00852216873317957,-0.015266794711351395,-0.03350885957479477,-0.00942344218492508,0.03277849033474922,0.0581071600317955,0.03203804790973663,-0.008225067518651485,0.011391938664019108,-0.011011213064193726,0.02153569459915161,-0.01385311409831047,0.03606342524290085,0.004728985950350761,0.017556920647621155
ARL5A,0.008979174308478832,0.055988382548093796,0.07130107283592224,0.034206829965114594,0.003991424571722746,0.0452837310731411,0.06920162588357925,0.047063928097486496,0.023489423096179962,0.09106505662202835,0.045460741966962814,0.07293588668107986,0.019357504323124886,0.05648686736822128,0.17199312150478363
ARL8B,0.06270493566989899,0.05034543201327324,0.029421046376228333,0.07360152155160904,0.14582252502441406,0.19487938284873962,0.18549437820911407,0.14947909116744995,0.11341416090726852,0.0850229486823082,0.1261724978685379,0.0994274839758873,0.16119827330112457,0.16494609415531158,0.14842042326927185
ARPC4,0.1728449910879135,0.15788686275482178,0.137687087059021,0.10042888671159744,0.1756139099597931,0.14842604100704193,0.19789162278175354,0.12442171573638916,0.13705149292945862,0.16088877618312836,0.1102544367313385,0.11135633289813995,0.0665978416800499,0.11964274197816849,0.2666172981262207
ARV1,0.11109351366758347,0.06260501593351364,0.038060810416936874,0.063991479575634,-0.019994068890810013,0.0018858240218833089,0.006582890171557665,-0.0005383571842685342,0.2033223658800125,0.09647045284509659,0.15031380951404572,0.1517307609319687,0.17080079019069672,0.20349711179733276,0.28376027941703796
ASXL1,0.17106929421424866,0.11650779098272324,0.06755977123975754,0.09283190220594406,0.05032584071159363,0.03210137411952019,0.03697876259684563,0.013680525124073029,0.03755882754921913,0.07289284467697144,0.04727562516927719,0.06002264469861984,0.09120926260948181,0.021360227838158607,-0.07035260647535324
ATF2,0.0663372203707695,0.050071630626916885,0.016219258308410645,0.01855354756116867,0.0823393240571022,0.07425198704004288,0.09043805301189423,0.044179074466228485,0.06278587132692337,0.08135073632001877,0.07925326377153397,0.09452622383832932,0.06308981031179428,0.05958431214094162,0.06115816533565521
ATP6V1D,0.09645076841115952,0.008839293383061886,0.07663068175315857,0.0795397162437439,0.10346080362796783,0.11125840991735458,0.17464153468608856,0.10440099984407425,0.11128408461809158,0.05727149918675423,0.09237510710954666,0.055933304131031036,0.1551467925310135,0.1528349667787552,0.14794692397117615
ATRIP,-0.009710012003779411,0.03503972664475441,0.02053804323077202,0.0026569468900561333,0.034130435436964035,0.04490736871957779,0.07612413167953491,0.01958201825618744,0.053235042840242386,0.03823336213827133,0.06818856298923492,0.09735601395368576,0.0643051490187645,0.06493444740772247,0.05366106331348419
ATXN10,0.24638095498085022,0.19194528460502625,0.213697612285614,0.10978369414806366,0.04176104813814163,0.03365771844983101,0.053188223391771317,0.06533394753932953,0.1926589459180832,0.1081472635269165,0.15233376622200012,0.15678498148918152,0.20873266458511353,0.1381397694349289,0.018087515607476234
ATXN2,0.024854136630892754,0.038649238646030426,0.03147222101688385,0.0398002490401268,0.07254669070243835,0.09863505512475967,0.0349048376083374,0.030918972566723824,0.04434370994567871,0.07070057839155197,0.021398086100816727,0.051941998302936554,-0.037224043160676956,0.014113963581621647,0.06482194364070892
AURKAIP1,0.2693924307823181,0.15885348618030548,0.16340652108192444,0.17332230508327484,0.2646116614341736,0.25037646293640137,0.34015893936157227,0.20861366391181946,0.23856402933597565,0.20206205546855927,0.1471593976020813,0.21387633681297302,0.24114617705345154,0.26775509119033813,0.1728990525007248
AURKB,0.1277306079864502,0.13679270446300507,0.11715766042470932,0.09370766580104828,0.1150091141462326,0.10537529736757278,0.19440527260303497,0.04601403325796127,0.05347350984811783,0.08923304080963135,0.04360957443714142,0.08671761304140091,0.08424162119626999,0.08529280871152878,0.3109697103500366
B4GALT7,0.0383157879114151,0.038637518882751465,0.042253535240888596,0.009749991819262505,0.0367981418967247,0.012845717370510101,0.08614550530910492,0.021682973951101303,0.0696563646197319,0.05867776274681091,0.09614540636539459,0.09601213783025742,0.0969577431678772,0.08216753602027893,-0.0122901052236557
BANF1,0.3634072244167328,0.29062196612358093,0.31471583247184753,0.2942348122596741,0.21546466648578644,0.2664618194103241,0.32201871275901794,0.23858122527599335,0.28303658962249756,0.17211806774139404,0.2556014060974121,0.21125714480876923,0.2674510180950165,0.2576766312122345,0.1229686364531517
BAZ2B,0.05410595238208771,0.0447382889688015,0.024810850620269775,0.01396555919200182,0.051259901374578476,0.0010704101296141744,0.005390247795730829,-0.023070769384503365,-0.028524179011583328,0.01141281146556139,-0.00022267736494541168,0.017770878970623016,-0.003956174943596125,0.033385876566171646,0.024520467966794968
BBS2,0.1113540306687355,0.13660916686058044,0.06810126453638077,0.09127884358167648,0.03065129742026329,0.007979222573339939,0.0015825791051611304,0.006203253287822008,0.1090901643037796,0.08907917141914368,0.08640491217374802,0.09099534153938293,0.07901837676763535,0.06084257364273071,0.09487266838550568
BECN1,0.10674215108156204,0.07785890251398087,0.09453599900007248,0.03493591770529747,0.0902499258518219,0.05306437611579895,0.020467733964323997,0.02233888953924179,0.06059008091688156,0.057988960295915604,0.06919282674789429,0.07752615958452225,0.09740407764911652,0.061349187046289444,0.05618826299905777
BEND3,0.0930733010172844,0.04399583861231804,0.10282382369041443,0.06920371949672699,0.041636448353528976,0.04404177889227867,0.1420748382806778,0.09915098547935486,0.062374018132686615,0.03634411469101906,0.0016767941415309906,0.044003676623106,0.02034454233944416,0.02484075352549553,0.08994707465171814
BMPR1B,0.22958119213581085,0.14931659400463104,0.16191056370735168,0.10536983609199524,0.04211978614330292,-0.01732092909514904,0.0022521878127008677,0.02260185405611992,0.01102555450052023,0.007950636558234692,-0.007152377627789974,-0.025742579251527786,-0.008158158510923386,0.004755102563649416,0.09869405627250671
BNIP2,0.05099789425730705,0.01759004220366478,0.052821144461631775,-0.013160309754312038,0.044633205980062485,0.043979890644550323,0.014034782536327839,0.021674590185284615,0.022042758762836456,0.09217165410518646,0.0663730651140213,0.0696224570274353,0.02897522784769535,0.03570699691772461,0.09423550963401794
BPTF,0.07028724253177643,0.061428118497133255,0.07044123113155365,0.036177780479192734,0.23269902169704437,0.24305318295955658,0.12638263404369354,0.08951473236083984,0.08896438032388687,-0.04317303001880646,0.054402247071266174,0.02537640742957592,0.003094407031312585,0.06869642436504364,0.19546917080879211
BRMS1,0.030976874753832817,0.06763765960931778,0.06035224720835686,0.0315711684525013,0.11160655319690704,0.09592531621456146,0.2068178653717041,0.10927993059158325,0.035453733056783676,0.10530141741037369,0.09458670020103455,0.07645449042320251,0.048903439193964005,0.06424082815647125,0.26773595809936523
BTBD6,0.11974797397851944,0.08171658962965012,0.08419188112020493,0.05787573382258415,0.08680783212184906,0.07655394077301025,0.14690883457660675,0.05944898724555969,0.15028201043605804,0.0716288834810257,0.13656041026115417,0.11674792319536209,0.13705091178417206,0.1629885882139206,0.045515961945056915
BTN2A1,0.12027911096811295,0.11708735674619675,0.06365228444337845,-0.003103802911937237,-0.008892004378139973,0.042265065014362335,0.00045431492617353797,0.061180345714092255,0.01929115317761898,0.058977510780096054,0.03333692252635956,0.025674626231193542,0.031526435166597366,0.046773917973041534,-0.02493249624967575
BTN3A2,0.05634580925107002,0.052895087748765945,0.03904952481389046,0.03833799064159393,0.018266987055540085,0.03979367017745972,0.09034813195466995,0.0791705846786499,0.0859503522515297,0.10487453639507294,0.04222780466079712,0.08210751414299011,0.028621993958950043,0.06517823040485382,0.1812210977077484
BYSL,0.13833868503570557,0.07833591848611832,0.09842225164175034,0.08991287648677826,0.058793552219867706,0.04252258315682411,0.13554368913173676,0.07671058177947998,0.10439583659172058,0.09115178138017654,0.14770960807800293,0.09573858976364136,0.10087357461452484,0.1735425442457199,0.046651892364025116
C12orf54,-0.0010643351124599576,-0.02938685193657875,-0.02902517281472683,0.03364190086722374,0.005131234880536795,-0.00834538321942091,-0.004685028921812773,-0.015838515013456345,0.014239737764000893,-0.017550881952047348,0.004064314067363739,0.01844078302383423,-0.013884605839848518,-0.008329293690621853,0.0005174479447305202
C14orf119,0.061180975288152695,0.048256006091833115,0.09715378284454346,0.07157551497220993,0.06771986931562424,0.13126921653747559,0.1162116527557373,0.035151492804288864,0.21101674437522888,0.13059014081954956,0.13603121042251587,0.11020921170711517,0.13175420463085175,0.1358553171157837,0.08956561237573624
C17orf67,-0.026638437062501907,0.019916897639632225,-0.00548239191994071,-0.01838306523859501,0.02381383627653122,0.038489338010549545,0.04057271406054497,0.024679552763700485,0.032277852296829224,0.0036463423166424036,0.012308791279792786,-0.00048774867900647223,-0.005212453193962574,0.006833254359662533,0.02001161128282547
C19orf12,0.005874463822692633,0.019493000581860542,0.046208079904317856,0.05265479534864426,-0.007524524349719286,0.021738843992352486,0.02209514193236828,0.007385208737105131,0.046123091131448746,0.151656374335289,0.015793699771165848,0.07478844374418259,0.05634690821170807,0.04802383482456207,0.12175310403108597
C19orf48,0.21620070934295654,0.13511815667152405,0.1540408432483673,0.10495064407587051,0.12895210087299347,0.1926261931657791,0.24116335809230804,0.06252094358205795,0.226485475897789,0.2901427447795868,0.24165624380111694,0.2131701111793518,0.17633309960365295,0.16786383092403412,0.3508012890815735
C1QL2,-0.007424892392009497,-0.03666158393025398,0.009594240225851536,0.013901649974286556,0.02414689213037491,0.023523829877376556,-0.004607288166880608,0.00025097536854445934,,,0.008461096324026585,0.001418604515492916,-0.008109579794108868,-0.00026598622207529843,-0.006144426297396421
C20orf27,0.10518384724855423,0.04655345156788826,0.10925056785345078,0.02974909543991089,0.030946999788284302,0.013644589111208916,0.021171042695641518,0.06711219251155853,-0.014100940898060799,0.02896139770746231,0.06555531919002533,0.12492401897907257,0.07664968073368073,0.080276258289814,-0.05868874117732048
C3,0.6292516589164734,0.6214617490768433,0.5312741994857788,0.49546241760253906,0.2774580121040344,0.28573861718177795,0.29607391357421875,0.4704529643058777,0.5519380569458008,0.2775861918926239,0.2737411856651306,0.25116220116615295,0.43622153997421265,0.36375632882118225,0.5672836303710938
C6orf163,0.030192885547876358,-0.01806963048875332,-0.00372823397628963,-0.025574782863259315,-0.007344900164753199,0.016561472788453102,0.004857647232711315,-0.01191722508519888,-0.020051967352628708,-0.005061067640781403,-0.0026493724435567856,-0.009723995812237263,0.03173348680138588,0.03338829055428505,-0.046980567276477814
C9orf16,0.19456540048122406,0.11096493899822235,0.11283648759126663,0.1428295224905014,0.1933591216802597,0.212861567735672,0.39881277084350586,0.23332546651363373,0.11077132821083069,0.19205224514007568,0.12106937170028687,0.13011124730110168,0.12465964257717133,0.12471418082714081,0.148152157664299
CALD1,0.1591726690530777,0.18538430333137512,0.2479107528924942,0.275982141494751,0.11870171129703522,0.16228151321411133,0.4204932749271393,0.4255286753177643,0.33564823865890503,0.1672913134098053,0.1731095314025879,0.09816829115152359,0.14999893307685852,0.18410177528858185,0.48265743255615234
CASZ1,0.11387936770915985,0.11457041651010513,0.11124753952026367,0.07713068276643753,0.12263432145118713,0.1141737699508667,0.25996553897857666,0.13114775717258453,0.262340247631073,0.12922364473342896,0.20005930960178375,0.19805113971233368,0.2277994304895401,0.19978563487529755,0.32370316982269287
CCDC125,0.023413576185703278,-0.007150337100028992,0.042132630944252014,0.0369621217250824,0.10307778418064117,0.11734181642532349,0.13426616787910461,0.05164960399270058,0.10620589554309845,0.08534912765026093,0.13072004914283752,0.09039511531591415,0.15378382802009583,0.12172791361808777,0.4124951958656311
CCDC134,0.003500793594866991,-0.0032871654257178307,0.01702795922756195,-0.005324641242623329,-0.005220807157456875,0.01148330606520176,0.01191074401140213,0.01382382307201624,-0.00399885606020689,-0.009687828831374645,-0.0048399679362773895,-0.007907243445515633,-0.0019439468160271645,-0.008270460180938244,0.06621454656124115
CCDC142,0.012798413634300232,-0.02593838796019554,0.00021232044673524797,-0.020090974867343903,0.0025955699384212494,-0.004184903111308813,0.00493996124714613,0.015880100429058075,-0.017907995730638504,0.022507427260279655,0.017120633274316788,0.037942878901958466,0.036140549927949905,0.022155199199914932,0.013348513282835484
CCDC167,0.022172201424837112,0.02786375768482685,0.010755501687526703,0.04607111215591431,0.14129653573036194,0.19238786399364471,0.3674813210964203,0.23687158524990082,0.1389022022485733,0.13390254974365234,0.07385100424289703,0.11217596381902695,0.0953616350889206,0.11476133018732071,0.244564488530159
CCDC30,-0.007106128614395857,-0.012412083335220814,0.0026461936067789793,0.0263693705201149,0.04097418487071991,0.05064929276704788,0.046649809926748276,0.02045019343495369,0.03427203744649887,-0.020661214366555214,-0.0018039669375866652,-0.003929085098206997,0.024778788909316063,0.03952256590127945,0.057669587433338165
CCDC80,0.3941883444786072,0.39709922671318054,0.4242497384548187,0.34278109669685364,0.2706393003463745,0.22206251323223114,0.3099294900894165,0.32631224393844604,0.4782351851463318,0.1791199892759323,0.3190021514892578,0.31408652663230896,0.3393262028694153,0.31035101413726807,0.5150090456008911
CCL19,0.3610081076622009,0.3525719940662384,0.04303593933582306,0.10446276515722275,0.009021296165883541,0.027678320184350014,0.037628740072250366,-0.004163924604654312,0.4813610315322876,0.2586709260940552,0.359506219625473,0.30347150564193726,0.19897660613059998,0.1889970451593399,0.2371106743812561
CCL21,0.1535467803478241,0.2046152651309967,0.02204197272658348,0.005320060066878796,-0.04095270112156868,,-0.002187114441767335,0.03216273710131645,0.12318065017461777,0.07643603533506393,-0.006826402619481087,0.02914786897599697,0.05421582981944084,0.019748831167817116,-0.20783552527427673
CCL4,0.19103306531906128,0.18356846272945404,0.12005071341991425,0.1067621260881424,0.11558937281370163,0.10648833960294724,0.11477486044168472,0.1717471331357956,0.18379487097263336,0.02843485027551651,0.10983376204967499,0.11177857965230942,0.1212693303823471,0.08038978278636932,0.10415512323379517
CCNK,0.056633103638887405,0.05983715131878853,0.06325281411409378,0.03362368419766426,0.11581222712993622,0.09096866101026535,0.07726027071475983,0.07292786240577698,0.09097025543451309,0.10325021296739578,0.08434803783893585,0.07330677658319473,0.1093488559126854,0.05459890142083168,-0.056451454758644104
CCZ1,0.12561514973640442,0.0967126414179802,0.0840032771229744,0.06460674107074738,0.062447234988212585,0.07477831095457077,0.05814090371131897,0.04457990452647209,0.10713975876569748,0.12371177971363068,0.16352219879627228,0.13161125779151917,0.15545624494552612,0.13610416650772095,0.013012384995818138
CD19,0.09889321029186249,0.08758603036403656,0.048922885209321976,-0.015582224354147911,0.01311089564114809,-0.009845043532550335,-0.011519822292029858,0.07238563150167465,0.12211957573890686,0.03411420062184334,0.031934838742017746,0.016681106761097908,0.06285818666219711,0.061453092843294144,0.0736100897192955
CD248,0.12864486873149872,0.1594245731830597,0.10091506689786911,0.12752586603164673,0.09671644866466522,0.1449885219335556,0.1482703983783722,0.14631330966949463,0.20823387801647186,0.05207865312695503,0.12792861461639404,0.11101217567920685,0.12456570565700531,0.14060570299625397,0.32777905464172363
CD2BP2,0.08917281031608582,0.056585777550935745,0.1260697841644287,0.07346618175506592,0.10542669147253036,0.1281154453754425,0.2162780910730362,0.1187845766544342,0.09971083700656891,0.2223789244890213,0.13695332407951355,0.17099690437316895,0.15056395530700684,0.12637625634670258,0.16259804368019104
CD40,0.16068099439144135,0.17206166684627533,0.15220579504966736,0.15032069385051727,0.09816770255565643,0.09656605124473572,0.08038543909788132,0.11419419199228287,0.2157793790102005,0.07852689176797867,0.14257179200649261,0.13560445606708527,0.06491009891033173,0.045506786555051804,0.12369570136070251
CD44,0.14805708825588226,0.17383117973804474,0.138039693236351,0.17197149991989136,0.14351704716682434,0.04509666562080383,0.1762223243713379,0.1567365974187851,0.26653286814689636,0.12006765604019165,0.23562848567962646,0.20734909176826477,0.24752046167850494,0.24815118312835693,0.18279677629470825
CD74,0.7057859897613525,0.6798582673072815,0.7114218473434448,0.6488664746284485,0.5108076333999634,0.4962858259677887,0.5598738789558411,0.6532875299453735,0.5471227169036865,0.3479125499725342,0.2762206792831421,0.3577028810977936,0.38579848408699036,0.36583757400512695,0.34634312987327576
CD80,0.004853011574596167,-0.01576296240091324,0.03655274212360382,0.016925940290093422,0.011667929589748383,0.006774256471544504,0.06373331695795059,0.03228258341550827,0.037293002009391785,0.022444358095526695,-0.004759540315717459,-0.027255592867732048,-0.0014906093711033463,0.020353930070996284,-0.05215218663215637
CDC123,0.2667182385921478,0.24432794749736786,0.2541843056678772,0.21559222042560577,0.07624207437038422,0.10222595930099487,0.15072496235370636,0.07948729395866394,0.11867321282625198,0.1654098480939865,0.0993337482213974,0.12369845807552338,0.1385931521654129,0.15072183310985565,0.15974149107933044
CDC20,0.1466662436723709,0.108660489320755,0.08355158567428589,0.11267437785863876,0.12920452654361725,0.1796112209558487,0.28000766038894653,0.08409280329942703,0.19660386443138123,0.13945934176445007,0.1612987518310547,0.1467110514640808,0.1749221831560135,0.13283151388168335,0.21153709292411804
CDC34,0.15791566669940948,0.08195231854915619,0.060914549976587296,0.07870951294898987,0.14800575375556946,0.16639481484889984,0.2950819730758667,0.10335998237133026,0.04920855909585953,0.17450612783432007,0.13216213881969452,0.10829600691795349,0.10316869616508484,0.143149271607399,0.1854182481765747
CDCA2,0.03404683247208595,-0.00883460883051157,0.021580757573246956,0.0003128289827145636,-0.002976987510919571,-0.024296661838889122,0.02869219146668911,0.039592042565345764,-0.04420715570449829,0.014147226698696613,0.00014056498184800148,0.028669731691479683,0.07964218407869339,0.06673869490623474,0.2626611590385437
CDCA3,0.12123537808656693,0.08965367078781128,0.1219254583120346,0.0683356374502182,0.10748118907213211,0.1293397843837738,0.25158074498176575,0.14920100569725037,0.17872050404548645,0.14510804414749146,0.0932198166847229,0.12263470143079758,0.1503077894449234,0.14201733469963074,0.2580980360507965
CDCA8,0.04578622430562973,0.04388285055756569,0.1126665249466896,0.030257387086749077,0.05129405856132507,0.09619071334600449,0.1626671552658081,0.07006382942199707,0.09066121280193329,0.04125923290848732,0.087115079164505,0.06876654177904129,0.03441284969449043,0.01638581044971943,0.24406027793884277
CDK1,0.19876258075237274,0.08604516088962555,0.1282736212015152,0.14971570670604706,0.11916382610797882,0.13166198134422302,0.22045013308525085,0.07516084611415863,0.21704749763011932,0.1768241971731186,0.16325224936008453,0.1639881581068039,0.16939295828342438,0.18206064403057098,0.5094845294952393
CDK12,0.018693704158067703,0.03373861312866211,-0.004348571412265301,0.01992126554250717,0.3006885051727295,0.3066617548465729,0.4057203233242035,0.33365964889526367,0.16828809678554535,0.11448583006858826,0.16822005808353424,0.1264815479516983,0.0759437158703804,0.09256947785615921,0.16042643785476685
CDK3,0.02573224902153015,0.07017131894826889,0.0689101442694664,0.030879216268658638,0.03563624247908592,0.051902830600738525,0.025059735402464867,0.0179380401968956,0.024125276133418083,0.0389883853495121,0.04568575695157051,0.023115213960409164,0.05303994193673134,0.02675740234553814,-0.0017233300022780895
CDK7,0.11852908879518509,0.12727326154708862,0.07807385176420212,0.10520676523447037,0.04506026208400726,0.03667669743299484,0.08542241156101227,0.04929032176733017,0.12199684232473373,0.08214284479618073,0.1457962989807129,0.1114206463098526,0.1163661777973175,0.11519069969654083,0.06361441314220428
CELSR2,0.1890396624803543,0.17233265936374664,0.17175264656543732,0.11727391928434372,0.07543487101793289,0.0987631306052208,0.14321579039096832,0.077180877327919,0.1906692236661911,-0.003184995148330927,0.04742976278066635,0.08342254906892776,0.08996118605136871,0.08431582897901535,0.10515367984771729
CEP164,0.0181585680693388,0.03533705323934555,0.029351728036999702,0.01720714569091797,0.040560320019721985,0.03430792689323425,0.05195494368672371,0.019068850204348564,0.06601365655660629,0.04379390925168991,0.05933019146323204,0.0670350044965744,0.05191902443766594,0.043150369077920914,0.09570673108100891
CERS4,-0.023449981585144997,0.04949887469410896,-0.021429963409900665,0.012338542379438877,0.14949357509613037,0.23554131388664246,0.3269939422607422,0.13156695663928986,0.22822684049606323,0.24054601788520813,0.2525705099105835,0.19076257944107056,0.2052808403968811,0.22450393438339233,0.20628273487091064
CFAP54,-0.024878496304154396,0.02803093008697033,-0.016575824469327927,-0.011467714793980122,-0.014270265586674213,-0.0018444882007315755,0.04110397398471832,0.00236925738863647,-0.016468949615955353,-0.004938306286931038,0.021059930324554443,-0.02962176501750946,-0.01667143404483795,-0.0012322982074692845,0.00883287750184536
CFL1,0.18103580176830292,0.21676167845726013,0.12081488966941833,0.15105362236499786,0.3331153988838196,0.3951151669025421,0.2600449025630951,0.1741846799850464,0.22674702107906342,0.31943821907043457,0.2526695430278778,0.2593819499015808,0.2361641228199005,0.2572331130504608,0.22736600041389465
CHDH,0.16811197996139526,0.16529686748981476,0.15177932381629944,0.09522438049316406,0.12114742398262024,0.13312017917633057,0.22319205105304718,0.09836278855800629,0.08605339378118515,0.048365917056798935,0.03575782850384712,0.04533127695322037,0.08889055252075195,0.07833833992481232,0.07193402945995331
CHEK1,0.1330251693725586,0.07861118763685226,0.09390000998973846,0.07157489657402039,0.09322799742221832,0.04726721718907356,0.1325916200876236,0.1258024424314499,0.09554335474967957,0.02217257022857666,0.07151816040277481,0.04624345153570175,0.04079582914710045,0.05450122430920601,0.11929496377706528
CHFR,0.01298563089221716,0.0431944765150547,0.03837858885526657,0.022986160591244698,0.029292576014995575,0.07032880187034607,0.10274124145507812,0.07782358676195145,0.01750025898218155,0.05362684652209282,0.017773250117897987,0.041648298501968384,0.016262482851743698,0.01737312786281109,-0.10961135476827621
CHIT1,0.24651560187339783,0.19680337607860565,0.11637376993894577,0.04489853233098984,0.00593013409525156,0.009712212719023228,-0.013259136117994785,0.020053613930940628,0.20737284421920776,0.05354175716638565,0.0904180258512497,0.14915554225444794,0.19354653358459473,0.21500347554683685,-0.005456852726638317
CHMP1A,0.08985044062137604,0.1342397928237915,0.07527291029691696,0.026870202273130417,0.17719538509845734,0.20799976587295532,0.2419111728668213,0.13257649540901184,0.208649680018425,0.2582870423793793,0.1649068295955658,0.16305211186408997,0.14667049050331116,0.15195025503635406,0.2641349136829376
CHMP2B,0.08833697438240051,0.07133566588163376,0.04592270404100418,0.07178280502557755,0.13010543584823608,0.10312549024820328,0.070305235683918,0.023057058453559875,0.08150730282068253,0.0723656415939331,0.047912780195474625,0.051135409623384476,0.07545571029186249,0.08933307975530624,0.2081022560596466
CHMP6,0.02902483195066452,0.07472283393144608,0.021290795877575874,0.06571134179830551,0.03849327191710472,0.03885467350482941,0.036651354283094406,0.036246899515390396,0.1551351398229599,0.1079038754105568,0.08981895446777344,0.12134406715631485,0.09747086465358734,0.07547200471162796,0.15851077437400818
CHPF,0.18303075432777405,0.18869701027870178,0.28929615020751953,0.22333283722400665,0.08890451490879059,0.08284103870391846,0.17223769426345825,0.06621494144201279,0.1322590708732605,0.17999966442584991,0.16353315114974976,0.19450366497039795,0.17802532017230988,0.1860639452934265,-0.16288074851036072
CKS1B,0.22040966153144836,0.1802276223897934,0.2180505394935608,0.21441805362701416,0.19375625252723694,0.17283552885055542,0.3742690980434418,0.2979849874973297,0.24384944140911102,0.11951859295368195,0.2314184159040451,0.17677384614944458,0.24723966419696808,0.27725306153297424,0.2594417333602905
CLDN22,-0.00880989246070385,-0.013234592042863369,-0.0014976977836340666,-0.0043936059810221195,,,0.0006734594935551286,-0.020483218133449554,0.03971925005316734,,,-0.008155552670359612,0.013940088450908661,-0.016983672976493835,-0.022394370287656784
CLEC2B,0.1631976068019867,0.12732598185539246,0.13439512252807617,0.18289443850517273,0.13759855926036835,0.11539166420698166,0.1891288012266159,0.21093489229679108,0.17167536914348602,0.0960909053683281,0.08003173023462296,0.09915617853403091,0.060346364974975586,0.06052720174193382,0.2532670795917511
CLIC6,0.05493280664086342,0.003544118022546172,-0.02330518513917923,0.040579091757535934,-0.03895891085267067,-0.00251862034201622,0.002991657005622983,0.02752652019262314,0.19339624047279358,0.008755331858992577,0.0762288048863411,0.04818341135978699,0.01975703425705433,0.02775314450263977,-0.0016308221966028214
CLMP,0.07058718055486679,0.09523579478263855,0.12437569350004196,0.1342855989933014,0.04533551633358002,-0.018130144104361534,0.08732164651155472,0.08282805234193802,0.041703060269355774,0.05544515699148178,0.055209845304489136,0.06626780331134796,0.05507716163992882,0.045945655554533005,-0.04713967815041542
CLPB,0.051618099212646484,0.019028309732675552,0.003845970379188657,0.028758127242326736,0.04406316578388214,0.04317290335893631,0.05182279273867607,0.017015215009450912,0.05006914585828781,0.07246696949005127,0.02207377180457115,0.013667995110154152,0.044923000037670135,0.023776987567543983,0.07663780450820923
CLU,0.15809860825538635,0.19993825256824493,-0.05941728875041008,0.004506152123212814,0.22884616255760193,0.2857942581176758,0.2987033724784851,0.13394276797771454,0.04262431338429451,0.05041927099227905,0.026826558634638786,0.034124135971069336,0.008346597664058208,0.026036148890852928,0.07281486690044403
CNOT6,0.21085871756076813,0.15606659650802612,0.19522854685783386,0.12426811456680298,0.07532018423080444,0.0989726334810257,0.17021721601486206,0.06254280358552933,0.2479270100593567,0.20966197550296783,0.21204102039337158,0.17203597724437714,0.1842040866613388,0.15795502066612244,0.44155657291412354
CNR2,0.07344409823417664,0.004338757134974003,-0.013982159085571766,-0.007816696539521217,,,-0.001019732328131795,0.0010758922435343266,0.03221692144870758,0.030528156086802483,-0.013332941569387913,0.0212590042501688,0.019579654559493065,0.004345698747783899,0.020724531263113022
COG7,0.12630073726177216,0.10986398905515671,0.0859413594007492,0.07429798692464828,0.08380070328712463,0.060947008430957794,0.14415070414543152,-0.021140504628419876,0.08594374358654022,0.07283569127321243,0.08948308229446411,0.06590313464403152,0.11551513522863388,0.0931709036231041,0.022735238075256348
COL12A1,0.4930693209171295,0.46104246377944946,0.5922979712486267,0.49878618121147156,0.21371929347515106,0.2132025957107544,0.3589470088481903,0.39217615127563477,0.5326172709465027,0.2540022134780884,0.27256736159324646,0.2674528956413269,0.27029362320899963,0.28964775800704956,0.2389666587114334
COL1A1,0.7356961965560913,0.6557989716529846,0.719898521900177,0.664918839931488,0.3766764998435974,0.3536316454410553,0.5407748818397522,0.597215473651886,0.803087592124939,0.2908681035041809,0.5962813496589661,0.5969392657279968,0.5694729685783386,0.5301276445388794,0.5541630983352661
COL4A1,0.2411855161190033,0.2578646242618561,0.29702824354171753,0.34735748171806335,0.22892773151397705,0.23241551220417023,0.3740704655647278,0.4172811210155487,0.2773824632167816,0.1353694200515747,0.22556722164154053,0.19478556513786316,0.21490263938903809,0.19866792857646942,0.17967484891414642
COL4A2,0.2083405703306198,0.20917780697345734,0.26376599073410034,0.32843318581581116,0.2404220998287201,0.241708904504776,0.3586435616016388,0.35052183270454407,0.27181458473205566,0.20458251237869263,0.19711355865001678,0.20737241208553314,0.15255101025104523,0.17624033987522125,0.30251544713974
COL5A2,0.41909563541412354,0.34883514046669006,0.5059565305709839,0.42999181151390076,0.23100213706493378,0.21360620856285095,0.386033296585083,0.42598915100097656,0.48039546608924866,0.2250431925058365,0.2115974724292755,0.1641712784767151,0.2592877745628357,0.2510503828525543,0.39638328552246094
COL6A3,0.46129709482192993,0.4200448989868164,0.5334033370018005,0.4781612455844879,0.18738022446632385,0.14708766341209412,0.316355437040329,0.30529701709747314,0.4396117329597473,0.07318170368671417,0.14327803254127502,0.19192419946193695,0.2826191484928131,0.2854882776737213,0.4460647702217102
COL8A2,0.23926067352294922,0.1594875007867813,0.3765544891357422,0.26468154788017273,0.12027085572481155,0.0996340736746788,0.1831640899181366,0.17564961314201355,0.2734161615371704,0.17052596807479858,0.15190045535564423,0.12484881281852722,0.13131685554981232,0.1184220090508461,0.08071266859769821
COMP,0.35323628783226013,0.2904842793941498,0.30464982986450195,0.31162166595458984,0.3087781071662903,0.3380245268344879,0.4556124806404114,0.45489344000816345,0.4373524785041809,0.178284153342247,0.20112714171409607,0.1749899834394455,0.1478649526834488,0.12491898238658905,-0.06458786129951477
COPZ1,0.17098145186901093,0.13726100325584412,0.1991729438304901,0.14894241094589233,0.22812949120998383,0.23939387500286102,0.31739580631256104,0.1792411208152771,0.2920320928096771,0.2589666247367859,0.19851136207580566,0.20350390672683716,0.24633440375328064,0.22717678546905518,0.30264022946357727
COX7A1,0.16751998662948608,0.1676655113697052,0.27259019017219543,0.1986522078514099,0.1524834930896759,0.0834493339061737,0.26344597339630127,0.2529432773590088,0.1595464050769806,0.0902557224035263,0.07107646018266678,0.05609986186027527,0.08211535215377808,0.06694032996892929,0.21045294404029846
CPE,0.19836382567882538,0.20110316574573517,0.2577935755252838,0.2725638449192047,0.15291652083396912,0.16808930039405823,0.008201653137803078,0.039033640176057816,0.05028519779443741,0.09285152703523636,0.05892079323530197,0.10867789387702942,0.12565568089485168,0.07383556663990021,0.3220600485801697
CPNE3,0.049179866909980774,0.058021847158670425,0.04723845794796944,0.05669833719730377,0.2617412805557251,0.3278152346611023,0.34307369589805603,0.25360140204429626,0.2069004327058792,0.1620893031358719,0.1327778398990631,0.14753706753253937,0.19908487796783447,0.1722235232591629,0.26366153359413147
CPNE5,0.023664426058530807,0.04430271312594414,0.01907782256603241,0.07868628203868866,0.02259835973381996,0.06439036875963211,0.07775700092315674,0.06940824538469315,0.05767180025577545,0.04137801378965378,0.09754692763090134,0.046113356947898865,0.04289887845516205,0.0660846084356308,0.13012322783470154
CPSF2,0.11816749721765518,0.05485720932483673,0.0459924153983593,0.043212197721004486,0.04300146549940109,0.050247449427843094,0.06348032504320145,0.009273974224925041,0.08741918951272964,0.10515673458576202,0.12608905136585236,0.10867980122566223,0.14093880355358124,0.11030901223421097,0.003970794379711151
CR2,0.09800095111131668,0.09404421597719193,-0.011672423221170902,0.012987188994884491,0.0014772128779441118,,0.006688746623694897,-0.014327405951917171,0.10290142148733139,-0.016631169244647026,0.0231693834066391,-0.010919131338596344,-0.021275293081998825,0.019878685474395752,0.0014151588547974825
CREB1,-0.027153145521879196,0.009568818844854832,-0.006925503723323345,-0.002014684723690152,0.06732765585184097,0.04314446821808815,0.06630870699882507,0.040820490568876266,0.028486771509051323,0.0340401716530323,0.051483359187841415,0.04024568200111389,0.045724280178546906,0.03485950455069542,0.04500461369752884
CSF1,0.14350402355194092,0.17082557082176208,0.23464015126228333,0.2097206711769104,0.05466700717806816,0.033626310527324677,0.09396646171808243,0.05056591331958771,0.1136227697134018,0.05108695104718208,0.03380826860666275,0.055251624435186386,0.08928824961185455,0.0984930694103241,0.23753716051578522
CSMD1,0.05709632486104965,0.05830703675746918,0.022658510133624077,0.021988138556480408,0.030320091173052788,,0.0003680710797198117,0.01784895360469818,-0.03473834693431854,0.02840341255068779,,0.023740587756037712,,,-0.011350506916642189
CSNK1D,0.10134032368659973,0.09479638189077377,0.05846564099192619,0.027781831100583076,0.16315004229545593,0.137185201048851,0.1830328404903412,0.10184075683355331,0.13891813158988953,0.13536575436592102,0.11122072488069534,0.13311409950256348,0.10529465973377228,0.11876290291547775,0.2000308483839035
CTDSP1,0.04591524228453636,0.06446696817874908,0.06269245594739914,0.09063103049993515,0.1437559872865677,0.09122771769762039,0.16396863758563995,0.04910588264465332,0.010998058132827282,0.13453388214111328,0.08636277168989182,0.062028709799051285,0.05156902223825455,0.048055581748485565,0.07998776435852051
CTDSPL,0.047697171568870544,-0.01454013492912054,0.05156202241778374,0.035424698144197464,0.09896524250507355,0.04940495640039444,0.10336347669363022,0.03487582877278328,0.01991426572203636,0.07673106342554092,0.04595007747411728,0.04065246507525444,0.04276250675320625,0.10303667932748795,0.23025599122047424
CTSK,0.394483357667923,0.3562074601650238,0.49033138155937195,0.3875805735588074,0.09857449680566788,0.09745722264051437,0.19550088047981262,0.24904489517211914,0.3993428647518158,0.15790387988090515,0.22463352978229523,0.19060082733631134,0.29093649983406067,0.2693871259689331,0.3645781874656677
CXCL10,0.21552392840385437,0.261981725692749,0.24635782837867737,0.21532665193080902,0.16671298444271088,0.20007985830307007,0.23420467972755432,0.2570149302482605,0.29456737637519836,0.15910027921199799,0.25309616327285767,0.23778311908245087,0.1888507753610611,0.1830468475818634,0.009842527098953724
CXCL14,0.22673407196998596,0.10343694686889648,0.1602047085762024,0.09028790146112442,0.01412991527467966,0.05026252567768097,-0.023723218590021133,0.12350258231163025,0.3877895176410675,0.13667170703411102,0.24495847523212433,0.19465036690235138,0.30518898367881775,0.197548508644104,0.05011498183012009
CXXC5,0.02017904631793499,0.07171139866113663,0.02623620629310608,0.038755666464567184,0.03885611519217491,0.018918810412287712,0.03658589720726013,0.02582627162337303,0.247303768992424,0.17327368259429932,0.23962168395519257,0.21163170039653778,0.2323094755411148,0.22373588383197784,0.04237927496433258
CYFIP1,0.1153671070933342,0.09343113750219345,0.053134627640247345,0.055763937532901764,0.041970912367105484,0.09062392264604568,0.05571283772587776,0.03946230188012123,0.11867862194776535,0.1385425329208374,0.16780973970890045,0.1163337454199791,0.11844422668218613,0.10804615914821625,0.2337864190340042
CYP26B1,0.0562165193259716,0.06318457424640656,0.09041783958673477,0.08318076282739639,0.030481550842523575,-0.0024825360160320997,0.021776918321847916,-0.01154500525444746,0.06604623049497604,-0.004149069078266621,-0.004330833442509174,0.043653372675180435,0.05133369192481041,0.0747324675321579,0.06845559179782867
CYREN,0.055866826325654984,0.04686715826392174,0.06596498191356659,0.04223575070500374,0.10680091381072998,0.1106448546051979,0.23689138889312744,0.08191554993391037,0.0718170553445816,0.08000518381595612,0.11023769527673721,0.12218079715967178,0.11027158796787262,0.12789076566696167,0.12371420860290527
DAB2IP,0.0906824842095375,0.061137158423662186,0.04257297143340111,0.02474353276193142,0.09950453042984009,0.10446999967098236,0.13303841650485992,0.04555397108197212,0.029986556619405746,0.06095660477876663,0.04109962657094002,0.04033602029085159,0.06842445582151413,0.08282219618558884,0.13301317393779755
DCBLD1,0.06409010291099548,0.05426567420363426,0.004177073482424021,-0.009370289742946625,0.08419547975063324,0.06311538815498352,0.006580636370927095,0.03334025293588638,0.026858501136302948,0.03555474802851677,0.03605281189084053,0.04749196022748947,-0.016151640564203262,0.01595846191048622,-0.10062698274850845
DCLK3,0.0251858439296484,,-0.006566092371940613,0.0007816170109435916,0.00620222045108676,0.0074194264598190784,0.005268419161438942,-0.0025119094643741846,-0.00027439891709946096,-0.02220378816127777,-0.02017495036125183,0.002032136544585228,-0.025619113817811012,-0.0009600493358448148,0.022723978385329247
DCN,0.5754376649856567,0.539490818977356,0.6316080093383789,0.569838285446167,0.3074873983860016,0.2525923550128937,0.434052973985672,0.5545725226402283,0.6596131920814514,0.31930455565452576,0.3424418568611145,0.28409674763679504,0.4277850091457367,0.3696855902671814,0.6404855251312256
DCTN6,0.13768260180950165,0.12952764332294464,0.08183268457651138,0.08029620349407196,0.05472515895962715,0.08640831708908081,0.051259346306324005,0.012890036217868328,0.12218798696994781,0.08477769792079926,0.21974244713783264,0.14399893581867218,0.08518332242965698,0.137852743268013,0.25461429357528687
DDT,0.36708778142929077,0.23959673941135406,0.2668198347091675,0.2508953809738159,0.2869967520236969,0.29153522849082947,0.46918952465057373,0.36296984553337097,0.3527278006076813,0.08975285291671753,0.236843079328537,0.22903510928153992,0.2903410494327545,0.2639070749282837,0.0761982798576355
DDX41,0.05147963762283325,0.051637914031744,0.05930940434336662,0.018193181604146957,0.11003739386796951,0.14875099062919617,0.11681067198514938,0.06003861129283905,0.07743548601865768,0.1285402625799179,0.08071394264698029,0.08468278497457504,0.1329851597547531,0.11501163244247437,0.009856851771473885
DDX55,0.03260669857263565,0.020616641268134117,0.02677486464381218,0.048060525208711624,0.08868934214115143,0.08182630687952042,0.12793156504631042,0.058573659509420395,0.017018336802721024,0.048854630440473557,0.06545557081699371,0.06311733275651932,0.05717812851071358,0.0716274082660675,0.20909905433654785
DEPP1,0.21014635264873505,0.2619667947292328,0.3536425828933716,0.24772986769676208,0.11914002150297165,0.13797219097614288,0.14697791635990143,0.1536710262298584,0.21014314889907837,0.2084118276834488,0.12064209580421448,0.10714747756719589,0.18955640494823456,0.12185177952051163,0.12341045588254929
DERL1,0.03969110548496246,0.027371281757950783,0.024868320673704147,-0.0017710431711748242,0.052118975669145584,0.005954518914222717,0.08434394747018814,0.0330071896314621,0.2592325806617737,0.11682577431201935,0.21808548271656036,0.2049289047718048,0.3532279133796692,0.30065637826919556,0.03083662874996662
DERL2,0.08936065435409546,0.0690264105796814,0.06706475466489792,0.06766202300786972,0.04300408065319061,-0.01256519090384245,0.06608714908361435,0.03772445768117905,0.042726971209049225,0.08343662321567535,0.06057814508676529,0.028069384396076202,0.03986193612217903,0.03837613761425018,0.025901444256305695
DESI2,0.1198609322309494,0.03643574193120003,0.022880982607603073,0.008110325783491135,0.009164911694824696,0.07709842175245285,0.023304162546992302,0.00829924177378416,0.024002298712730408,0.04568931832909584,0.08399654924869537,0.059830907732248306,0.11320386826992035,0.06193438544869423,0.15422570705413818
DHX15,0.1971730887889862,0.21439829468727112,0.16070681810379028,0.1469898372888565,0.11342678964138031,0.1434383988380432,0.24659253656864166,0.13551633059978485,0.23058576881885529,0.14736591279506683,0.1908426284790039,0.17312724888324738,0.19839832186698914,0.15432612597942352,0.42003318667411804
DHX34,0.06066101789474487,0.07463986426591873,0.023809820413589478,0.03595787286758423,0.07883919030427933,0.08562362194061279,0.1074955016374588,0.04875647649168968,0.08438094705343246,0.10359743982553482,0.10202531516551971,0.13225559890270233,0.06766922026872635,0.059377364814281464,0.09940102696418762
DHX38,0.156263530254364,0.07631924748420715,0.08053023368120193,0.13249929249286652,0.12583310902118683,0.12219145894050598,0.15833713114261627,0.06602881103754044,0.09282311797142029,0.07953289151191711,0.10135436058044434,0.08095303177833557,0.06291814148426056,0.07356537878513336,0.08857891708612442
DKC1,0.21161048114299774,0.1627967804670334,0.18033437430858612,0.15894697606563568,0.0424719862639904,0.08562221378087997,0.14715445041656494,0.08616990596055984,0.13746602833271027,0.14501841366291046,0.13909870386123657,0.12049117684364319,0.0698026642203331,0.07987707108259201,0.21840938925743103
DLG3,0.12891949713230133,0.11828143149614334,0.09509587287902832,0.09058430045843124,0.15956629812717438,0.19019600749015808,0.37191760540008545,0.15884897112846375,0.218690425157547,0.21173037588596344,0.1901039481163025,0.18135249614715576,0.14759457111358643,0.20678649842739105,0.09317658841609955
DLK1,-0.0027351216413080692,-0.009575358591973782,,0.022173188626766205,0.004080238286405802,0.038981083780527115,0.018088875338435173,0.05467943847179413,-0.03340940922498703,-0.021539948880672455,0.022123266011476517,-0.044595442712306976,0.0020274557173252106,0.019902434200048447,-0.19911187887191772
DNAJC2,0.015408040955662727,0.007992586120963097,-0.001176175894215703,0.009997024200856686,0.07128287106752396,0.07075270265340805,0.06679190695285797,0.04677315056324005,0.02330094389617443,-0.005164614412933588,0.07743775844573975,0.10186361521482468,0.06501487642526627,0.04935640096664429,0.22474680840969086
DNAJC27,0.014405887573957443,0.016376236453652382,0.02207796648144722,0.016440603882074356,0.03645641356706619,0.037647660821676254,0.00595845514908433,0.002646316774189472,-0.02022911049425602,0.021719492971897125,0.03056904673576355,0.03174765035510063,0.037046417593955994,0.009496827609837055,0.0688900351524353
DNASE2B,0.01804995723068714,-0.00043010004446841776,,-0.02198590524494648,-0.0009079650044441223,,0.012246238067746162,-0.002421801444143057,-0.03530880808830261,-0.011531837284564972,-0.0027896822430193424,0.021894747391343117,,,-0.005560404621064663
DPM3,0.20162072777748108,0.09886816889047623,0.09334083646535873,0.1269604116678238,0.2622664272785187,0.3077407479286194,0.4490712583065033,0.33286628127098083,0.16698291897773743,0.09183333069086075,0.1190628856420517,0.11555211246013641,0.0802784264087677,0.1297326683998108,0.14924882352352142
DPP3,0.171781986951828,0.13627272844314575,0.14930377900600433,0.08660348504781723,0.1875298172235489,0.20014657080173492,0.2357538640499115,0.1511203646659851,0.21187210083007812,0.15479516983032227,0.1936623901128769,0.21266576647758484,0.14517644047737122,0.174233540892601,0.20911726355552673
DPP4,0.017123976722359657,0.017384391278028488,0.02998506836593151,0.0052038757130503654,-0.017467966303229332,-0.021776216104626656,0.0005231441464275122,0.005363108590245247,0.06596516817808151,0.021359717473387718,0.0030273892916738987,0.02716430462896824,0.028316617012023926,0.017224948853254318,0.06343158334493637
DPP9,0.019098225980997086,0.04689010977745056,0.048820000141859055,0.06962962448596954,0.11084001511335373,0.07675066590309143,0.10817842185497284,0.08513711392879486,0.029928680509328842,0.056198589503765106,0.05062875896692276,0.08121854811906815,0.028279472142457962,0.037460993975400925,0.10240907967090607
DSP,0.3261556923389435,0.1823141723871231,0.2565581202507019,0.23872850835323334,0.26593759655952454,0.29274997115135193,0.4167758524417877,0.23541201651096344,0.3707234263420105,0.09566813707351685,0.32043060660362244,0.2446361780166626,0.3164280652999878,0.27949219942092896,0.6463021039962769
DUS1L,0.16398940980434418,0.1369084119796753,0.0927644893527031,0.08318737894296646,0.11072301119565964,0.09788261353969574,0.20407405495643616,0.061322297900915146,0.05161602050065994,0.1172914132475853,0.05849763751029968,0.05549260228872299,0.054106101393699646,0.030868008732795715,0.20708084106445312
DUSP12,0.03531337529420853,0.09632086753845215,0.07497160136699677,0.011142557486891747,0.027005787938833237,0.08201773464679718,0.03908196836709976,0.08275572955608368,0.17269621789455414,0.09558029472827911,0.13243168592453003,0.12140752375125885,0.16147105395793915,0.12580788135528564,0.2769901752471924
DUSP16,0.06378649920225143,0.05175540968775749,0.04313753917813301,0.0333687998354435,0.09344100207090378,0.09282044321298599,0.13384059071540833,0.03844604641199112,0.16750946640968323,0.15054552257061005,0.11246858537197113,0.13388751447200775,0.14675372838974,0.11909488588571548,0.22750025987625122
DUSP27,-0.0037167039699852467,,,,-0.015921831130981445,-0.023698342964053154,-0.01938473992049694,-0.0017479368252679706,,,,,,0.002050150418654084,-0.004385656211525202
E2F3,0.09680566191673279,0.04685603454709053,0.022457433864474297,0.0027620289474725723,0.0528213270008564,0.06884362548589706,0.07296055555343628,0.0594286248087883,0.03126072883605957,0.0942964106798172,0.07734370231628418,0.10163821280002594,0.07760485261678696,0.07242880761623383,0.14626792073249817
E2F4,0.2401096373796463,0.2011265754699707,0.2072080373764038,0.1086144745349884,0.06517700850963593,0.05771762132644653,0.07163386791944504,0.07380043715238571,0.0805341973900795,0.06409567594528198,0.023466957733035088,0.02944136969745159,0.0567595548927784,0.025381559506058693,0.20068255066871643
EARS2,0.12873545289039612,0.06673646718263626,0.05122680962085724,0.07958946377038956,0.07319116592407227,0.04058075323700905,0.04666862264275551,0.0038629479240626097,0.08419705927371979,0.08496566116809845,0.051681965589523315,0.07822191715240479,0.0712653249502182,0.050973668694496155,0.18167652189731598
ECHDC2,0.17640715837478638,0.17385774850845337,0.12604941427707672,0.13326475024223328,-0.009352650493383408,-0.011677605099976063,0.010480022989213467,-0.016430266201496124,0.1123635321855545,0.0857633575797081,0.08536715060472488,0.11317475140094757,0.1373143047094345,0.07948237657546997,0.08416655659675598
EDAR,0.01355765387415886,0.04586448892951012,0.03401844948530197,0.05407905578613281,-0.02679288759827614,,-0.0001269890635740012,,,,-0.012625071220099926,,,,-0.019133226945996284
EFEMP1,0.14117705821990967,0.11615236848592758,0.03331374004483223,0.15775716304779053,0.12311124801635742,0.1368027627468109,0.15528959035873413,0.19857697188854218,0.06097394973039627,0.06771135330200195,0.030424781143665314,0.024250172078609467,0.04652943089604378,0.025333834812045097,-0.13761557638645172
EIF2S3,0.2643655836582184,0.17519016563892365,0.1351289302110672,0.1746576577425003,0.08149845898151398,0.07955352216959,0.07881752401590347,0.029570521786808968,0.296745240688324,0.21174578368663788,0.2578426003456116,0.204390749335289,0.28370046615600586,0.24912004172801971,0.008993776515126228
EIF3B,0.236167773604393,0.18451154232025146,0.1785997450351715,0.13415119051933289,0.1840309351682663,0.2132226526737213,0.31855085492134094,0.13309025764465332,0.2266262024641037,0.2922477722167969,0.20408347249031067,0.23028908669948578,0.2038566619157791,0.22581934928894043,0.2465575635433197
EIF3J,0.06364639103412628,0.023688940331339836,0.04352924972772598,0.05360718443989754,0.06985203921794891,0.08730845898389816,0.0744204893708229,0.05952666699886322,0.12567616999149323,0.03779579699039459,0.06609136611223221,0.05760355666279793,0.06708047538995743,0.09785863012075424,0.22320963442325592
ELOA,0.09961814433336258,0.05331367999315262,0.05960701406002045,0.09461897611618042,0.07530762255191803,0.08262612670660019,0.11647645384073257,0.053569622337818146,0.04103216901421547,0.049369458109140396,0.06539671868085861,0.045764852315187454,0.06636267900466919,0.08293858170509338,0.18135692179203033
EMG1,0.07289571315050125,0.040949538350105286,0.09235861152410507,0.07164892554283142,0.055190082639455795,0.07893987745046616,0.1480301022529602,0.07296151667833328,0.11327801644802094,0.016153454780578613,0.026337269693613052,0.07132406532764435,0.08586065471172333,0.10958024114370346,-0.0045498330146074295
EPCAM,0.40313273668289185,0.3620122969150543,0.36450275778770447,0.3568752706050873,0.31400352716445923,0.3848564326763153,0.5594190359115601,0.3912525773048401,0.4540322721004486,0.30078962445259094,0.3100907802581787,0.2745591402053833,0.3507319390773773,0.3047757148742676,0.6658904552459717
EPHB6,0.022117123007774353,0.005099457688629627,-0.024392234161496162,0.03372802212834358,0.03872045874595642,-0.015605298802256584,0.0516800694167614,0.013758216984570026,0.019449857994914055,-0.013584449887275696,0.016120504587888718,0.05142534524202347,0.0017542208079248667,0.017353234812617302,0.055943600833415985
ERBB2,-0.034145548939704895,0.025689883157610893,0.055628202855587006,0.07727429270744324,0.38677093386650085,0.28253117203712463,0.4955821633338928,0.415636271238327,0.4701586961746216,0.46835896372795105,0.4251973628997803,0.42555272579193115,0.3960360586643219,0.395415723323822,0.3469145894050598
ERBB3,0.3060227036476135,0.1868547648191452,0.218814417719841,0.18632736802101135,0.31719714403152466,0.32610732316970825,0.501586377620697,0.3124871253967285,0.4007740020751953,0.36431369185447693,0.36691004037857056,0.3011361360549927,0.3280772864818573,0.26110297441482544,0.5855875611305237
ERGIC1,-0.02272484079003334,-0.016863299533724785,0.023905305191874504,-0.009790749289095402,0.1700129210948944,0.24574699997901917,0.17477495968341827,0.05893128737807274,0.23195300996303558,0.23943114280700684,0.14876529574394226,0.21845684945583344,0.18635979294776917,0.21242567896842957,0.5430886149406433
ESYT1,0.09448184818029404,0.055457811802625656,0.03016170859336853,0.0674237608909607,0.1477358639240265,0.11066204309463501,0.17649172246456146,0.10343924909830093,0.12916797399520874,0.13437333703041077,0.12057913094758987,0.0933961570262909,0.09419061243534088,0.11591937392950058,0.0710064247250557
EVI2A,0.127702996134758,0.15144696831703186,0.15165050327777863,0.1363837569952011,0.07719727605581284,0.09118881821632385,0.1296008676290512,0.16702812910079956,0.12801647186279297,0.02362643927335739,0.05812978744506836,0.04707722365856171,0.046436965465545654,0.06955733895301819,0.18829345703125
EXOSC7,0.1788463592529297,0.15164045989513397,0.12715086340904236,0.13040079176425934,0.18260537087917328,0.22953587770462036,0.2165113091468811,0.14763645827770233,0.07292046397924423,0.10895422846078873,0.11984165012836456,0.13426591455936432,0.09905624389648438,0.10842946916818619,-0.04635386914014816
FAAH,0.006934062112122774,0.011923513375222683,0.014095709659159184,0.022642217576503754,0.18905238807201385,0.14305593073368073,0.2964266240596771,0.10184644907712936,0.13557076454162598,0.1064515933394432,0.06796234846115112,0.09122874587774277,0.06162939965724945,0.08225502818822861,0.3109855055809021
FAAP20,0.15822924673557281,0.09951344132423401,0.17534084618091583,0.052599694579839706,0.07823939621448517,0.07668308168649673,0.14947861433029175,0.11763855069875717,0.1034683808684349,0.09527089446783066,0.09831665456295013,0.1019783467054367,0.08952459692955017,0.11136163026094437,-0.0012995833531022072
FABP4,0.0748014748096466,0.002369239926338196,0.007697980385273695,0.059685979038476944,0.3585132658481598,0.40619605779647827,-0.01529005914926529,0.01915447600185871,0.04722177982330322,-0.005931527819484472,0.03937992453575134,-0.03188465163111687,0.20254284143447876,0.27773112058639526,0.7606284618377686
FAF2,0.05641063302755356,0.0357053317129612,0.04678235575556755,0.016198813915252686,0.05094297230243683,0.08377142250537872,0.10379187017679214,0.046982940286397934,0.15700089931488037,0.10924282670021057,0.13509520888328552,0.11215522140264511,0.10679677873849869,0.15234415233135223,0.00429123779758811
FAM110A,0.04575673118233681,0.05206160992383957,0.03593127429485321,0.04135199263691902,0.13613708317279816,0.11272448301315308,0.12168719619512558,0.12132786214351654,0.16719035804271698,0.16777832806110382,0.19848603010177612,0.1726999431848526,0.12613271176815033,0.1615501493215561,0.1762494444847107
FAM151B,-0.005884938407689333,-0.024288708344101906,-0.02504655346274376,0.03752540796995163,-0.004008997231721878,0.02188732475042343,-0.010924962349236012,0.03437374532222748,0.02726866863667965,0.004113831557333469,0.013069125823676586,0.006734792608767748,-0.0339413546025753,0.003159083891659975,-0.0789092555642128
FAM193B,0.05801151692867279,0.09580225497484207,0.036962639540433884,0.035362325608730316,0.07517548650503159,0.03165504336357117,0.0637483224272728,0.004026585258543491,0.11782632768154144,0.16687002778053284,0.11052410304546356,0.11520135402679443,0.10643499344587326,0.10146890580654144,0.11692922562360764
FAM214B,0.001740745734423399,0.009905061684548855,0.03029698133468628,0.03338395804166794,0.06043492630124092,0.07072396576404572,0.10781235247850418,-0.0007934571476653218,0.02825716696679592,0.050908949226140976,0.03430430591106415,0.044391077011823654,0.011005828157067299,0.044453252106904984,0.038713376969099045
FAM228B,0.04387914016842842,0.0040075406432151794,-0.005723260808736086,-0.0004287057090550661,0.004434141330420971,-0.04809137433767319,0.021917521953582764,0.02050521783530712,0.0191394854336977,0.013673312962055206,0.02192474715411663,0.0072166272439062595,0.03640361875295639,0.008268178440630436,-0.009929480962455273
FAM49A,0.030462373048067093,0.032961200922727585,0.047791577875614166,0.05948886647820473,0.09603015333414078,0.02217712625861168,0.08352690190076828,0.02868775837123394,0.011953715234994888,0.027209045365452766,0.04394365847110748,0.023043647408485413,0.05557207018136978,0.019723450765013695,0.0017918216763064265
FAM71A,0.042118139564991,,,,,,0.03020969033241272,0.025645921006798744,,0.02423282153904438,,,,0.012397365644574165,0.025240493938326836
FBN1,0.3279011845588684,0.29094964265823364,0.4485315680503845,0.35386961698532104,0.21616700291633606,0.20185315608978271,0.2966620624065399,0.3744544982910156,0.37037867307662964,0.23308981955051422,0.18674567341804504,0.19004549086093903,0.2252873033285141,0.18968777358531952,0.4913058280944824
FDCSP,0.118276447057724,0.12354210764169693,-0.0031236817594617605,0.0986633449792862,,,,-0.02271011285483837,0.09060662239789963,,0.014505249448120594,-0.009855691343545914,-0.032456181943416595,-0.01288953423500061,-0.028189580887556076
FHL5,-0.010449392721056938,-0.0006496472051367164,-0.005731462500989437,-0.023235080763697624,0.0002442356781102717,0.00968078151345253,0.006724754814058542,-0.01789489947259426,0.004504229407757521,0.025396957993507385,-0.006699477322399616,-0.014280470088124275,0.0036066658794879913,0.048526469618082047,0.05652749910950661
FLII,0.040919169783592224,-0.003935593646019697,0.031530216336250305,0.046286340802907944,0.07117773592472076,0.09264624118804932,0.17426645755767822,0.09708035737276077,0.08766556531190872,0.14882619678974152,0.12183811515569687,0.08662417531013489,0.15369658172130585,0.1300167739391327,0.022853907197713852
FLT3,0.06522449105978012,0.012156372889876366,0.027246614918112755,-0.0024599875323474407,0.058550406247377396,-0.008029005490243435,0.007537477649748325,0.028200777247548103,0.020146524533629417,0.012285583652555943,0.023678191006183624,0.03847896680235863,-0.011616292409598827,-0.006003899499773979,-0.035298846662044525
FOS,0.31271663308143616,0.3469778597354889,0.40219172835350037,0.3161237835884094,0.36734098196029663,0.31096988916397095,0.24860307574272156,0.3504382073879242,0.057978611439466476,0.06931715458631516,0.02676774002611637,0.027743952348828316,0.07831606268882751,0.14611779153347015,0.28284233808517456
FOSB,0.006028423551470041,0.061760079115629196,0.01625414937734604,-0.004299776162952185,0.18103615939617157,0.15626537799835205,0.05380706116557121,0.11835391819477081,0.012112697586417198,0.04084976017475128,0.009694602340459824,0.013638539239764214,0.07295677810907364,0.06122799962759018,0.18912729620933533
FOXA1,-0.0020508146844804287,0.0032445343676954508,0.0018272290471941233,0.03747457638382912,0.2610895335674286,0.28888633847236633,0.49421265721321106,0.3270185887813568,0.414194256067276,0.14212685823440552,0.3395038843154907,0.329629510641098,0.377944678068161,0.29412776231765747,0.35135799646377563
FOXH1,0.03235789015889168,0.04253922775387764,0.013011462986469269,-0.00940615776926279,0.0168963223695755,0.017503054812550545,0.03239677846431732,0.023106418550014496,0.05924398452043533,0.05352681502699852,0.025719178840517998,0.015062901191413403,0.011490829288959503,-0.00970783457159996,-0.006284569390118122
FRA10AC1,0.031230000779032707,0.004981352016329765,0.0006948795053176582,0.058782294392585754,-0.017531057819724083,0.023623112589120865,0.04553402215242386,0.0195380337536335,0.031158307567238808,0.029092803597450256,0.00857740081846714,0.03697633370757103,0.02907080389559269,0.028358006849884987,0.17387832701206207
FYB1,0.3888014554977417,0.42094701528549194,0.32872387766838074,0.30039918422698975,0.19734205305576324,0.17472180724143982,0.24209721386432648,0.3538875877857208,0.2591586410999298,0.16394071280956268,0.09043274074792862,0.07270433753728867,0.06826305389404297,0.10211174190044403,0.33138930797576904
G6PC3,0.05894867703318596,0.046801529824733734,0.02849491685628891,0.06748069822788239,0.014740269631147385,0.048373714089393616,0.029788313433527946,0.05032087117433548,0.0231434665620327,0.10426367819309235,0.08126960694789886,0.07730963826179504,0.04983209818601608,0.0720825120806694,0.11372623592615128
GABRA5,0.048677537590265274,0.011471020989120007,0.04570895805954933,0.005931479390710592,-0.016105640679597855,,-0.016053732484579086,-0.005457043182104826,,,,,0.017146628350019455,,-0.01330685243010521
GALNT12,0.03284464403986931,0.04936530068516731,-0.01616360805928707,-0.010538921691477299,0.05169975012540817,0.035555604845285416,0.021860647946596146,0.019120734184980392,0.011277873069047928,0.019579315558075905,-0.028853103518486023,0.012685498222708702,0.0005878968513570726,0.0007743251626379788,0.06774157285690308
GALNT6,-0.0038713684771209955,0.025804702192544937,-0.023593924939632416,0.02238314598798752,0.1408262848854065,0.16244105994701385,0.20936457812786102,0.08041048049926758,0.2477826029062271,0.3283098042011261,0.2673073410987854,0.2537527084350586,0.20061041414737701,0.2308085411787033,0.4774676561355591
GATA3,0.019179103896021843,0.022682085633277893,-0.02181229181587696,-0.001439845422282815,0.35865840315818787,0.3666049540042877,0.4325648844242096,0.2876411974430084,0.3390638530254364,0.24430790543556213,0.3076990246772766,0.3015533983707428,0.3111415207386017,0.3065771758556366,0.27012813091278076
GFM1,0.0667484700679779,0.07109090685844421,-0.014313156716525555,0.021709922701120377,0.13563920557498932,0.12001553177833557,0.18543365597724915,0.12046783417463303,0.10690964013338089,0.0778455138206482,0.08806933462619781,0.05907130241394043,0.07439988106489182,0.07537274807691574,0.36606645584106445
GJA1,0.09100091457366943,0.13770762085914612,0.14955423772335052,0.19762025773525238,0.1548616737127304,0.09351974725723267,0.19050954282283783,0.25472480058670044,0.3143995404243469,0.24336035549640656,0.20605623722076416,0.1868194341659546,0.24926452338695526,0.2081073373556137,0.26414668560028076
GLRX5,0.060124751180410385,0.042208071798086166,0.03265399485826492,0.01977560482919216,0.1110217273235321,0.1381387859582901,0.1802338808774948,0.06785725057125092,0.16727221012115479,0.15945760905742645,0.1351563036441803,0.15624091029167175,0.19774079322814941,0.22581055760383606,0.2005375772714615
GLT8D1,0.05372951552271843,0.028810307383537292,0.04517490044236183,0.07706484943628311,0.048408932983875275,0.04755241796374321,0.0015632399590685964,-0.01670021004974842,0.023718006908893585,0.009274981915950775,0.04225596785545349,0.05669381842017174,0.06997025012969971,0.07300608605146408,0.011420613154768944
GMCL1,0.10159845650196075,0.10381671041250229,0.12831515073776245,0.10833246260881424,0.08244059234857559,0.09864646196365356,0.09773437678813934,0.064340740442276,0.057599183171987534,0.06476926058530807,0.05888747051358223,0.07956141978502274,0.07509905844926834,0.035388536751270294,0.2451598048210144
GMFG,0.2943175733089447,0.3057746887207031,0.22211146354675293,0.2695525884628296,0.21756979823112488,0.16854821145534515,0.24053356051445007,0.23727519810199738,0.31352198123931885,0.15488232672214508,0.1544409692287445,0.15976528823375702,0.1815689653158188,0.18031767010688782,0.22899730503559113
GMPS,0.1166326031088829,0.0799204409122467,0.0975225642323494,0.08745533972978592,0.10191991180181503,0.1339075267314911,0.22564196586608887,0.10599491745233536,0.1872575879096985,0.13035185635089874,0.13465431332588196,0.1467275768518448,0.22199194133281708,0.1735784411430359,0.21732404828071594
GNG2,0.05983057990670204,0.1265805959701538,0.023006325587630272,0.09612493962049484,0.0833793357014656,0.07435481995344162,0.07131754606962204,0.09560902416706085,0.11972513794898987,0.06578174233436584,0.051555514335632324,0.07382981479167938,0.050064317882061005,0.05921660363674164,0.20006462931632996
GNPDA1,0.15392951667308807,0.06986770778894424,0.06198360025882721,0.050174739211797714,0.04637680575251579,0.0568028949201107,0.033392805606126785,0.048874177038669586,0.03962326422333717,0.0815681517124176,0.09816648811101913,0.07734876126050949,0.07822652906179428,0.06533504277467728,-0.025048037990927696
GOLGA5,0.010700779967010021,-0.0028406439814716578,-0.019811712205410004,-0.004928422626107931,0.07177626341581345,0.0655503049492836,0.07270468771457672,0.04265308380126953,0.12387643754482269,0.08896604180335999,0.12571226060390472,0.10278112441301346,0.13468916714191437,0.13010822236537933,0.1458999067544937
GOLGA8B,0.1491471230983734,0.2235146015882492,0.15953606367111206,0.11214155703783035,-0.011991958133876324,0.016449136659502983,0.013573684729635715,-0.017381712794303894,0.009864128194749355,0.04700726270675659,0.05740226060152054,0.06083220988512039,0.05993003025650978,0.018309801816940308,0.14138546586036682
GOLT1B,0.05281791836023331,0.04435490071773529,0.0261976458132267,0.01254541426897049,0.04828609153628349,0.02956760860979557,0.01980404555797577,0.021594321355223656,0.03297046571969986,0.08244553208351135,0.06769227981567383,0.0749066174030304,0.1323114037513733,0.1092054545879364,0.07033425569534302
GPN1,0.11583244055509567,0.13712109625339508,0.10699501633644104,0.07800841331481934,0.06858721375465393,0.10005926340818405,0.08451003581285477,0.07698547840118408,0.02640489675104618,0.06444758176803589,0.030433915555477142,0.043686043471097946,0.08018487691879272,0.06150152534246445,0.3333353102207184
GPR137,0.0321207121014595,0.05937231332063675,0.042750053107738495,-0.008490338921546936,0.08941516280174255,0.08091221004724503,0.12737098336219788,0.04847808927297592,0.05821147561073303,0.07576689124107361,0.06971144676208496,0.0863649845123291,0.06534043699502945,0.07878364622592926,-0.1255923956632614
GPR150,-0.001795275486074388,-0.047303326427936554,0.003120152046903968,-0.03424573689699173,0.029947157949209213,,-0.032197289168834686,0.020492104813456535,0.013749005272984505,0.027920760214328766,0.04992513358592987,0.005363420583307743,-0.003556823590770364,-0.003747359849512577,0.03154696151614189
GPR39,-0.021445399150252342,-0.014977986924350262,0.0001543268735986203,0.04377218708395958,0.08185457438230515,0.07743951678276062,0.15825660526752472,0.06144309043884277,0.05682939663529396,0.04976774379611015,0.06050712242722511,0.08651668578386307,0.10682383924722672,0.08568554371595383,-0.039480216801166534
GPX3,0.23829741775989532,0.23195526003837585,0.32046982645988464,0.23625288903713226,0.2634851932525635,0.44782334566116333,0.1071513444185257,0.12046555429697037,0.11451078951358795,0.09980837255716324,0.09926535189151764,0.016564955934882164,0.14336341619491577,0.1315954178571701,0.653687596321106
GRB7,-0.015059699304401875,0.0056825559586286545,0.015011956915259361,0.03911702334880829,0.30316200852394104,0.37238141894340515,0.5037860870361328,0.2940453290939331,0.38206759095191956,0.351509690284729,0.2970838248729706,0.3306986689567566,0.2926168739795685,0.22555950284004211,0.49061816930770874
GREB1,-0.012901127338409424,0.002571519697085023,0.007367829792201519,-0.04115867242217064,0.009843694046139717,-0.007898814044892788,0.052979763597249985,-0.005059882067143917,0.25915828347206116,0.08216333389282227,0.22932222485542297,0.2048741728067398,0.23365174233913422,0.1792519986629486,0.1272549331188202
GRHL2,0.13667866587638855,0.13775022327899933,0.09594767540693283,0.10763770341873169,0.09830491244792938,0.08586432039737701,0.18823698163032532,0.0877704992890358,0.19936829805374146,0.16848093271255493,0.2300119549036026,0.20352688431739807,0.2997044026851654,0.3056795597076416,-0.034950099885463715
GRM8,-0.003340856870636344,0.013996620662510395,-0.01026354543864727,0.023214906454086304,0.02711140550673008,0.055688176304101944,-0.0135569479316473,0.02722206339240074,-0.0342303104698658,0.013781560584902763,-0.028678935021162033,0.030661897733807564,0.005778532009571791,0.013934613205492496,0.0020132740028202534
GSKIP,0.07057762145996094,0.04883931204676628,0.05340459942817688,0.07316625863313675,0.09238414466381073,0.09260885417461395,0.06413459032773972,0.024115487933158875,0.1204226166009903,0.08260110765695572,0.07530167698860168,0.050941817462444305,0.1166628897190094,0.09118033200502396,0.18665233254432678
GTF2H4,-0.028959501534700394,-0.011641301214694977,-0.0051133763045072556,-0.0013742581941187382,-0.017800211906433105,-0.028463738039135933,0.0025266262236982584,0.025954974815249443,0.023708544671535492,-0.011053023859858513,-0.0071231466718018055,-0.008543801493942738,0.03524317592382431,0.02626577392220497,-0.015270214527845383
GTPBP4,0.12835374474525452,0.10069216042757034,0.09173446893692017,0.04719498008489609,0.09083618223667145,0.1284864991903305,0.14961156249046326,0.08924729377031326,0.09219943732023239,0.08839865773916245,0.08201096951961517,0.085354283452034,0.09453391283750534,0.07674279063940048,0.050081685185432434
GTSE1,0.08537888526916504,0.04860705882310867,0.04621221497654915,0.04256991669535637,0.06140666827559471,0.02269417978823185,0.022331329062581062,0.04037011042237282,0.0887656956911087,0.010834396816790104,0.08186259865760803,0.06604284048080444,0.04977339133620262,0.045604970306158066,0.1792752742767334
GZMK,0.27248668670654297,0.3005165755748749,0.10814075917005539,0.07242905348539352,0.13430903851985931,0.0762246698141098,0.10284136235713959,0.11534808576107025,0.29438671469688416,0.061262328177690506,0.15512800216674805,0.1320497840642929,0.21307528018951416,0.19161610305309296,0.22132763266563416
HARS2,0.0619577132165432,0.10060309618711472,0.03634868934750557,0.055893417447805405,0.10244651883840561,0.10538370162248611,0.15880872309207916,0.05737008899450302,0.10446120798587799,0.07744552195072174,0.06814050674438477,0.05290963128209114,0.045916054397821426,0.08095522969961166,0.11488211899995804
HBB,0.026520567014813423,0.04298128932714462,-0.0005726491217501462,-0.0049206893891096115,0.12080681324005127,0.10965230315923691,0.024203740060329437,0.06801583617925644,0.036964427679777145,-0.010552550666034222,-0.0037065669894218445,0.04052731767296791,0.01057130191475153,0.030963372439146042,-0.014402659609913826
HDAC1,0.15812444686889648,0.12873364984989166,0.12270767986774445,0.10102903842926025,0.14209064841270447,0.1498381346464157,0.2242896556854248,0.16616429388523102,0.1320839524269104,0.12976573407649994,0.10607244074344635,0.06698678433895111,0.022319044917821884,0.05874218791723251,0.20122244954109192
HDGF,0.21114987134933472,0.12053755670785904,0.14522428810596466,0.10096601396799088,0.17908424139022827,0.18473860621452332,0.20555856823921204,0.1517379730939865,0.21963180601596832,0.1319640576839447,0.199203759431839,0.18999774754047394,0.273201584815979,0.2701834738254547,0.3148602843284607
HECTD3,0.01376294158399105,0.00947859138250351,-0.0451933778822422,0.043875887989997864,0.05584095045924187,0.04379056394100189,0.04507333040237427,0.03511491045355797,0.021809224039316177,0.01905365101993084,0.03737533092498779,0.05352729558944702,0.03036312386393547,0.011045312508940697,-0.027111679315567017
HEXIM2,0.047776959836483,0.029244551435112953,0.0338837206363678,0.031661257147789,0.016964402049779892,0.01717987097799778,0.03249151632189751,0.010600021108984947,0.04550736024975777,-0.01861284300684929,0.0068997954949736595,0.009372374042868614,0.01708812825381756,0.026893243193626404,-0.022845763713121414
HID1,0.010161050595343113,0.02462734840810299,0.04091758653521538,0.049100473523139954,0.18821187317371368,0.19875043630599976,0.3296084403991699,0.13990570604801178,0.21816912293434143,0.2052668333053589,0.17093682289123535,0.15549716353416443,0.1584521234035492,0.11491388827562332,0.10039679706096649
HIF1A,0.09364178031682968,0.08108837902545929,0.09108787029981613,0.008861461654305458,0.07527820765972137,0.07898075878620148,0.11684684455394745,0.10641159862279892,0.11326774209737778,0.12891347706317902,0.14561377465724945,0.1357479989528656,0.18814820051193237,0.1516660898923874,0.04985940456390381
HM13,0.1397704780101776,0.07538946717977524,0.07661692798137665,0.11517871916294098,0.21183112263679504,0.21280838549137115,0.18397358059883118,0.12878426909446716,0.2390938699245453,0.1598043590784073,0.23082605004310608,0.2136116772890091,0.16602742671966553,0.24087902903556824,0.027039822190999985
HMGA1,0.11607518047094345,0.0654725506901741,0.12325490266084671,0.07407964766025543,0.199266716837883,0.2300795167684555,0.34379759430885315,0.1585005521774292,0.19897447526454926,0.18787845969200134,0.21726173162460327,0.2222764790058136,0.18571673333644867,0.14667420089244843,0.23580887913703918
HMGCR,0.2100840061903,0.11490052938461304,0.1250145435333252,0.11570479720830917,0.09595007449388504,0.09675277769565582,0.17670731246471405,0.10786566883325577,0.23086123168468475,0.18179427087306976,0.1999499648809433,0.17567847669124603,0.27788612246513367,0.20301900804042816,0.24298466742038727
HMOX1,0.1375589817762375,0.161017507314682,0.1897958666086197,0.15871824324131012,0.2228306084871292,0.11294879019260406,0.14115284383296967,0.2504679262638092,0.08949202299118042,0.033790867775678635,0.022827787324786186,0.0477418452501297,0.050878603011369705,0.07098322361707687,0.03817512094974518
HMX3,,,,,,,,0.008579921908676624,,,,,,,-0.005365342833101749
HPCAL1,0.033237092196941376,0.12948761880397797,0.0833076685667038,0.07194774597883224,0.08298444747924805,0.09765733033418655,0.050797607749700546,0.013835328631103039,0.024534136056900024,0.0229184590280056,0.032058387994766235,0.07037528604269028,-0.007555343676358461,0.007924706675112247,0.17572849988937378
HPDL,0.11516785621643066,0.052475765347480774,0.11004193872213364,0.07596062123775482,,,-0.01119810901582241,-0.002854621736332774,0.02014305256307125,0.0007303545135073364,0.03134138509631157,0.001280122552998364,0.058688901364803314,0.018039915710687637,-0.028179990127682686
HPS1,0.1121954694390297,0.03494388237595558,0.08405143022537231,0.06738532334566116,0.045717671513557434,0.024670757353305817,0.03136429563164711,0.010741174221038818,0.01810385286808014,0.07992901653051376,0.056428540498018265,0.043086640536785126,0.017753873020410538,0.04927879199385643,-0.04722968861460686
HSP90AA1,0.10605600476264954,0.0925070196390152,0.07887637615203857,0.23129867017269135,0.2642415165901184,0.24093842506408691,0.21274778246879578,0.12112655490636826,0.14322488009929657,0.10579399019479752,0.19995328783988953,0.24914731085300446,0.201706662774086,0.3056086301803589,0.5351284146308899
HSPA12B,0.02406235784292221,0.05081822723150253,0.048685427755117416,0.03172816336154938,0.005973820574581623,0.04383447766304016,0.05036308988928795,0.04262247309088707,0.04314245656132698,-0.0040396880358457565,-0.0005435328930616379,0.02173982933163643,0.040787383913993835,0.005981538910418749,0.18279501795768738
HSPA14,0.06396812945604324,0.0730239525437355,0.0769541934132576,0.04780742526054382,0.009935400448739529,0.04639262706041336,0.0533260703086853,0.05511420592665672,0.02326376549899578,0.02103491500020027,0.046764738857746124,0.023638026788830757,0.019413067027926445,0.002436275826767087,0.005026362370699644
HSPA1A,0.0989660769701004,0.17773723602294922,0.12130554765462875,0.05533836409449577,0.2726626396179199,0.2811599373817444,0.37430280447006226,0.28441810607910156,0.24207757413387299,0.28760790824890137,0.22903898358345032,0.18813268840312958,0.1899450570344925,0.22140274941921234,0.27945661544799805
HSPA4,0.14037276804447174,0.06121663749217987,0.08430738747119904,0.07338965684175491,0.10166262835264206,0.09252331405878067,0.09713443368673325,0.048261649906635284,0.19935563206672668,0.10618080198764801,0.17194196581840515,0.15373407304286957,0.21095183491706848,0.21330749988555908,0.27450549602508545
HSPA9,0.29253530502319336,0.20091229677200317,0.2211417555809021,0.19165684282779694,0.23166675865650177,0.22602687776088715,0.34071433544158936,0.23194396495819092,0.3164064288139343,0.25217440724372864,0.28366178274154663,0.2580539286136627,0.31005382537841797,0.2968744933605194,0.3132144808769226
HTT,0.13404422998428345,0.09669767320156097,0.1116509661078453,0.026643043383955956,0.10216506570577621,0.08119449764490128,0.17228984832763672,0.08199895918369293,0.11173191666603088,0.07592568546533585,0.08371862769126892,0.1226116344332695,0.06641169637441635,0.117972232401371,0.29072052240371704
ICAM2,0.16743427515029907,0.1492617428302765,0.04455934464931488,0.10772751271724701,0.11517732590436935,0.13730522990226746,0.12886327505111694,0.15699881315231323,0.16083844006061554,0.07999921590089798,0.07278576493263245,0.06096015125513077,0.07183124125003815,0.07422445714473724,0.12624959647655487
ID1,0.1311967968940735,0.10321185737848282,0.023676760494709015,0.0627380982041359,0.04377809911966324,0.08707839250564575,0.06445127725601196,0.11351770907640457,0.14364369213581085,0.04908827319741249,0.07271385192871094,0.03566865995526314,0.09833911806344986,0.10530683398246765,0.09362304955720901
IFI44L,0.07034427672624588,0.12995825707912445,0.08494825661182404,0.06595932692289352,0.02587813138961792,0.019587630406022072,0.1321384310722351,0.22943642735481262,0.01257315929979086,0.09253697842359543,0.08612829446792603,0.08988199383020401,-0.0017385953105986118,0.05687030777335167,0.0623176209628582
IFIT5,0.02445787377655506,0.02064579539000988,0.03658481314778328,0.033970754593610764,-0.03942412510514259,0.04909564182162285,0.03184496611356735,0.055970367044210434,0.0682455375790596,0.028598807752132416,0.0656680315732956,0.03217754513025284,0.06931032240390778,0.07967325299978256,-0.03968355804681778
IFT140,0.1108572855591774,0.10543899983167648,0.104600690305233,0.04693767428398132,0.11434869468212128,0.15168508887290955,0.21245452761650085,0.10276544839143753,0.15504421293735504,0.15748009085655212,0.14248433709144592,0.1276085525751114,0.17902730405330658,0.09675709158182144,0.033314771950244904
IGFBP3,0.18428654968738556,0.17218177020549774,0.2302839607000351,0.26784807443618774,0.14023490250110626,0.164035364985466,0.15406836569309235,0.26523420214653015,0.2470792531967163,0.11982977390289307,0.087483249604702,0.09687092900276184,0.1443900614976883,0.17999590933322906,0.14943161606788635
IGFBP4,0.4834246337413788,0.49737417697906494,0.6239160299301147,0.5110264420509338,0.37268149852752686,0.3547174334526062,0.36088326573371887,0.457103431224823,0.5315304398536682,0.24610291421413422,0.35280758142471313,0.30906134843826294,0.4114401042461395,0.3340853154659271,0.5461598634719849
IGFBP5,0.1929362714290619,0.2756277918815613,0.1786801815032959,0.23006106913089752,0.12537525594234467,0.09099757671356201,0.06399468332529068,0.2722516357898712,0.19240479171276093,0.006430328357964754,0.29470378160476685,0.27453097701072693,0.3115401566028595,0.347481906414032,-0.14962702989578247
IGHA1,0.4611467123031616,0.5369033217430115,0.24017979204654694,0.37632572650909424,0.46182534098625183,0.49624207615852356,0.3565134108066559,0.44387248158454895,0.5801864266395569,0.2942180931568146,0.5554128885269165,0.60189288854599,0.5491302609443665,0.5692554116249084,0.4385789632797241
IGHD,0.008456641808152199,-0.02242576703429222,-0.0025225470308214426,0.046214886009693146,0.037037868052721024,0.03647678717970848,0.04725516960024834,0.073516845703125,0.09445485472679138,0.006539767608046532,0.05995062366127968,0.07124199718236923,0.08810462057590485,0.08604583889245987,0.029913492500782013
IGHG1,0.46450889110565186,0.5288902521133423,0.22279034554958344,0.3911285996437073,0.4872758686542511,0.48542332649230957,0.5274884700775146,0.5716326832771301,0.5085141062736511,0.2846711575984955,0.4518422484397888,0.45049694180488586,0.44956788420677185,0.43640318512916565,0.482160747051239
IGHG3,0.3765632212162018,0.4865933358669281,0.19582979381084442,0.31346386671066284,0.5111665725708008,0.5181366205215454,0.3929525911808014,0.5197550058364868,0.4789583384990692,0.25323233008384705,0.4529036283493042,0.4214826226234436,0.4790901839733124,0.43108776211738586,0.29890918731689453
IGHM,0.4867394268512726,0.5696395635604858,0.29662787914276123,0.3875736892223358,0.31084027886390686,0.4108944535255432,0.31720077991485596,0.4298716187477112,0.5489007830619812,0.3711834251880646,0.41476869583129883,0.42483049631118774,0.46793559193611145,0.44437918066978455,0.1229507327079773
IGKC,0.6251286268234253,0.6435052156448364,0.28732311725616455,0.47267207503318787,0.5891208052635193,0.5723676085472107,0.5456330180168152,0.5949985384941101,0.5736799836158752,0.3658052682876587,0.5496959686279297,0.6125285029411316,0.6111342310905457,0.5875704884529114,0.5000022649765015
IGLC7,0.04221251234412193,0.10980432480573654,0.009723778814077377,0.0006815405795350671,0.13505800068378448,0.13684900104999542,0.04711950942873955,0.004744620528072119,0.16864536702632904,0.0054268306121230125,0.08726762980222702,0.07621254026889801,0.07481022924184799,0.06183937191963196,0.07460899651050568
IGSF1,0.036850858479738235,0.004658794030547142,,-0.01461857184767723,,,,0.006731283850967884,-0.0202838946133852,-0.004302170593291521,-0.017530616372823715,0.030878810212016106,-0.026544446125626564,0.03497367724776268,-0.031427931040525436
IGSF3,0.1357472538948059,0.12770235538482666,0.12642422318458557,0.11108440905809402,0.2010900378227234,0.19553130865097046,0.35950347781181335,0.17256709933280945,0.2292012870311737,0.2132556140422821,0.2174948751926422,0.17753413319587708,0.17934711277484894,0.20605048537254333,0.11420726776123047
IKZF1,0.1869102567434311,0.119195856153965,0.061747051775455475,0.036963846534490585,0.04211067780852318,0.0644102394580841,0.0792938619852066,0.11582154780626297,0.22267529368400574,0.12921814620494843,0.09021943807601929,0.114521823823452,0.11382724344730377,0.09726890176534653,0.2984790802001953
IL15RA,0.16478823125362396,0.1893673539161682,0.19636034965515137,0.20761649310588837,0.1335381120443344,0.12175581604242325,0.0910954400897026,0.11850723624229431,0.1596759408712387,0.10027023404836655,0.09794038534164429,0.11155923455953598,0.05910755693912506,0.04358885437250137,0.0013855360448360443
IL2RG,0.2708628475666046,0.2552033066749573,0.1361754983663559,0.20695029199123383,0.17003589868545532,0.10781870037317276,0.17993617057800293,0.2090151309967041,0.2714024782180786,0.14664869010448456,0.15303820371627808,0.1909925490617752,0.1873502880334854,0.13458748161792755,0.29643362760543823
ILF2,0.37341341376304626,0.30630767345428467,0.2948596477508545,0.28161588311195374,0.1258452981710434,0.22720058262348175,0.3015894293785095,0.22081731259822845,0.3048871159553528,0.22787398099899292,0.25617900490760803,0.2436084747314453,0.3309713900089264,0.29450657963752747,0.3057357668876648
INF2,0.05316692590713501,0.06375647336244583,0.09332600980997086,0.06062101200222969,0.142918199300766,0.10882861167192459,0.2753000557422638,0.08840052783489227,0.10284827649593353,0.1723945587873459,0.17373709380626678,0.14080514013767242,0.14941953122615814,0.14084555208683014,0.25804534554481506
INHBA,0.33856672048568726,0.3249545693397522,0.44102975726127625,0.4162176549434662,0.23451387882232666,0.24724553525447845,0.34139344096183777,0.42222917079925537,0.3957676291465759,0.17820723354816437,0.1524229496717453,0.16171708703041077,0.13401982188224792,0.1405615508556366,-0.04230758547782898
INPPL1,0.1928735375404358,0.16666904091835022,0.14188052713871002,0.09827636927366257,0.14960098266601562,0.11363774538040161,0.19499576091766357,0.08563513308763504,0.0666850283741951,0.1669469177722931,0.12593978643417358,0.12157393246889114,0.16508428752422333,0.13051588833332062,0.19338129460811615
INTS3,0.07021133601665497,0.0699586421251297,0.071790412068367,0.036795977503061295,0.07173708826303482,0.07362149655818939,0.14999955892562866,0.08008784055709839,0.13374106585979462,0.16235165297985077,0.12412133067846298,0.1257082223892212,0.16439317166805267,0.1296916902065277,0.10215246677398682
IPO4,0.15096531808376312,0.12690360844135284,0.027107086032629013,0.08864936232566833,0.13012079894542694,0.0788162350654602,0.13406124711036682,0.05781012028455734,0.19235867261886597,0.0834035873413086,0.15944719314575195,0.16813924908638,0.19008514285087585,0.15969660878181458,0.0833258181810379
IPO9,0.17572276294231415,0.14160074293613434,0.11692719906568527,0.08008698374032974,0.15290866792201996,0.15097999572753906,0.16272233426570892,0.07787641882896423,0.26711004972457886,0.20216795802116394,0.18541757762432098,0.2035006582736969,0.19925782084465027,0.1898329257965088,0.20139268040657043
IPPK,0.08273900300264359,0.09561000764369965,0.06991924345493317,0.054357659071683884,0.049995895475149155,0.06619484722614288,0.1265450417995453,0.03652941808104515,0.10119073837995529,0.10377183556556702,0.0871511697769165,0.0851745530962944,0.10085969418287277,0.0960821807384491,0.12920428812503815
IQGAP2,0.15496914088726044,0.14040641486644745,0.08689460158348083,0.10048717260360718,0.10244033485651016,0.13243411481380463,0.10303707420825958,0.06610606610774994,0.02160811610519886,0.025316275656223297,0.04109587520360947,0.004014916252344847,0.0019802565220743418,0.03524111583828926,-0.17605823278427124
IRAK1,0.07046253979206085,0.06704625487327576,0.08553895354270935,0.026226330548524857,0.1550815850496292,0.13463975489139557,0.17950616776943207,0.09122803062200546,0.05762067437171936,0.06787597388029099,0.06829026341438293,0.05826971307396889,0.06392218172550201,0.11209645867347717,0.08765935897827148
ISG20L2,0.060166310518980026,0.03318304568529129,0.004108599852770567,0.024663807824254036,0.09334225207567215,0.10109460353851318,0.0667748674750328,0.06591574847698212,0.10417406260967255,0.03875655308365822,0.09253594279289246,0.12058141082525253,0.14677853882312775,0.15432390570640564,0.2765912413597107
ITFG2,0.05048185959458351,0.05125531554222107,0.08703550696372986,0.02491040714085102,0.07602386921644211,0.06994340568780899,0.07852564752101898,0.047604966908693314,0.01832810789346695,0.051994435489177704,0.01826302334666252,0.0343768484890461,0.01772177219390869,0.032367076724767685,0.0712907463312149
ITGA1,0.1864604353904724,0.17292790114879608,0.16453169286251068,0.2575584650039673,0.1602233201265335,0.13119468092918396,0.18194538354873657,0.23460210859775543,0.12982669472694397,0.0542525015771389,0.047541938722133636,0.06086979806423187,0.04741921275854111,0.053162120282649994,0.14629390835762024
ITPR2,0.024050729349255562,0.019396329298615456,0.08398447185754776,0.04740479588508606,0.01887626014649868,-0.0011406431440263987,0.026360103860497475,0.02775687910616398,-0.00014548219041898847,0.01542599406093359,-0.014677926898002625,0.05186256021261215,0.047562841325998306,0.06242109090089798,0.23050376772880554
JAK3,0.2841693162918091,0.2997201979160309,0.13543470203876495,0.13548611104488373,0.11570659279823303,0.13213209807872772,0.15092892944812775,0.1536976397037506,0.2750650942325592,0.18743295967578888,0.20280545949935913,0.2279496043920517,0.19649529457092285,0.21149829030036926,0.260623037815094
JCHAIN,0.4230366349220276,0.48587316274642944,0.24122218787670135,0.38254982233047485,0.40850740671157837,0.447168231010437,0.3387094736099243,0.48228633403778076,0.4912826716899872,0.3756363093852997,0.4234696924686432,0.40401503443717957,0.5201112031936646,0.4387343227863312,0.2086302489042282
JMJD4,0.07341590523719788,0.04969468340277672,0.09478888660669327,0.030586006119847298,0.039840079843997955,0.03458080068230629,0.13283483684062958,0.03031798265874386,0.16203047335147858,0.1564689427614212,0.1711476594209671,0.1820874959230423,0.16438671946525574,0.17762304842472076,0.053774140775203705
KCNJ14,0.0027070867363363504,0.018818596377968788,0.01518280990421772,0.015021661296486855,0.0024003314319998026,0.005840794648975134,-0.012226227670907974,0.012443745508790016,-0.008725455962121487,-0.044736962765455246,0.012895839288830757,0.022289888933300972,0.0034623907413333654,0.02421892061829567,-0.05450708791613579
KCNJ6,0.01149581279605627,0.07487168163061142,0.05353796109557152,0.03125566989183426,-0.016186928376555443,-0.02262735739350319,-0.011503725312650204,0.02501845173537731,-0.0031626184936612844,0.004097604192793369,0.01037132740020752,0.03317030891776085,0.05361144244670868,-0.00047645121230743825,0.0002701040357351303
KCNK6,0.09318994730710983,0.09542543441057205,0.073417529463768,0.042510807514190674,0.07646801322698593,0.0781233087182045,0.0364166684448719,0.036278028041124344,-0.005355962086468935,0.029029536992311478,0.04311619699001312,-0.0006882437155582011,-0.00684315524995327,2.6399922717246227e-05,0.04914472997188568
KCTD6,0.006078917998820543,0.028924010694026947,0.018728597089648247,0.03539106622338295,0.08410350978374481,0.16224171221256256,0.12228519469499588,0.09931134432554245,0.011920738033950329,-0.007965028285980225,0.0064772507175803185,0.007654222659766674,0.0765078067779541,0.039229851216077805,0.12810394167900085
KIAA0586,0.04246451333165169,0.015658240765333176,-0.023925824090838432,0.0012282382231205702,0.05599571019411087,0.055322613567113876,-0.010489103384315968,0.020648928359150887,0.017357071861624718,0.041299864649772644,0.032655153423547745,0.029788263142108917,0.05304133519530296,0.045648980885744095,0.028706390410661697
KIAA0825,0.0066872648894786835,0.01351745892316103,0.0020420425571501255,0.02717207372188568,-0.003453932236880064,0.03517553582787514,-0.012894771061837673,0.005656063556671143,-0.00411742739379406,0.006931468844413757,-0.009732513688504696,-0.015443019568920135,0.01496758684515953,-0.009368806146085262,0.029593639075756073
KIAA1143,0.09007766842842102,0.039099447429180145,0.028300506994128227,0.041768621653318405,0.07711827754974365,0.1020071879029274,0.1187940463423729,0.06893213093280792,0.09164194017648697,0.0670073851943016,0.05300302058458328,0.08893032371997833,0.03282073885202408,0.0829322561621666,0.27249377965927124
KIAA1191,0.22443033754825592,0.14984332025051117,0.14137157797813416,0.11319953203201294,0.0758373960852623,0.07186795771121979,0.019592592492699623,0.01063350960612297,0.1020122617483139,0.054134804755449295,0.0799364373087883,0.11146052926778793,0.0922328308224678,0.0629897490143776,0.12956830859184265
KIAA1217,0.08676467835903168,0.02412792295217514,0.1066107526421547,0.13846072554588318,0.1324537843465805,0.16903433203697205,0.1220400333404541,0.09249969571828842,0.06964780390262604,0.11814381182193756,0.052298225462436676,0.06091441959142685,0.0461331270635128,0.11029708385467529,0.02364787459373474
KLHL10,-0.008634853176772594,,-0.004567056428641081,0.0014763005310669541,,-0.024264415726065636,,0.01191604696214199,,0.004235710483044386,,,-5.928547398070805e-05,0.019419755786657333,-0.016582153737545013
KLHL21,0.22894443571567535,0.11728068441152573,0.17000322043895721,0.08743979036808014,0.055850282311439514,0.012431484647095203,0.01899203285574913,0.031142769381403923,0.018890773877501488,0.01659313030540943,0.001611950807273388,0.02746771089732647,0.011853107251226902,0.025940995663404465,0.059163764119148254
KPNA5,0.004344602581113577,0.007389318663626909,0.02364163100719452,0.04496919363737106,-0.00038339229649864137,0.014943065121769905,0.00017267678049392998,0.01591552421450615,-0.030753549188375473,0.04612566530704498,0.011938939802348614,-0.011230891570448875,-0.02893989533185959,-0.0025330274365842342,0.018247483298182487
KRIT1,0.05384986475110054,0.09351789206266403,0.08080381155014038,0.03195684775710106,0.01024358719587326,0.02719678357243538,0.029279634356498718,0.008729568682610989,-0.018248092383146286,0.023037800565361977,0.02126040682196617,0.03922927752137184,0.028622156009078026,0.06776820868253708,0.1685810387134552
KRT17,0.4106903374195099,0.39043867588043213,0.29439499974250793,0.2135516256093979,-0.02070240117609501,-0.031629860401153564,0.05853893607854843,-0.029206208884716034,0.03196882829070091,0.05658420920372009,0.024723924696445465,0.025530492886900902,0.14001639187335968,0.10035751014947891,0.47355329990386963
KRT8,0.46910303831100464,0.30369022488594055,0.3693358898162842,0.32939887046813965,0.40642863512039185,0.4646218419075012,0.607353150844574,0.34403127431869507,0.5946491360664368,0.48833370208740234,0.4353121519088745,0.4047481417655945,0.43898677825927734,0.40859344601631165,0.5092809200286865
L3MBTL3,0.06025583669543266,0.052759356796741486,0.07888124883174896,0.03192891180515289,0.03135968744754791,0.006419498007744551,0.015916157513856888,0.00273633049800992,0.001351525541394949,-0.004880220163613558,0.028825130313634872,0.019417038187384605,-0.0064206854440271854,0.038000427186489105,0.03396454453468323
LARP1,0.04574599117040634,0.02637963555753231,0.09513521194458008,0.012316293083131313,0.10099849104881287,0.05123721435666084,0.059007689356803894,0.04287780076265335,0.1574927121400833,0.15099863708019257,0.1694897711277008,0.144896000623703,0.17872333526611328,0.21261900663375854,0.18669462203979492
LDLRAD1,,,,,0.037107910960912704,0.07149339467287064,0.028926219791173935,0.038509853184223175,0.012093381956219673,0.020498458296060562,-0.024258840829133987,0.021253736689686775,-0.003401627531275153,0.019202817231416702,-0.00042400090023875237
LEP,-0.021234052255749702,-0.016572048887610435,,-0.04546602442860603,0.006379162892699242,0.10944987833499908,-0.009862690232694149,,-0.03962972015142441,,0.017494451254606247,,-0.00793412234634161,0.08430717885494232,0.34460633993148804
LIMS2,0.16357412934303284,0.15689824521541595,0.2381277233362198,0.14477714896202087,0.05819011107087135,0.066309355199337,0.10478363931179047,0.14983896911144257,0.14115139842033386,0.1177033856511116,0.12289687991142273,0.11103267222642899,0.15103673934936523,0.11954386532306671,0.14357814192771912
LRRC46,0.024868754670023918,0.010041341185569763,0.047053012996912,0.019352974370121956,0.0152730792760849,0.0070571270771324635,0.017579210922122,-0.0059581478126347065,0.028245452791452408,0.023442726582288742,0.0627119243144989,0.01827155612409115,0.04785212129354477,0.05485920608043671,0.01669679954648018
LRRC8A,0.20732171833515167,0.14930079877376556,0.11427129060029984,0.11527232080698013,0.07912148535251617,0.0932086706161499,0.07816091924905777,0.05436325445771217,0.06897228211164474,0.11067432165145874,0.08996754884719849,0.07443499565124512,0.12863343954086304,0.08288733661174774,0.12696602940559387
LRTOMT,0.024647396057844162,0.0371219702064991,0.021185090765357018,0.029300877824425697,0.0243914145976305,0.04360169172286987,0.1226007342338562,0.08733531832695007,0.09336654096841812,0.09603013098239899,0.09814473241567612,0.06907722353935242,0.15032139420509338,0.1313219964504242,0.1459517478942871
LSM2,0.25885021686553955,0.14809884130954742,0.20302188396453857,0.22581829130649567,0.17354100942611694,0.18064235150814056,0.22907400131225586,0.13474038243293762,0.2132965326309204,0.1799493283033371,0.18270695209503174,0.2011972963809967,0.23012319207191467,0.23940424621105194,0.20660988986492157
LTF,0.05251285433769226,0.13976754248142242,-0.0238602664321661,0.04071305692195892,0.26098400354385376,0.2179545760154724,0.17834806442260742,0.27153125405311584,0.41851451992988586,0.3424713909626007,0.2323167473077774,0.18344877660274506,0.26659590005874634,0.13933102786540985,0.06365448236465454
LTN1,0.054744403809309006,0.023504702374339104,0.019753992557525635,0.03708180412650108,0.0586453378200531,0.05875631794333458,0.07023176550865173,0.02459871955215931,0.18336394429206848,0.04719403013586998,0.11672619730234146,0.15715789794921875,0.13007235527038574,0.09374593943357468,0.011363926343619823
LYPD8,,-0.0031692208722233772,,,,-0.009078221395611763,-0.005112385377287865,0.019030338153243065,0.005853040609508753,-0.0402727834880352,-0.01650930382311344,0.030736306682229042,0.0045553529635071754,-0.021745601668953896,0.0004973011091351509
LYZ,0.5042787790298462,0.5306533575057983,0.4656023681163788,0.4098939001560211,0.347001850605011,0.2974057197570801,0.27623140811920166,0.2844563126564026,0.5399913787841797,0.2495798021554947,0.30789947509765625,0.29247036576271057,0.31514298915863037,0.31462153792381287,0.3272121548652649
MAGEL2,-0.011196175590157509,-0.003740184009075165,0.03940087929368019,-0.040522102266550064,,-0.024360114708542824,-0.013030579313635826,0.0013208443997427821,0.013129240833222866,0.0015959267038851976,-0.017580930143594742,-0.01591801457107067,0.01422150805592537,0.012637383304536343,-0.010851094499230385
MAP10,-0.00018336999346502125,0.005137705709785223,0.0008820166112855077,0.004205924924463034,0.008115964010357857,-0.019448023289442062,-0.005012585315853357,-0.0153538528829813,-0.005268173757940531,0.03935913369059563,0.027650322765111923,0.0335564948618412,-0.013439029455184937,0.018099656328558922,-0.019375255331397057
MAP1B,0.03130222111940384,0.09252701699733734,0.039735905826091766,0.05343250185251236,0.08344636857509613,0.04875364154577255,0.1781700849533081,0.21602199971675873,0.0215098075568676,-0.03875576704740524,0.03836885094642639,0.06275501102209091,0.0545671172440052,0.0514858141541481,-0.06671591103076935
MAP3K7,0.04520155489444733,0.05653088539838791,0.06136632710695267,-0.006886979099363089,0.12151594460010529,0.10761024802923203,0.12122213840484619,0.07971359044313431,0.10081860423088074,0.11928114295005798,0.09657838940620422,0.06784223765134811,0.07686871290206909,0.06378691643476486,-0.0022510364651679993
MAP7D1,0.07732630521059036,0.033494457602500916,0.0607772134244442,0.10012879222631454,0.064833864569664,0.05690186098217964,0.13671864569187164,0.09116336703300476,0.07537459582090378,0.12982548773288727,0.10737123340368271,0.12711043655872345,0.12205053865909576,0.07657581567764282,0.019849330186843872
MAPK11,-0.0002795326872728765,0.058191169053316116,0.00021634135919157416,0.020744632929563522,0.028420118615031242,0.008186884224414825,0.061163365840911865,0.031901247799396515,0.06044888123869896,0.08862461894750595,0.031187761574983597,0.05498439446091652,0.08834119141101837,0.037189606577157974,0.059551842510700226
MAPK6,0.047263309359550476,0.10757237672805786,0.06499624252319336,0.11625445634126663,0.06498880684375763,0.07482322305440903,0.06584012508392334,-0.01218435075134039,0.1209896132349968,0.07204573601484299,0.08630336821079254,0.07751432061195374,0.07952549308538437,0.08188874274492264,0.19743570685386658
MAPK9,0.07500897347927094,0.01600344106554985,0.061745695769786835,0.08223220705986023,0.09817656874656677,0.10093088448047638,0.11119765788316727,0.05235971510410309,0.14945609867572784,0.0880609005689621,0.13036347925662994,0.13806650042533875,0.12833835184574127,0.13371731340885162,0.08861525356769562
MARVELD2,0.07468938827514648,0.02414226159453392,0.04613644257187843,0.06607973575592041,0.09902823716402054,0.12344850599765778,0.19249817728996277,0.08940469473600388,0.15195639431476593,0.10997539758682251,0.16195616126060486,0.08993926644325256,0.11369666457176208,0.1447550356388092,0.5295966863632202
MBD1,0.2818984091281891,0.2576375901699066,0.19673526287078857,0.17141392827033997,0.018237395212054253,0.009292462840676308,0.00430356664583087,0.024842776358127594,0.05066755786538124,0.09012456983327866,0.07024221122264862,0.034043923020362854,0.04370613768696785,0.02450520172715187,0.015316802076995373
MCCC2,0.11708760261535645,0.12202028185129166,0.11816170811653137,0.0924503281712532,0.15654921531677246,0.16327473521232605,0.31110507249832153,0.12651948630809784,0.2782759666442871,0.13135917484760284,0.24190452694892883,0.19279897212982178,0.23582404851913452,0.17753727734088898,0.4804060757160187
MCM7,0.36868783831596375,0.29122161865234375,0.2896259129047394,0.258524090051651,0.11692644655704498,0.11671379208564758,0.32449617981910706,0.11572680622339249,0.17648470401763916,0.2165377140045166,0.209687739610672,0.18155187368392944,0.20000068843364716,0.23424294590950012,0.40288031101226807
MCOLN1,0.03853483870625496,0.13077278435230255,0.10100317746400833,0.11391375958919525,0.04455605894327164,-4.3859381548827514e-05,0.09966299682855606,0.04450768977403641,0.03262081369757652,0.07965552806854248,0.05915550887584686,0.0706062912940979,0.06752359122037888,0.06569525599479675,-0.05522691458463669
ME3,0.014817453920841217,-0.024299953132867813,0.04016008600592613,-0.0181463360786438,0.054924800992012024,0.031261954456567764,-0.00565710011869669,0.03220418468117714,0.03510414808988571,0.0376870296895504,0.024516558274626732,0.0011067878222092986,0.009085327386856079,-0.012646392919123173,0.027199378237128258
MEAF6,0.185613751411438,0.1399046927690506,0.13550300896167755,0.13569684326648712,0.15084269642829895,0.23979069292545319,0.2684269845485687,0.17761090397834778,0.11581429839134216,0.19829000532627106,0.11000656336545944,0.0870283916592598,0.08246833086013794,0.10641417652368546,0.1647765040397644
MEN1,0.12243970483541489,0.06006535142660141,0.10033982247114182,0.02581857703626156,0.071405790746212,0.06421089172363281,0.06158280745148659,0.031119070947170258,0.09239508211612701,0.08066930621862411,0.0995369404554367,0.06677959859371185,0.06443439424037933,0.09913483262062073,0.02150385081768036
MGA,0.051279690116643906,0.029909642413258553,0.030041607096791267,-0.02261827141046524,0.017651796340942383,0.03136327117681503,0.04432935640215874,-0.025822607800364494,0.037230346351861954,0.12812308967113495,0.0822465717792511,0.0466347374022007,0.018513891845941544,0.0950448289513588,-0.010359172709286213
MIB2,0.03404882177710533,0.05845891684293747,0.013221323490142822,-0.01496469508856535,0.04628794640302658,-0.011030127294361591,-0.02752554789185524,0.006270792800933123,0.04826600104570389,0.06647203117609024,0.05808301642537117,0.015933873131871223,0.041085969656705856,0.006238930858671665,-0.01935872808098793
MICAL3,0.15556874871253967,0.19542835652828217,0.12443125247955322,0.10104036331176758,0.09593741595745087,0.0835658609867096,0.13733772933483124,0.06514840573072433,0.078831247985363,0.07194575667381287,0.0634291023015976,0.07591326534748077,0.018483499065041542,0.07264315336942673,0.10596287250518799
MIER1,0.0034152024891227484,0.010517891496419907,-0.05034489184617996,-0.03891706466674805,-0.015310942195355892,-0.006252427585422993,0.058807212859392166,0.030145233497023582,0.05205949768424034,0.030971547588706017,0.005647717043757439,-0.029382342472672462,-0.0024515707045793533,0.05718208849430084,-0.12469542026519775
MMP1,0.3805161118507385,0.29006436467170715,0.38528743386268616,0.26074761152267456,0.12488167732954025,0.17209216952323914,0.10291486233472824,0.11184344440698624,0.053704388439655304,0.006171759217977524,0.04742828756570816,0.058701034635305405,0.004253611899912357,0.009938803501427174,-0.04301808774471283
MMP10,0.009402633644640446,0.034738633781671524,-0.02973288856446743,-0.01034044474363327,,,0.005829706322401762,-0.0002763614465948194,0.026757212355732918,0.010382657870650291,0.019967369735240936,0.024565285071730614,0.03809075057506561,0.04245159029960632,0.16720642149448395
MMP12,0.1347988098859787,0.18800653517246246,0.11683307588100433,0.09655900299549103,-0.0005043148994445801,0.05158523470163345,0.021926308050751686,0.06369923800230026,0.017756491899490356,-0.006177888717502356,-0.009880928322672844,0.01207339484244585,0.02282651513814926,0.004458112176507711,0.06868644803762436
MMP13,0.06451086699962616,0.04590830206871033,0.14273236691951752,0.0588514618575573,0.06836532056331635,0.047141704708337784,0.10006104409694672,0.11906778067350388,0.030896618962287903,0.02773408219218254,0.047870222479104996,0.01026717945933342,0.01795015297830105,0.05973173677921295,-0.012148814275860786
MMP28,0.03552497178316116,0.005588033702224493,-0.008629295974969864,-0.006747303064912558,0.030180491507053375,0.007275134790688753,0.02461216226220131,-0.005576577037572861,-0.006131662987172604,0.0009333041380159557,-0.012884929776191711,0.03387248516082764,0.03605293855071068,0.012868482619524002,0.04289424419403076
MMP7,0.4528895616531372,0.41235479712486267,0.33868226408958435,0.19090205430984497,-0.012622355483472347,0.029430901631712914,-0.009782305918633938,-0.01859659142792225,0.13339000940322876,0.026981782168149948,0.06224419176578522,0.05196385085582733,0.09739313274621964,0.07410024106502533,0.20151793956756592
MMP9,0.2884189784526825,0.21052931249141693,0.1417185664176941,0.16968132555484772,0.17079293727874756,0.16265062987804413,0.14104105532169342,0.16217875480651855,0.4467056095600128,0.17621394991874695,0.3082067668437958,0.26331818103790283,0.2696146070957184,0.25912928581237793,0.061075590550899506
MPPE1,0.1886119693517685,0.17286498844623566,0.1590842455625534,0.09060125797986984,-0.006079474464058876,0.05332600697875023,0.061651118099689484,0.046080827713012695,0.015865586698055267,0.02217925526201725,0.023959685117006302,0.02667234092950821,0.02885718084871769,0.06176215782761574,0.09078831970691681
MROH1,0.10653765499591827,0.08263181149959564,0.0652463510632515,0.021424327045679092,0.04263990372419357,0.047888100147247314,0.13396820425987244,0.08978936076164246,0.052333224564790726,0.08807661384344101,0.02298933081328869,0.07927081733942032,0.057992879301309586,0.038331132382154465,0.3029264509677887
MSH2,0.18978998064994812,0.10045183449983597,0.192940816283226,0.20188038051128387,0.05135325342416763,0.0811992734670639,0.15948817133903503,0.08189545571804047,0.1278366595506668,0.018711600452661514,0.12186193466186523,0.08262821286916733,0.07970955222845078,0.08103868365287781,0.08968354016542435
MT-ATP6,0.7052107453346252,0.6704060435295105,0.6177608370780945,0.5039076209068298,0.316663920879364,0.4112761318683624,0.3264043927192688,0.42401817440986633,0.5306728482246399,0.4828716814517975,0.40522387623786926,0.4175017476081848,0.5393804907798767,0.4401293992996216,0.278170108795166
MTFR1,0.08540255576372147,0.02386380359530449,0.06878012418746948,0.08281231671571732,0.09816021472215652,0.11316180974245071,0.16221188008785248,0.11558077484369278,0.10777435451745987,0.09029365330934525,0.09522053599357605,0.08721365034580231,0.11599817126989365,0.08520259708166122,0.38457927107810974
MUC15,,-0.013850567862391472,,0.0008782480144873261,0.011134707368910313,0.0005885854479856789,0.008552935905754566,0.02689449116587639,0.00425593089312315,0.023710330948233604,,,,0.008327133022248745,0.006211761385202408
MVB12A,0.03896985575556755,0.03207370266318321,0.0550195574760437,0.06682632863521576,0.0382218062877655,0.029350781813263893,0.14945973455905914,0.06746535003185272,0.05288754776120186,0.08252079784870148,0.09235934913158417,0.1250094175338745,0.11852264404296875,0.06023813411593437,0.22534358501434326
MX2,0.07216794043779373,0.12899401783943176,0.11389031261205673,0.1144062802195549,0.10109859704971313,0.04911015182733536,0.11924576014280319,0.1531786024570465,0.15083037316799164,0.16341668367385864,0.13650262355804443,0.08731252700090408,0.13331663608551025,0.10869065672159195,0.15813632309436798
MYLK,0.16182544827461243,0.15158721804618835,0.19327567517757416,0.1887410581111908,0.07950498163700104,0.09406156837940216,0.2204875648021698,0.2590731978416443,0.05938371270895004,0.10623043030500412,0.07189692556858063,0.06803258508443832,0.12679782509803772,0.10513795912265778,0.19835975766181946
MYO18B,,,-0.006742204073816538,0.005403969436883926,0.023529034107923508,0.009432509541511536,0.017144428566098213,-0.008554081432521343,-0.022569432854652405,0.02337508276104927,0.022954275831580162,0.020731907337903976,0.0005734604201279581,0.02675953134894371,0.008239389397203922
MZT1,0.16483697295188904,0.1199093610048294,0.1268283575773239,0.12478753179311752,0.13143832981586456,0.18369625508785248,0.25542014837265015,0.16375082731246948,0.11012761294841766,0.11458306014537811,0.05113326013088226,0.06281456351280212,0.11898058652877808,0.11666746437549591,0.22770506143569946
NAT14,0.15782663226127625,0.12008039653301239,0.12716008722782135,0.08514963835477829,0.11608414351940155,0.11563722789287567,0.19256135821342468,0.07440496981143951,0.10147351771593094,0.11889361590147018,0.14171946048736572,0.13033056259155273,0.08115104585886002,0.09287793934345245,0.04944466054439545
NCAPD2,0.16434301435947418,0.11872822046279907,0.10697344690561295,0.08929114043712616,0.12308154255151749,0.12161950021982193,0.2508637607097626,0.1354961097240448,0.1385241150856018,0.03521686792373657,0.09567654132843018,0.06865473091602325,0.1268197000026703,0.08291560411453247,0.16748526692390442
NCAPD3,0.09773442894220352,0.09057527035474777,0.13833382725715637,0.03835022449493408,0.019616106525063515,0.004337245598435402,0.07589167356491089,0.018552785739302635,0.14924702048301697,0.15661366283893585,0.13984689116477966,0.12105347961187363,0.0863228365778923,0.09453442692756653,-0.07285206019878387
NCOR1,0.033885788172483444,0.08778033405542374,0.06658481806516647,0.0532115176320076,0.02346860244870186,0.049504052847623825,0.05684857815504074,0.09650116413831711,0.13882099092006683,0.06833545118570328,0.042443979531526566,0.0614813007414341,0.07213101536035538,0.07764913886785507,0.21264366805553436
NDC80,0.14740751683712006,0.11613530665636063,0.08141113072633743,0.09819231927394867,0.018026171252131462,0.047870129346847534,-0.004884577356278896,-0.0064685894176363945,0.02926449477672577,0.03399966284632683,0.019326429814100266,0.024322642013430595,0.02187211997807026,0.0008231010288000107,0.22873163223266602
NDN,0.12938231229782104,0.10786799341440201,0.1289883255958557,0.1582721620798111,0.03708695247769356,0.007241340819746256,0.06807943433523178,0.12378974258899689,0.09521673619747162,0.027317246422171593,0.0345420241355896,0.041484445333480835,0.05145065486431122,0.08326151967048645,0.20324818789958954
NDUFA2,0.2148214727640152,0.11311587691307068,0.22042739391326904,0.18245302140712738,0.1742793470621109,0.25450581312179565,0.3316366374492645,0.2555663585662842,0.3984614610671997,0.1898406445980072,0.2041025459766388,0.20071536302566528,0.3405549228191376,0.3269379436969757,0.2890844941139221
NDUFC2,0.2973429262638092,0.2323579639196396,0.26597487926483154,0.2009274810552597,0.28020885586738586,0.34371137619018555,0.3839884400367737,0.2642979919910431,0.308124303817749,0.19957679510116577,0.24767445027828217,0.2603887617588043,0.3153827488422394,0.2699207067489624,0.09274556487798691
NDUFV3,0.0004227744648233056,0.01046675257384777,0.02984098345041275,0.010056874714791775,0.08710812032222748,0.125404492020607,0.22519104182720184,0.052818238735198975,0.23075257241725922,0.1368590146303177,0.219148188829422,0.18783476948738098,0.3235810697078705,0.32271790504455566,0.11552600562572479
NECTIN2,0.0810525119304657,0.09819386899471283,0.059027381241321564,0.07344119250774384,0.1621854603290558,0.21384409070014954,0.22340640425682068,0.08367951214313507,0.30023249983787537,0.18752773106098175,0.230154350399971,0.20276373624801636,0.19990552961826324,0.25871145725250244,0.40126168727874756
NELFE,0.0840752124786377,0.06623689830303192,0.06628821790218353,0.04488686844706535,0.16403520107269287,0.1769668161869049,0.18979237973690033,0.057721033692359924,0.10271768271923065,0.08801576495170593,0.0849400982260704,0.08148051798343658,0.15064336359500885,0.10777344554662704,0.09089621156454086
NKAIN4,,0.01825779676437378,,,,,0.014063782058656216,0.0018093608086928725,0.0257410891354084,-0.012941878288984299,0.015339668840169907,-0.005309708416461945,,,0.01009613648056984
NME8,0.022760208696126938,0.025042641907930374,0.011844787746667862,0.018035855144262314,0.0005878498195670545,-0.006582816131412983,0.022628072649240494,0.010312671773135662,0.015667088329792023,-0.004828338511288166,-0.012718850746750832,-0.03448102995753288,-0.023493442684412003,-0.0212385430932045,-0.05185447633266449
NOP2,0.1278795450925827,0.09897612780332565,0.07873113453388214,0.07058989256620407,0.05895805358886719,0.03100496716797352,0.14517131447792053,0.0725296214222908,0.05294530838727951,0.09839428216218948,0.10592497885227203,0.06831590086221695,0.1100509762763977,0.09800811111927032,0.20320074260234833
NPY,0.03895663097500801,,,,,,,-0.012036056257784367,-0.002295713173225522,-0.018101006746292114,0.01013830117881298,,,,-0.0019029676914215088
NR1H3,0.20785631239414215,0.1833602637052536,0.20904257893562317,0.1156020313501358,0.13168233633041382,0.11591535061597824,0.09194444119930267,0.08044859021902084,0.1699841171503067,0.07628339529037476,0.16487757861614227,0.14336706697940826,0.1773660033941269,0.1567092090845108,0.06624618172645569
NR2C2,0.10884732753038406,0.08165278285741806,0.03722287341952324,0.030882058665156364,0.04474888741970062,0.01715974137187004,0.0424586683511734,-0.012558074668049812,0.07213068753480911,0.06972523033618927,0.013797464780509472,0.009789357893168926,0.03563983738422394,0.04063233360648155,0.09736066311597824
NRP1,0.11882812529802322,0.12102467566728592,0.20470139384269714,0.21797801554203033,0.10162941366434097,0.08454423397779465,0.1273612529039383,0.18148843944072723,0.11291349679231644,0.08882557600736618,0.0773615911602974,0.03504325821995735,0.06356536597013474,0.0719824731349945,0.23390132188796997
NRP2,0.16717861592769623,0.16769647598266602,0.2841922342777252,0.22595039010047913,0.12698893249034882,0.10916779935359955,0.1683007925748825,0.17264367640018463,0.15293924510478973,0.1264936476945877,0.07066123187541962,0.037870440632104874,0.08304211497306824,0.06681395322084427,0.13145849108695984
NSDHL,-0.010459670796990395,0.02512104995548725,0.03822166845202446,0.006537144538015127,0.09845337271690369,0.10342206060886383,0.21604664623737335,0.10068732500076294,0.1376715898513794,0.07697106897830963,0.09183458238840103,0.11689721792936325,0.12333983927965164,0.10823774337768555,0.15324315428733826
NSMAF,0.11502517759799957,0.12254276126623154,0.07462295144796371,0.038935963064432144,0.06715232133865356,0.017485598102211952,-0.007989911362528801,0.04584463685750961,0.030547602102160454,0.035573188215494156,0.04894818738102913,0.07892056554555893,0.018011854961514473,0.002201650058850646,-0.08313705772161484
NSMCE1,0.2236083298921585,0.12152081727981567,0.15371692180633545,0.17884226143360138,0.1265251785516739,0.10769982635974884,0.17645877599716187,0.05091417208313942,0.17586341500282288,0.17070800065994263,0.12185770273208618,0.1558912694454193,0.14084991812705994,0.19285084307193756,0.12617364525794983
NSUN4,0.017231330275535583,0.014522174373269081,0.023160401731729507,-0.033540260046720505,0.08848435431718826,0.10109104216098785,0.07707960158586502,0.08235016465187073,0.041509367525577545,0.05567992106080055,0.04334798455238342,0.02929825894534588,0.03345910832285881,0.014749405905604362,-0.03531191498041153
NSUN6,0.027669096365571022,0.03381410613656044,-0.008361049927771091,0.05200852081179619,0.04543127119541168,0.01085925567895174,-0.006674560252577066,0.027445774525403976,0.015285204164683819,-0.004392039962112904,0.0015490986406803131,0.009273124858736992,0.033458005636930466,0.025973377749323845,0.07652703672647476
NT5C,0.14222519099712372,0.09711353480815887,0.09262244403362274,0.13069401681423187,0.07264677435159683,0.08010517805814743,0.14147193729877472,0.03644709289073944,0.04479990899562836,0.08199826627969742,0.09547778218984604,0.06675431877374649,0.06068845093250275,0.0706128180027008,0.09922796487808228
NTM,0.11744610965251923,0.1216752752661705,0.18888309597969055,0.17729982733726501,0.03853211924433708,0.06287278234958649,0.15770334005355835,0.13483935594558716,0.11811327934265137,0.014036736451089382,0.03499073162674904,0.07944248616695404,0.039304133504629135,-0.007246822118759155,0.006592347752302885
NUDT5,0.21104168891906738,0.15684913098812103,0.17617614567279816,0.1747172772884369,0.13414160907268524,0.1350184679031372,0.14971378445625305,0.15224196016788483,0.1263766586780548,0.09617651253938675,0.1037999615073204,0.09571265429258347,0.14560632407665253,0.12828129529953003,0.14259549975395203
NUP93,0.23297345638275146,0.17069610953330994,0.12741008400917053,0.09574916213750839,0.10162831097841263,0.08797995001077652,0.09266934543848038,0.04423053190112114,0.12335769832134247,0.1602344810962677,0.11811511963605881,0.11313342303037643,0.07155079394578934,0.06698500365018845,0.1845170259475708
OBSL1,0.19599846005439758,0.16802328824996948,0.14638373255729675,0.10901602357625961,0.1603756844997406,0.13378910720348358,0.2563066780567169,0.1319817304611206,0.16154776513576508,0.1371084600687027,0.12829726934432983,0.10090166330337524,0.1296590268611908,0.06092822179198265,0.037594571709632874
ODF2,0.16281315684318542,0.15838594734668732,0.13424278795719147,0.07240092754364014,0.14844584465026855,0.16428864002227783,0.16646970808506012,0.06484449654817581,0.22752267122268677,0.20245082676410675,0.19479487836360931,0.18471291661262512,0.22189748287200928,0.14322684705257416,-0.027495451271533966
ODF2L,-0.003574773669242859,0.015552964992821217,-0.04144037887454033,-0.014156380668282509,-0.0013009145623072982,0.015582326799631119,-0.028801139444112778,-0.016702312976121902,0.03659900277853012,9.65087310760282e-05,-0.0026597692631185055,0.017796022817492485,-0.030528319999575615,0.012586747296154499,-0.021950077265501022
OLFML2B,0.21912597119808197,0.20332539081573486,0.29408636689186096,0.25083768367767334,0.17072708904743195,0.09721431136131287,0.1646418571472168,0.15353189408779144,0.17097319662570953,0.11430558562278748,0.06974561512470245,0.1193477213382721,0.15506239235401154,0.10174857079982758,0.1272633969783783
OR1L8,0.027606597170233727,,,,,,,,-0.007538422476500273,,,,0.0024270075373351574,,-0.0037987851537764072
OR7D4,,,0.016516953706741333,,,,0.0006555896834470332,,,0.0010036343010142446,,0.03447287529706955,0.011469126679003239,0.015240066684782505,-0.003674393519759178
OSM,0.022850343957543373,-0.01903088390827179,0.024746837094426155,0.029697401449084282,0.145636647939682,0.07785416394472122,0.13285014033317566,0.10613464564085007,0.019370486959815025,0.0016538279596716166,0.0008325167000293732,0.03651127964258194,0.0104115791618824,-0.004707333631813526,0.01206651609390974
OSR1,0.3400111198425293,0.2210334986448288,0.19826745986938477,0.1732858270406723,0.0061762649565935135,-0.012207753956317902,-0.016971342265605927,0.01201839093118906,-0.0018585704965516925,0.004756465554237366,-0.020419863983988762,-0.020338857546448708,0.017485439777374268,-0.019024118781089783,-0.22423209249973297
OTOF,0.013211526907980442,0.04186171293258667,0.008519679307937622,-0.02168370597064495,0.007827755995094776,-0.01130416989326477,-0.020990094169974327,-0.013727294281125069,-0.0224746223539114,0.004690048284828663,-0.005138029344379902,-0.015286725014448166,-0.0024897484108805656,0.0028805015608668327,-0.02121574617922306
OTUB1,0.2156175673007965,0.12945057451725006,0.1291344314813614,0.11994296312332153,0.15555398166179657,0.2031513899564743,0.22131980955600739,0.12742510437965393,0.19523820281028748,0.24171586334705353,0.17795586585998535,0.18121832609176636,0.1699332445859909,0.1804012656211853,0.15545205771923065
OTUB2,-0.013792354613542557,0.0014376837061718106,0.013307183049619198,0.007626387756317854,-0.036448583006858826,-0.022324232384562492,0.0024584222119301558,0.025073152035474777,0.004194876179099083,0.04873930290341377,0.0198129341006279,0.0659336969256401,0.011046496219933033,0.0585213266313076,0.033599529415369034
PALMD,0.053292956203222275,0.04412078484892845,-0.027417534962296486,0.07319755852222443,0.04609877988696098,0.06228264793753624,0.07369118928909302,0.050057049840688705,0.011730319820344448,-0.00035174100776202977,0.04426140710711479,-0.0040578353218734264,0.016757793724536896,0.061574362218379974,0.07914792001247406
PANK3,0.14250048995018005,0.09890174120664597,0.09144194424152374,0.08241508901119232,0.06205729395151138,0.061991386115550995,0.05736232548952103,0.027178486809134483,0.21230921149253845,0.12783296406269073,0.1673005372285843,0.1667662113904953,0.1669134944677353,0.16907942295074463,0.22188800573349
PAPOLA,0.15786252915859222,0.1345026046037674,0.12442993372678757,0.04400012269616127,0.1497483104467392,0.16839922964572906,0.14999479055404663,0.07728941738605499,0.14844661951065063,0.17334391176700592,0.15422847867012024,0.15440496802330017,0.1582530438899994,0.1677141934633255,0.24259302020072937
PARD3,0.12360251694917679,0.06135261431336403,0.06867600232362747,0.09448786824941635,0.09691830724477768,0.08333109319210052,0.10625595599412918,0.11265979707241058,0.03460284695029259,0.02712593413889408,0.023173218593001366,0.032991815358400345,0.01880517788231373,0.027977414429187775,0.30333083868026733
PARD6B,0.11566372960805893,0.06297857314348221,0.07042835652828217,0.09390497952699661,0.07294502854347229,0.036900393664836884,0.11475497484207153,0.030573181807994843,0.13547545671463013,0.02828376367688179,0.11977255344390869,0.09603641927242279,0.12326126545667648,0.0902959555387497,0.14536930620670319
PARM1,0.011379331350326538,0.02310936339199543,-0.004079857841134071,0.030111117288470268,-0.014641903340816498,0.03228389099240303,0.04470942169427872,0.02796291932463646,0.0725925862789154,0.03812260925769806,-0.0002747576218098402,0.05477634444832802,0.00111192197073251,0.04286525398492813,0.07371316850185394
PAXBP1,0.07991795986890793,0.13678789138793945,0.09842882305383682,0.1307719647884369,0.033632490783929825,0.029757525771856308,0.10574071109294891,0.06097368896007538,0.06713957339525223,0.06703545153141022,0.08996906876564026,0.06619016081094742,0.07863262295722961,0.09658506512641907,0.3370691239833832
PBX4,0.022227104753255844,-0.011664293706417084,0.028945665806531906,0.02909894287586212,0.026198022067546844,0.053436025977134705,0.010432520881295204,0.02496803179383278,0.0268988199532032,-0.005480486433953047,0.04176630079746246,-0.024002671241760254,0.01358836516737938,0.014167086221277714,0.059506453573703766
PCM1,0.026861930266022682,0.029511841014027596,-0.021388497203588486,0.02483079768717289,0.01541606429964304,0.04461193457245827,0.003217794932425022,0.017180712893605232,0.07026355713605881,0.03170838952064514,0.11429597437381744,0.11243728548288345,0.17441803216934204,0.12379420548677444,0.09578309953212738
PCYOX1L,0.06660264730453491,0.06091044470667839,0.0002055177465081215,7.884721708251163e-05,-0.0008669288363307714,-0.01956232823431492,0.0023146767634898424,-0.01721853017807007,-0.017162537202239037,0.03069639764726162,0.026462765410542488,0.0570177361369133,0.055175453424453735,0.0412115752696991,-0.03088805079460144
PDCD1LG2,0.08606401085853577,0.05118127539753914,0.12800465524196625,0.11738011986017227,0.0075091044418513775,0.03436778858304024,0.04311322420835495,0.04898454621434212,0.08512315154075623,-0.00833949726074934,0.05396697670221329,-0.00736148189753294,0.003296226728707552,0.018666628748178482,0.034909699112176895
PDCD5,0.3042563498020172,0.22827599942684174,0.2424069046974182,0.2323966920375824,0.12423486262559891,0.18585588037967682,0.22974926233291626,0.20568989217281342,0.24589873850345612,0.11590208858251572,0.18931446969509125,0.1863519549369812,0.2564101815223694,0.26390182971954346,0.08352537453174591
PDIA6,0.14901301264762878,0.09976812452077866,0.10440093278884888,0.07463330030441284,0.15095777809619904,0.22297988831996918,0.12030016630887985,0.07183835655450821,0.25831180810928345,0.1404798924922943,0.18731296062469482,0.17631515860557556,0.14428947865962982,0.17473697662353516,-0.1236664354801178
PDLIM1,0.10402234643697739,0.07674422860145569,0.09191522747278214,0.1311885267496109,0.11579881608486176,0.10832006484270096,0.1893530786037445,0.05816003680229187,0.12756317853927612,0.1260242611169815,0.1538805067539215,0.1780388504266739,0.07175485789775848,0.09418502449989319,0.224765807390213
PECR,0.05307004973292351,0.04383734613656998,0.029684629291296005,-0.00014049798483029008,0.0029013887979090214,0.03660334274172783,0.027855006977915764,0.03656645119190216,0.023366525769233704,-0.002796895569190383,-0.009204428642988205,0.009127451106905937,0.01491321250796318,-0.02455287054181099,-0.049086794257164
PEF1,0.18659576773643494,0.14782460033893585,0.15365608036518097,0.0956353023648262,0.04110182076692581,0.046272773295640945,0.08825547248125076,0.08677323162555695,0.09835032373666763,0.09635663032531738,0.11126547306776047,0.09701595455408096,0.07436683773994446,0.08105334639549255,0.17562803626060486
PENK,0.016826272010803223,,,0.012950073927640915,-0.020228641107678413,-0.033395711332559586,0.024738727137446404,0.016903800889849663,0.016046328470110893,-0.0320986807346344,0.008599630557000637,0.001331543317064643,0.027754507958889008,,0.06823303550481796
PEX2,0.16297216713428497,0.11406934261322021,0.12713083624839783,0.09587623924016953,0.03471698611974716,0.024901803582906723,0.06133987754583359,-0.005978457164019346,0.12495852261781693,0.04631151258945465,0.08230525255203247,0.06779777258634567,0.08375292271375656,0.0871313214302063,0.29886096715927124
PGAM2,0.02531968057155609,-0.005427364259958267,-0.02057534269988537,0.0025488848332315683,-0.002063994761556387,0.028279516845941544,-0.01590072363615036,-0.0021369019523262978,0.029783062636852264,0.019738446921110153,0.027610240504145622,0.009721009060740471,0.012100239284336567,0.021850666031241417,0.01450839452445507
PGM3,0.021772250533103943,0.0382346585392952,-0.0005599489668384194,0.06832634657621384,0.05961625277996063,0.08037971705198288,0.078622967004776,0.0468890443444252,0.1542987823486328,0.10924067348241806,0.12334796786308289,0.10933414101600647,0.15761400759220123,0.17277909815311432,0.2912188470363617
PHGDH,0.3843231201171875,0.24809539318084717,0.29868486523628235,0.2399979829788208,0.009632306173443794,0.016142984852194786,0.10782597213983536,0.000509878620505333,0.2291809767484665,0.20235690474510193,0.16672369837760925,0.187982976436615,0.2252168357372284,0.2063782811164856,0.3756125271320343
PI16,0.024613384157419205,-0.021119579672813416,0.006306258961558342,-0.05359790101647377,0.07600606977939606,0.024211840704083443,0.007771217729896307,,-0.009452336467802525,0.03541570529341698,-0.01807066984474659,0.004803262185305357,0.04736947640776634,0.031676873564720154,0.24733974039554596
PIDD1,0.08056671917438507,0.09196928888559341,0.0691402405500412,0.028485875576734543,0.008757739327847958,0.030558038502931595,0.05832487344741821,0.005243474617600441,0.06886432319879532,0.10656925290822983,0.0948568806052208,0.04752478376030922,0.10308852046728134,0.051126569509506226,-0.04968581721186638
PIGN,0.20412911474704742,0.16443772614002228,0.12683814764022827,0.14125926792621613,-0.028206396847963333,0.019345540553331375,-0.00041861634235829115,0.026470398530364037,0.07774931192398071,0.09835465997457504,0.08072763681411743,0.09274821728467941,0.12855806946754456,0.09726909548044205,0.2846791744232178
PKD1,0.056015800684690475,0.13478562235832214,0.055505719035863876,0.03651101514697075,0.1425054520368576,0.13518017530441284,0.1698835790157318,0.059385303407907486,0.12900499999523163,0.09908435493707657,0.108491450548172,0.12136117368936539,0.06654950976371765,0.0449703149497509,-0.023574065417051315
PKP3,0.19744136929512024,0.15576641261577606,0.13226498663425446,0.10433387756347656,0.1784324049949646,0.1392994225025177,0.2720484137535095,0.1133057102560997,0.3262409567832947,0.2644086182117462,0.24555432796478271,0.2864014804363251,0.29659560322761536,0.2788093090057373,0.47273725271224976
PLCB3,0.03520791232585907,0.0472206212580204,0.0024590936955064535,0.03431880101561546,0.10352647304534912,0.08200761675834656,0.19468000531196594,0.05681999400258064,0.07466515153646469,0.12747743725776672,0.0682072639465332,0.11635557562112808,0.06415094435214996,0.08202773332595825,0.03850798308849335
PLEKHM1,0.01939057931303978,0.004732239525765181,-0.00946015678346157,0.030124099925160408,-0.003901564748957753,0.02560434676706791,0.011540026403963566,-0.011685398407280445,0.047448862344026566,-0.019203349947929382,0.058462873101234436,-0.0075943502597510815,0.048933424055576324,0.011766997165977955,-0.058354392647743225
PLOD3,0.11733711510896683,0.0819031149148941,0.060594331473112106,0.02099115215241909,0.04955020919442177,0.040475986897945404,0.08337809890508652,0.029612073674798012,0.06348045915365219,0.05191631242632866,0.06744614988565445,0.06999538838863373,0.07098237425088882,0.0981784239411354,0.0955687016248703
PLVAP,0.190717414021492,0.16895553469657898,0.15896908938884735,0.26454007625579834,0.16582468152046204,0.19385190308094025,0.21150928735733032,0.2423473298549652,0.13544157147407532,0.12562963366508484,0.15485084056854248,0.08822785317897797,0.15318213403224945,0.16170808672904968,0.11353666335344315
PNMA6E,,0.023504752665758133,,,0.02114352211356163,,0.011582932434976101,0.020160505548119545,,,-0.02428627386689186,,0.04001934826374054,,0.030819347128272057
POLQ,0.08937130868434906,0.06090446934103966,0.013821433298289776,0.006943662650883198,0.031384821981191635,0.010078716091811657,0.08349010348320007,0.05154953524470329,0.03536975383758545,0.022811487317085266,0.02160566672682762,0.041629690676927567,0.06757226586341858,0.0357547253370285,0.1676729917526245
POLR3K,0.16567642986774445,0.12865842878818512,0.14122052490711212,0.15224367380142212,0.1738242506980896,0.16540803015232086,0.3029208481311798,0.23932254314422607,0.19171355664730072,0.14216728508472443,0.12521539628505707,0.1283859759569168,0.08583147823810577,0.1272098273038864,0.2999722361564636
POP4,0.07652408629655838,0.05354097858071327,0.006976812146604061,0.0632164478302002,0.08099082857370377,0.05680598318576813,0.04304858669638634,0.029367893934249878,0.0939532145857811,0.06310644745826721,0.09860290586948395,0.08119504153728485,0.09968852251768112,0.09980425238609314,0.16237181425094604
POP5,0.18160665035247803,0.1347203105688095,0.15666058659553528,0.12333255261182785,0.07802306115627289,0.1529071182012558,0.18694034218788147,0.1602887213230133,0.13220752775669098,0.08743244409561157,0.1421305388212204,0.07955727726221085,0.15944646298885345,0.1528494954109192,0.020091567188501358
PPFIBP1,0.08171673864126205,0.01837056316435337,0.12815897166728973,0.11985159665346146,0.03549977391958237,0.03036847524344921,0.04412790387868881,0.037476036697626114,0.039321597665548325,0.03907857835292816,0.01676865480840206,0.008206410333514214,0.0173262357711792,0.09726036339998245,-0.0498533770442009
PPM1E,0.008158133365213871,-0.007496485486626625,0.012867329642176628,0.04730398580431938,-0.019412152469158173,0.02278832346200943,0.05496538057923317,0.028594981878995895,0.013641159981489182,0.016375726088881493,0.034426815807819366,-0.019964220002293587,-0.00843058992177248,0.04541040584445,0.06862124800682068
PPP1R12A,0.03836620971560478,0.0726933628320694,0.0856754332780838,0.12293185293674469,0.002456244546920061,0.07191993296146393,-0.0027876419480890036,0.009487706236541271,0.03731803223490715,0.04246293753385544,0.019428644329309464,0.005195649340748787,-0.0010976187186315656,-0.02910713478922844,0.07261501252651215
PPP1R14B,0.2625064253807068,0.15314294397830963,0.21366554498672485,0.15887711942195892,0.20892789959907532,0.27099066972732544,0.36266905069351196,0.21946395933628082,0.34717774391174316,0.20794962346553802,0.24605043232440948,0.23095980286598206,0.24395808577537537,0.25071558356285095,0.29904597997665405
PPP1R32,-0.00918065570294857,0.003830468747764826,0.012900127097964287,0.00433076499029994,0.03757071495056152,0.03511340916156769,0.09809224307537079,0.03857541084289551,0.05351021885871887,-0.0009856622200459242,0.02697094716131687,0.041977010667324066,0.005195251200348139,-0.040789201855659485,-0.04151371121406555
PPP1R9B,0.056215591728687286,0.05141780152916908,0.03299104794859886,0.07365978509187698,0.2584710121154785,0.24609063565731049,0.275543212890625,0.07414800673723221,0.013747822493314743,0.13361012935638428,0.06761328876018524,0.0795285627245903,0.08071068674325943,0.04663924127817154,0.06081007421016693
PPP2CA,0.16112080216407776,0.12163667380809784,0.10599463433027267,0.12696482241153717,0.08519292622804642,0.15221871435642242,0.14626213908195496,0.08371874690055847,0.2599736452102661,0.18490897119045258,0.20988599956035614,0.227281391620636,0.23899975419044495,0.2519727647304535,0.32429951429367065
PPP2R3C,0.04377266392111778,0.015208572149276733,-0.032461222261190414,0.04473467171192169,-0.0365307480096817,0.036265864968299866,-0.048630740493535995,0.030937325209379196,0.03311275318264961,-0.01724589429795742,-0.018677664920687675,0.03396109119057655,0.008522972464561462,0.026622503995895386,-0.029354112222790718
PPP6R1,0.0778694599866867,0.11501584947109222,0.0794445276260376,0.07709191739559174,0.09147881716489792,0.1274033486843109,0.22427092492580414,0.09330790489912033,0.10697321593761444,0.11811640858650208,0.09461931884288788,0.09381802380084991,0.03605479747056961,0.0742826908826828,0.21535742282867432
PRAMEF8,-0.006913562770932913,-0.0013960229698568583,0.011934067122638226,-0.02089015766978264,,,,,,,,,0.023417290300130844,,-0.021536409854888916
PRELP,0.07325983792543411,0.05720461905002594,0.06639496237039566,0.028386972844600677,0.10428712517023087,0.10548610240221024,0.16384780406951904,0.23443083465099335,0.10667619854211807,0.1510562002658844,0.10184075683355331,0.10476122051477432,0.19164761900901794,0.16774089634418488,-0.1369294822216034
PRKAR1A,-0.005991066340357065,-0.0014270177343860269,0.025150885805487633,0.01565753109753132,0.27721697092056274,0.31734636425971985,0.35515913367271423,0.24472808837890625,0.1247628703713417,0.24148963391780853,0.10984080284833908,0.13248851895332336,0.08659198135137558,0.1393318474292755,0.21874158084392548
PRND,-0.02808428928256035,0.011797018349170685,0.013299846090376377,-0.013667193241417408,0.05911095812916756,0.012409512884914875,0.06866965442895889,0.06308398395776749,0.028086328878998756,0.030419055372476578,0.009305836632847786,0.02436385117471218,0.0027775843627750874,0.01589852385222912,-0.021379288285970688
PRPF19,0.08403149247169495,0.057522501796483994,0.041468244045972824,0.06023988500237465,0.18464457988739014,0.18142883479595184,0.2700584828853607,0.10888724774122238,0.19568365812301636,0.33701616525650024,0.22748330235481262,0.1954895555973053,0.12815611064434052,0.17166373133659363,0.1840851902961731
PRR15L,0.2112395167350769,0.13798195123672485,0.1431460976600647,0.12401533871889114,0.06785554438829422,0.07168415933847427,0.1448468714952469,0.06452356278896332,0.1789584457874298,0.11372651904821396,0.1061926782131195,0.08402673155069351,0.12802118062973022,0.08520765602588654,0.47038424015045166
PRUNE2,0.012021035887300968,0.0380374900996685,0.06278907507658005,0.0026305876672267914,0.00953251589089632,0.02768353559076786,0.021147074177861214,0.013087841682136059,0.017547473311424255,0.025681767612695694,-0.008289970457553864,-0.00963564496487379,0.04245549067854881,0.021379249170422554,0.028382427990436554
PSMA3,0.20621922612190247,0.09840258210897446,0.10363058745861053,0.18170128762722015,0.12225513905286789,0.1247936263680458,0.24160902202129364,0.09848605841398239,0.2413579225540161,0.14284978806972504,0.19861933588981628,0.16808462142944336,0.22074690461158752,0.18969853222370148,0.16291245818138123
PSMA7,0.16241490840911865,0.08927930146455765,0.18158991634845734,0.15378428995609283,0.24979354441165924,0.34038054943084717,0.23724107444286346,0.21536049246788025,0.15438629686832428,0.014550058171153069,0.14953619241714478,0.1474149525165558,0.1798517256975174,0.13952477276325226,0.10883329808712006
PSMB2,0.270390123128891,0.20554223656654358,0.25078991055488586,0.21097899973392487,0.14348164200782776,0.15372855961322784,0.14141258597373962,0.09639503061771393,0.23635123670101166,0.1113496869802475,0.19086477160453796,0.17834611237049103,0.1644357293844223,0.1831931322813034,0.20603570342063904
PSMB5,0.30315107107162476,0.20383702218532562,0.2685225307941437,0.21410655975341797,0.21138642728328705,0.26903778314590454,0.31158915162086487,0.2418261021375656,0.36017313599586487,0.24276632070541382,0.2394050806760788,0.25411906838417053,0.3078090250492096,0.2858218252658844,0.18721699714660645
PSMB9,0.17412273585796356,0.246482715010643,0.2882423400878906,0.20324157178401947,0.12310396134853363,0.18108214437961578,0.1758582890033722,0.2423732429742813,0.2490130364894867,0.20038366317749023,0.1896822303533554,0.17712579667568207,0.16426067054271698,0.20983484387397766,0.112708181142807
PSMD1,0.03759867697954178,0.06709820032119751,0.030849384143948555,0.07714810967445374,0.09691956639289856,0.19483990967273712,0.1337226778268814,0.07079754769802094,0.14625555276870728,0.1117970198392868,0.1137421727180481,0.13731791079044342,0.12394741177558899,0.15250509977340698,0.09268373996019363
PSMD3,0.06911275535821915,0.10124337673187256,0.01184168178588152,0.07437058538198471,0.4673348367214203,0.44223645329475403,0.5411112308502197,0.40274083614349365,0.497452050447464,0.34417054057121277,0.38767895102500916,0.3975006639957428,0.40876322984695435,0.4043431282043457,0.04312049597501755
PSME2,0.2342190146446228,0.20475512742996216,0.19930708408355713,0.1963355839252472,0.21288512647151947,0.32166916131973267,0.33722350001335144,0.229521244764328,0.3057880699634552,0.2325925976037979,0.2586703300476074,0.2880506217479706,0.2680153250694275,0.29015979170799255,-0.005178997293114662
PSME4,0.0780511125922203,0.09896819293498993,0.10156860202550888,0.03608720377087593,0.14047957956790924,0.21729491651058197,0.2266848087310791,0.13683514297008514,0.14960695803165436,0.12066909670829773,0.15502773225307465,0.14034318923950195,0.141871839761734,0.12085448205471039,0.23197056353092194
PSPC1,0.1983763873577118,0.1667833775281906,0.1778951734304428,0.16625206172466278,0.08424729853868484,0.11626405268907547,0.11187820881605148,0.056752800941467285,0.1436728984117508,0.12744855880737305,0.18737348914146423,0.19559477269649506,0.2429308444261551,0.1751348227262497,0.11029452085494995
PTCH1,0.0676487609744072,0.02383214235305786,0.03998022899031639,0.008233346976339817,0.044379521161317825,0.017309468239545822,0.08655700832605362,0.046599481254816055,0.01649845391511917,0.03444554656744003,0.027182012796401978,0.004482283256947994,0.028934961184859276,-0.008868013508617878,-0.004418805241584778
PTCRA,0.005688472650945187,0.013651864603161812,-0.013044790364801884,-0.002832571743056178,0.021050358191132545,0.023417873308062553,0.0013420192990452051,0.014266387559473515,0.023958344012498856,-0.017814023420214653,0.031944774091243744,-0.0008129621855914593,-0.010881650261580944,-0.030809435993433,0.02184794843196869
PTGDS,0.32866033911705017,0.35493484139442444,0.11252521723508835,0.10480460524559021,0.011546841822564602,0.045848336070775986,-0.03045770898461342,0.008140469901263714,0.4915909171104431,0.1810649037361145,0.298631876707077,0.28654149174690247,0.24751226603984833,0.20433925092220306,0.30286458134651184
PTPRC,0.3459326922893524,0.39535465836524963,0.23493371903896332,0.2675601541996002,0.1882641762495041,0.15246199071407318,0.20042897760868073,0.24430127441883087,0.36322394013404846,0.146160289645195,0.17985230684280396,0.17080307006835938,0.19289527833461761,0.15823647379875183,0.2890986204147339
PTX4,,0.025971272960305214,,,,,,,0.015339395962655544,,,,-0.022379081696271896,,0.007722595706582069
PUS7,0.14049942791461945,0.12142699211835861,0.06260932236909866,0.0861104428768158,0.08472371846437454,0.07403423637151718,0.1360418200492859,0.039553504437208176,0.0849318876862526,0.053050730377435684,0.09314102679491043,0.11683927476406097,0.10191281884908676,0.07313290238380432,0.14576932787895203
PYCARD,0.11122295260429382,0.11384520679712296,0.11972218751907349,0.12677985429763794,0.1421164870262146,0.1704551726579666,0.23809172213077545,0.20144273340702057,0.2709137499332428,0.16740120947360992,0.194674551486969,0.26486191153526306,0.28201618790626526,0.2749364376068115,-0.010643678717315197
RAB11FIP3,0.18650920689105988,0.15354479849338531,0.15224838256835938,0.0690106600522995,0.14507406949996948,0.1251012086868286,0.24568547308444977,0.04683277755975723,0.09545799344778061,0.15677011013031006,0.11110448837280273,0.06488338857889175,0.061431609094142914,0.09348925203084946,0.16434383392333984
RAB1B,0.02161463163793087,0.007803450804203749,0.03575003892183304,0.013253768905997276,0.2806430160999298,0.2768585979938507,0.2918861210346222,0.11521004140377045,0.18094158172607422,0.23737147450447083,0.19885678589344025,0.21423518657684326,0.20863769948482513,0.23932041227817535,0.354309618473053
RAD21,0.3126218318939209,0.27039432525634766,0.16566987335681915,0.1833173930644989,0.21158882975578308,0.23951730132102966,0.31263458728790283,0.19897638261318207,0.4037581980228424,0.13322189450263977,0.3240709900856018,0.325503945350647,0.3787343204021454,0.3461293578147888,0.2833448648452759
RAE1,0.17083169519901276,0.13201160728931427,0.14003373682498932,0.08905605971813202,0.13173086941242218,0.18565137684345245,0.2953900694847107,0.15402953326702118,0.13984934985637665,0.12657557427883148,0.11335748434066772,0.11398430168628693,0.1411137729883194,0.10562203079462051,0.316353440284729
RASAL2,0.06872954219579697,0.045956023037433624,0.010023484006524086,0.022601397708058357,-0.002070231596007943,-0.02527005784213543,0.010164648294448853,-0.0007993830949999392,0.044883761554956436,0.01598237454891205,0.01576264202594757,0.02779505029320717,0.016887377947568893,0.01796947978436947,0.08316808193922043
RBM28,0.05519070476293564,0.06024790555238724,-0.008602768182754517,0.05076580122113228,0.033164363354444504,0.05974316969513893,0.10744619369506836,0.0792265385389328,0.03099164366722107,0.017980268225073814,0.03612229973077774,0.06607237458229065,0.021618567407131195,0.07116392254829407,0.1146945133805275
RCOR2,0.10221703350543976,0.08905278891324997,0.07762621343135834,0.050102993845939636,-0.009613116271793842,0.0036905771121382713,0.0012677226914092898,-0.010101749561727047,0.038206249475479126,0.037644341588020325,0.04784161597490311,0.041458435356616974,0.037650492042303085,-0.002927161520346999,0.020620638504624367
RDH11,-0.0045723142102360725,0.04382794722914696,0.007904252968728542,0.005387439858168364,0.01374002918601036,0.019620683044195175,0.0322246290743351,0.021198635920882225,0.08829877525568008,0.01864560879766941,0.06366879492998123,0.06672930717468262,0.09674874693155289,0.07138356566429138,0.14647752046585083
REXO4,0.1716218888759613,0.09286750853061676,0.11281751841306686,0.0788189023733139,0.08572912961244583,0.05151652544736862,0.1479337364435196,0.07037598639726639,0.09022081643342972,0.08192689716815948,0.06282144784927368,0.08697681128978729,0.014975826255977154,0.10402961075305939,0.036083731800317764
RGS2,0.24265877902507782,0.16152484714984894,0.31389111280441284,0.27093756198883057,0.18624772131443024,0.1496269702911377,0.1902947574853897,0.24955038726329803,0.013179309666156769,0.06178205832839012,0.043335698544979095,0.08053433895111084,0.05506604537367821,0.02504948526620865,0.08770199120044708
RGS5,0.17462067306041718,0.21487757563591003,0.16127736866474152,0.2145613431930542,0.22022081911563873,0.19526194036006927,0.2079886794090271,0.31177905201911926,0.17680996656417847,0.16367392241954803,0.14195461571216583,0.08807967603206635,0.13806025683879852,0.11763247847557068,0.04433988034725189
RHOH,0.049962036311626434,0.044863149523735046,0.022676166146993637,0.04430430009961128,0.11375293135643005,0.14690373837947845,0.07534268498420715,0.0426313579082489,0.20817698538303375,0.05863817781209946,0.13176946341991425,0.1268322467803955,0.08543892204761505,0.09519871324300766,-0.12457428872585297
RIPK2,0.023292405530810356,0.06888938695192337,0.03812642768025398,0.0240696482360363,0.06455020606517792,0.06908456236124039,0.11913251131772995,0.055448416620492935,-0.00964616984128952,0.046645890921354294,0.042313430458307266,0.026247333735227585,-0.005352197680622339,0.035928357392549515,0.16154266893863678
RLN1,-0.00617146585136652,0.005906128790229559,-0.02223316952586174,0.035442184656858444,-0.06143690273165703,,0.0024818340316414833,0.0017511193873360753,0.006720167119055986,-0.013961976394057274,,,-0.01835811138153076,0.00229922728613019,-0.015084359794855118
RMDN2,0.02195987105369568,-0.008511964231729507,0.014797864481806755,0.02942916750907898,0.010215611197054386,-0.003578011179342866,-0.020728128030896187,0.012292749248445034,-0.006887256167829037,-0.03384349122643471,-0.022863127291202545,-0.0014214803231880069,0.018411755561828613,0.004576073028147221,0.0034570014104247093
RNASEH2C,0.06749468296766281,0.048126257956027985,0.06196289882063866,0.06008032336831093,0.116274394094944,0.17584672570228577,0.2035631686449051,0.11902886629104614,0.11390551924705505,0.0650395005941391,0.06595082581043243,0.07597687095403671,0.07268498092889786,0.11862820386886597,-0.025945018976926804
RNF4,0.08251077681779861,0.08105060458183289,0.03907376155257225,0.04496801272034645,0.13269415497779846,0.11690543591976166,0.12030886858701706,0.058325666934251785,0.10117481648921967,0.09561142325401306,0.14547935128211975,0.11382199078798294,0.09355437010526657,0.10279005020856857,0.2302778661251068
ROBO3,0.07087457180023193,0.07451867312192917,0.08124855905771255,0.08788079023361206,-0.044136807322502136,0.005590962246060371,0.04563048109412193,0.021980106830596924,-0.012938806787133217,0.003950013313442469,-0.014684990979731083,0.004857673775404692,0.04486199468374252,-0.003979895263910294,-0.01310764066874981
ROCK1,0.0686415433883667,0.10789652913808823,0.08662544190883636,0.12457140535116196,0.002560271183028817,0.029564201831817627,0.10188291221857071,0.05224885419011116,-0.03466958552598953,0.049097269773483276,-0.023060375824570656,-0.0009918342111632228,-0.04701467603445053,0.02828007936477661,0.15544083714485168
RPA3,0.14029395580291748,0.07309304177761078,0.12363112717866898,0.07855211943387985,0.1490985006093979,0.1957588791847229,0.340736985206604,0.25293129682540894,0.2578912079334259,0.03968270868062973,0.18418081104755402,0.17166449129581451,0.19693338871002197,0.1727048009634018,0.16778013110160828
RPE,0.05940748751163483,0.059057578444480896,0.04262823611497879,0.05701582878828049,0.042831968516111374,0.004020097199827433,0.09232552349567413,0.04483681544661522,0.047587282955646515,0.09079108387231827,0.09127883613109589,0.04646819084882736,0.05532804876565933,0.09998929500579834,-0.07360263913869858
RRP1B,0.1423652172088623,0.08667324483394623,0.07496142387390137,0.06884340941905975,0.08657603710889816,0.0752071887254715,0.09665122628211975,0.04707415774464607,0.08897127211093903,0.05424916371703148,0.11253149807453156,0.06213507428765297,0.09739081561565399,0.10034196078777313,0.20573383569717407
RSPO4,0.0010582560207694769,,0.015878237783908844,0.005772274918854237,0.027711186558008194,-0.01702304184436798,,-0.006604333873838186,-0.02466907538473606,0.019308431074023247,-0.007506214082241058,0.01142153237015009,0.019046954810619354,-0.012764260172843933,-0.021335773169994354
RUNDC3B,0.027110999450087547,0.01887371577322483,-0.004013995639979839,0.019095899537205696,0.012463659979403019,0.0014584889868274331,-0.008094497956335545,0.015207469463348389,-0.03684050589799881,0.022286541759967804,-0.008567017503082752,0.004298347048461437,-0.015283648855984211,0.02706712670624256,0.0658186823129654
S100A8,0.07323026657104492,0.06852022558450699,-0.007065620273351669,0.023661432787775993,0.4748806953430176,0.395849347114563,0.4928935170173645,0.5512807965278625,0.07866758853197098,0.11483591049909592,0.05428101122379303,0.12261597812175751,0.12117700278759003,0.11117540299892426,-0.02725781500339508
S1PR2,0.01306104101240635,-0.005659183952957392,0.05648799240589142,0.017403939738869667,0.01788647472858429,0.03204857558012009,0.04751474782824516,0.06909643858671188,-0.013688999228179455,0.08445694297552109,0.03777097538113594,0.06632374227046967,0.03611849620938301,0.04133399575948715,-0.0026648426428437233
SAFB2,0.053328558802604675,0.06935814768075943,0.06608899682760239,0.01738402619957924,0.04906149208545685,0.014231185428798199,0.12323121726512909,0.0638379454612732,0.10963884741067886,0.09600628912448883,0.09493091702461243,0.11220408976078033,0.09247022867202759,0.08648020029067993,0.10259803384542465
SAMHD1,0.3563460111618042,0.3326668441295624,0.31693777441978455,0.2571100890636444,0.22883382439613342,0.19601556658744812,0.20937837660312653,0.23033203184604645,0.11726124584674835,0.18933358788490295,0.09866268932819366,0.09767891466617584,0.012753807939589024,0.05280512198805809,0.16057352721691132
SAR1B,0.017410483211278915,0.014779467135667801,0.03760865703225136,0.014492042362689972,0.07941634207963943,0.07719406485557556,0.12075819820165634,0.08438301086425781,0.1554388701915741,0.029602956026792526,0.1180543452501297,0.12605492770671844,0.19102518260478973,0.1469496786594391,0.2286018580198288
SCGB1D2,-0.010483854450285435,0.01879040151834488,,0.03440575674176216,0.004895958583801985,-0.01145778875797987,0.0011027626460418105,-0.01632743701338768,0.39500027894973755,0.017089465633034706,0.20010526478290558,0.23621045053005219,0.27780410647392273,0.278041273355484,0.12788572907447815
SCGB3A2,0.0021573093254119158,-0.03074035421013832,-0.025868864730000496,,0.008495948277413845,0.027757810428738594,-0.01073131337761879,0.017009461298584938,-0.03463231399655342,-0.047928135842084885,0.014289490878582,0.003219455713406205,-0.03285965695977211,0.00208871066570282,-0.01611769013106823
SDC3,0.11844903975725174,0.11283152550458908,0.056538160890340805,0.07006999105215073,0.0722060576081276,0.06892892718315125,0.10182536393404007,0.13048326969146729,0.11871028691530228,-0.004099586978554726,0.05974207818508148,0.074465811252594,0.18153837323188782,0.1836235225200653,0.24460269510746002
SDF2,0.08007647097110748,0.024009136483073235,0.00793966930359602,0.0620083324611187,0.19530394673347473,0.19925116002559662,0.3376656174659729,0.1970946192741394,0.21887248754501343,0.1287795454263687,0.15647827088832855,0.1579054445028305,0.12371713668107986,0.10793545097112656,0.08064212650060654
SEMA4C,-0.022571159526705742,0.0382908396422863,0.03217049315571785,-0.005551228299736977,0.23988455533981323,0.24869000911712646,0.3024073839187622,0.21859590709209442,0.13142909109592438,0.20035885274410248,0.1247679591178894,0.10659364610910416,0.05535678565502167,0.044959865510463715,0.2731819152832031
SERPINB5,0.4493792653083801,0.3253636062145233,0.30455341935157776,0.23507219552993774,-0.033558495342731476,0.004303042311221361,0.002789729740470648,-0.02365330047905445,-0.02209443971514702,0.027114784345030785,0.008452331647276878,0.04299001768231392,-0.021575506776571274,0.009283906780183315,0.16760531067848206
SERPINE1,0.22717469930648804,0.1972450613975525,0.2683930993080139,0.27866247296333313,0.10403533279895782,0.10063424706459045,0.05105799436569214,0.1237073466181755,0.14681373536586761,0.010431550443172455,0.0880943238735199,0.04180295392870903,0.0689738318324089,0.08360761404037476,0.037128597497940063
SFRP2,0.47097471356391907,0.48128387331962585,0.5533119440078735,0.5040153861045837,0.24502989649772644,0.2649114429950714,0.21992571651935577,0.4660016596317291,0.5093067288398743,0.19952385127544403,0.2563018798828125,0.2101675122976303,0.3495011329650879,0.25845515727996826,0.42384040355682373
SFRP4,0.4400119483470917,0.49895936250686646,0.4481503665447235,0.37337109446525574,0.22729627788066864,0.13084931671619415,0.276266872882843,0.2967548370361328,0.4443751871585846,0.20276106894016266,0.21016696095466614,0.18366502225399017,0.27300402522087097,0.1960267275571823,0.1376413106918335
SH2B3,0.17058102786540985,0.17034757137298584,0.1682446002960205,0.20555877685546875,0.10747160017490387,0.04900823161005974,0.1780897080898285,0.19602228701114655,0.11604692041873932,0.061558227986097336,0.060211390256881714,0.054955389350652695,0.058596182614564896,0.011159728281199932,0.1826053410768509
SH3TC1,0.11334877461194992,0.1479547619819641,0.12500058114528656,0.09938414394855499,0.03483084216713905,0.012687531299889088,0.11352679133415222,0.08099165558815002,0.053885217756032944,0.03703177720308304,0.04302886128425598,0.038426999002695084,0.07765679061412811,0.048868414014577866,0.02171626128256321
SHLD2,0.06953052431344986,0.04838778078556061,0.07061754912137985,0.0453951470553875,0.05918131023645401,0.044056233018636703,0.09518396854400635,0.05746659263968468,0.04343146085739136,0.0858602374792099,0.06287743151187897,0.07248896360397339,0.08264421671628952,0.061129383742809296,0.14260834455490112
SKAP1,0.10381978005170822,0.07197649776935577,0.042082421481609344,0.07663077861070633,0.05671147257089615,-0.004504268057644367,0.03473864868283272,0.03702601045370102,0.08947689086198807,0.06860993057489395,0.05382245033979416,0.03766518086194992,0.07863613218069077,0.08491743355989456,0.20701391994953156
SLC15A4,0.03067225217819214,0.06277157366275787,0.028434859588742256,0.005167740862816572,0.06473247706890106,0.0749439001083374,0.10196218639612198,0.02842939831316471,0.025332288816571236,0.0634818822145462,0.035368382930755615,0.03423839062452316,0.06685426086187363,0.03701229766011238,0.02835485339164734
SLC25A27,0.11870987713336945,0.10589040070772171,0.046269241720438004,0.06256338208913803,-0.0044271680526435375,-0.008587568067014217,-0.03656492382287979,0.02213715761899948,0.0013520853826776147,0.04406953975558281,0.02023443952202797,0.01690046861767769,0.023711053654551506,-0.018120145425200462,0.008352916687726974
SLC29A2,0.10114675760269165,0.10644075274467468,0.11824879050254822,0.052713192999362946,0.0604051910340786,0.08006390184164047,0.1249297484755516,0.04868572950363159,0.07574540376663208,0.10677749663591385,0.07287333905696869,0.058848537504673004,0.05319468677043915,0.062341537326574326,0.1725054681301117
SLC2A4,0.030656781047582626,-0.0012926941271871328,-0.059138357639312744,-0.0011967387981712818,0.022043591365218163,0.03748825192451477,0.02697182632982731,0.00683223782107234,0.02355414628982544,-0.006677721627056599,0.019214052706956863,0.019562603905797005,0.02753428928554058,-0.004972079303115606,0.06572164595127106
SLC37A1,0.011745146475732327,-0.0026432587765157223,-0.015337960794568062,-0.014932077378034592,0.08644804358482361,0.092549629509449,0.1874014139175415,0.06914573907852173,0.07828403264284134,0.10515592992305756,0.11741456389427185,0.1046573743224144,0.09280859678983688,0.11485733091831207,0.20638449490070343
SLC4A2,0.11774910986423492,0.11645277589559555,0.06488753855228424,0.059295352548360825,0.10991478711366653,0.10990028083324432,0.14347702264785767,0.054974161088466644,0.1442490816116333,0.1536535918712616,0.15359985828399658,0.16488754749298096,0.09905675798654556,0.1327063888311386,0.10529354959726334
SLC4A9,-0.0012701658997684717,,,,,,,,0.02579614706337452,,,,-0.024142403155565262,-0.02975640445947647,-0.008127843961119652
SLC6A16,-0.006456886418163776,0.033024001866579056,0.04624876379966736,-0.009732676669955254,0.04303113371133804,0.014439861290156841,0.08226299285888672,0.023549793288111687,0.0014295629225671291,-0.0042707184329628944,0.0161740742623806,0.02924334444105625,0.036720916628837585,0.045076414942741394,-0.03831237554550171
SLC7A3,-0.00711318664252758,,,0.021351292729377747,,,,,,0.02291390486061573,,,,,0.07533913850784302
SLC7A5,0.28347256779670715,0.220033660531044,0.1730545312166214,0.17735640704631805,0.164003387093544,0.21939188241958618,0.3157327175140381,0.12229626625776291,0.1830826848745346,0.14736302196979523,0.22535303235054016,0.224050834774971,0.21471770107746124,0.1723230928182602,0.08564984798431396
SMU1,0.19662494957447052,0.14328746497631073,0.1638888120651245,0.056825075298547745,0.1014522910118103,0.11022374033927917,0.1442584991455078,0.07281099259853363,0.20001724362373352,0.16785311698913574,0.161836177110672,0.19747138023376465,0.17222708463668823,0.15919290482997894,0.03507175296545029
SMYD4,0.018402287736535072,0.027130067348480225,0.008658516220748425,0.03541436791419983,-0.001052177045494318,0.026805415749549866,-0.00426354818046093,0.005427835509181023,-0.0022719926200807095,0.031033968552947044,0.02596101723611355,0.013443022966384888,0.008259042166173458,0.012785036116838455,0.12437845766544342
SNAP47,0.026727735996246338,0.02511116862297058,0.03413492813706398,0.05238884314894676,0.058474160730838776,0.0618254728615284,0.16064892709255219,0.04862184822559357,0.13657540082931519,0.14402072131633759,0.11757974326610565,0.08145938813686371,0.11893773078918457,0.11164405941963196,0.13144972920417786
SNED1,0.15950271487236023,0.1398402899503708,0.2043425589799881,0.1834757924079895,-0.015356604009866714,-0.010757476091384888,0.032640665769577026,0.050193902105093,-0.0178067646920681,0.009965416975319386,0.004202764946967363,0.030133163556456566,0.042053110897541046,0.019981304183602333,0.1460345983505249
SNRNP35,0.11619821935892105,0.0955643281340599,0.07636446505784988,0.09656364470720291,0.17864541709423065,0.21641679108142853,0.0899796187877655,0.04051760211586952,0.07322763651609421,0.1277851015329361,0.03718257322907448,0.07744333893060684,0.01726199872791767,0.049791209399700165,-0.14027684926986694
SNRPG,0.384146124124527,0.2960193455219269,0.34761732816696167,0.30578622221946716,0.30090540647506714,0.3249354362487793,0.46909454464912415,0.45807498693466187,0.41358616948127747,0.14576356112957,0.28374433517456055,0.2846110761165619,0.3765889108181,0.34640708565711975,0.37618207931518555
SNX24,0.03261353075504303,0.04833533987402916,0.026986101642251015,0.04376959055662155,0.020319297909736633,0.019000055268406868,0.04722063988447189,0.019045362249016762,0.0747363492846489,-0.00432421313598752,0.010684279724955559,0.02705235593020916,0.0514727383852005,0.04695833474397659,0.044808849692344666
SOX17,-0.019550135359168053,0.047591838985681534,-0.01761217787861824,-0.007984552532434464,0.029923059046268463,0.06448330730199814,-0.015502244234085083,0.00830193143337965,0.008427789434790611,0.01763118803501129,0.055544618517160416,0.007559741381555796,0.002483788877725601,0.0593942292034626,0.0768236517906189
SPAG5,0.07887077331542969,0.11243174970149994,0.053436268121004105,0.07823047786951065,0.11739352345466614,0.20240038633346558,0.3240323066711426,0.20064306259155273,0.14474454522132874,0.1189483106136322,0.1767607033252716,0.12668783962726593,0.16575782001018524,0.11888469010591507,0.09483130276203156
SPARCL1,0.29383429884910583,0.24754220247268677,0.27486345171928406,0.30336993932724,0.13716943562030792,0.17344681918621063,0.12607647478580475,0.2672370970249176,0.2457541823387146,0.11019887775182724,0.15341170132160187,0.09463436901569366,0.23383328318595886,0.23265530169010162,0.49481838941574097
SPEN,-0.0030277506448328495,-0.0015864763408899307,0.0431554801762104,0.025084853172302246,-0.02739691361784935,0.008177288807928562,-0.0051271431148052216,0.02015984058380127,0.04817039892077446,0.09890587627887726,0.010220536030828953,0.04033379629254341,0.01144358143210411,0.05361442640423775,0.11760122328996658
SPG11,0.025801019743084908,0.02537398971617222,0.03669268265366554,0.09259051829576492,0.15110455453395844,0.14682988822460175,0.1400347650051117,0.09937188029289246,0.11671099811792374,0.10132033377885818,0.13360169529914856,0.12162577360868454,0.12108174711465836,0.1202426478266716,0.17511025071144104
SPIDR,0.14867940545082092,0.1201586127281189,0.04258289560675621,0.090320885181427,0.07654505968093872,0.1471778154373169,0.15868473052978516,0.08604538440704346,0.04916555806994438,0.0040131607092916965,0.07608364522457123,0.031822435557842255,0.1397082805633545,0.07618396729230881,0.11463215947151184
SPINK5,0.014309667982161045,-0.02840772084891796,-0.013493262231349945,0.0009069218649528921,0.0561552494764328,0.0681610107421875,0.04860144853591919,-0.00993251334875822,-0.03300688788294792,,0.0045790658332407475,,0.006353883538395166,-0.02358401194214821,-0.02007906138896942
SPP1,0.3560085892677307,0.3519042134284973,0.38656139373779297,0.45658770203590393,0.266212522983551,0.21032658219337463,0.2778908312320709,0.25220537185668945,0.11689823120832443,0.022233135998249054,0.07806568592786789,0.03743348643183708,0.07169242203235626,0.03959079459309578,0.02571634203195572
SPRED1,0.08591529726982117,0.09942757338285446,0.1371830254793167,0.1453295648097992,-0.0023501000832766294,0.009116135537624359,0.1308738887310028,0.13226842880249023,0.1135195940732956,0.07600715011358261,0.07726695388555527,0.03960733488202095,0.08373326063156128,0.07587548345327377,-0.025694435462355614
SRPK1,0.200557678937912,0.15153944492340088,0.12298564612865448,0.15242187678813934,0.032955534756183624,0.07005415856838226,0.1666886955499649,0.020327266305685043,0.07662882655858994,0.07973894476890564,0.12294721603393555,0.057513654232025146,0.09167355298995972,0.07505364716053009,0.42174869775772095
SRRT,0.1456734836101532,0.15852005779743195,0.12333110719919205,0.12320829182863235,0.11962723731994629,0.12851859629154205,0.2014121264219284,0.10257470607757568,0.10356205701828003,0.15160898864269257,0.18570682406425476,0.15688885748386383,0.13016022741794586,0.13608062267303467,0.28730010986328125
SRSF5,0.22694291174411774,0.25825273990631104,0.1928914338350296,0.1004195511341095,0.10155083984136581,0.14654408395290375,0.16865435242652893,0.10485666990280151,0.22367973625659943,0.2516777515411377,0.23191477358341217,0.2007100135087967,0.20963703095912933,0.21191908419132233,0.0016794241964817047
STAB1,0.28209149837493896,0.2995980381965637,0.41064855456352234,0.3376658856868744,0.21872486174106598,0.23135006427764893,0.21469536423683167,0.25975435972213745,0.210544615983963,0.138069286942482,0.13985610008239746,0.08629518002271652,0.18014340102672577,0.09413855522871017,0.3059658408164978
STAP1,0.05086842551827431,0.010556163266301155,0.02673979662358761,0.007493715267628431,0.005520553793758154,-0.0010201169643551111,0.012141183018684387,0.017680572345852852,0.007956956513226032,-0.02440914511680603,0.05112466216087341,0.018146131187677383,0.018459502607584,-0.006839247886091471,-0.06990692019462585
STAT3,0.017457645386457443,0.02170785516500473,0.04439782351255417,0.014689391478896141,-0.014894669875502586,0.033248525112867355,-0.011044568382203579,0.07048157602548599,0.05009069666266441,0.034605104476213455,0.05605905503034592,0.07525793462991714,0.027966808527708054,0.06420118361711502,0.14850087463855743
STAT6,0.08768994361162186,0.08893700689077377,0.053718678653240204,0.05999862775206566,0.07461308687925339,0.07961373031139374,0.0738627091050148,0.0204582829028368,0.0864594504237175,0.1557999849319458,0.0909474790096283,0.09424672275781631,0.03495631366968155,0.04201522842049599,-0.07377097010612488
STMN1,0.5468642711639404,0.4708987772464752,0.44726815819740295,0.4566653370857239,0.07089443504810333,0.18333427608013153,0.2474999576807022,0.20800097286701202,0.30090370774269104,0.19244074821472168,0.27041876316070557,0.2680540978908539,0.2962460219860077,0.22503656148910522,0.2949230670928955
STUB1,0.10568323731422424,0.09462613612413406,0.08910751342773438,0.05544049292802811,0.2516218423843384,0.27568891644477844,0.3416304588317871,0.1856900155544281,0.16066712141036987,0.16331563889980316,0.16973038017749786,0.17949339747428894,0.1687871664762497,0.18766742944717407,0.2303621768951416
STXBP2,0.08318193256855011,0.08369512110948563,0.09580769389867783,0.04967866837978363,0.0695359855890274,0.08762146532535553,0.1701456606388092,0.09706921130418777,0.1355404257774353,0.11187766492366791,0.11867566406726837,0.13845722377300262,0.1255749613046646,0.11971532553434372,0.46531200408935547
SUPT20H,0.12779104709625244,0.09906905889511108,0.11524572223424911,0.1078672707080841,0.06670026481151581,0.11280574649572372,0.0905209556221962,0.06781058758497238,0.03491334244608879,0.05348403751850128,0.0035938145592808723,0.05243644118309021,0.049508512020111084,0.038735829293727875,0.023042356595396996
SUPT4H1,0.16408008337020874,0.15466931462287903,0.1318509727716446,0.08732656389474869,0.2756086587905884,0.3778301775455475,0.4095180630683899,0.3765270411968231,0.17948399484157562,0.08495967090129852,0.1253064125776291,0.112045057117939,0.15222840011119843,0.14120344817638397,0.21859300136566162
SURF2,0.19129478931427002,0.13779538869857788,0.16742151975631714,0.10636775940656662,0.11951636523008347,0.14534391462802887,0.2599014639854431,0.09941937774419785,0.12508109211921692,0.17538729310035706,0.1722899079322815,0.12552420794963837,0.07857795059680939,0.14104866981506348,0.24496576189994812
SUV39H2,0.06504073739051819,0.05180734395980835,0.039251696318387985,0.06149771437048912,0.005687564145773649,0.04874381422996521,0.05126189440488815,0.03391978144645691,0.04793217405676842,0.0025645706336945295,-0.01370244100689888,0.030420247465372086,0.016331298276782036,0.03233101963996887,0.1658667027950287
SWAP70,0.008560172282159328,0.0228592436760664,0.029440082609653473,0.011857661418616772,0.025307809934020042,0.07435745745897293,0.04064517095685005,0.041357867419719696,0.040470391511917114,0.04685987904667854,0.05102319270372391,0.04115620627999306,0.026430442929267883,0.044408176094293594,0.061723507940769196
SYNJ2BP,0.06772857904434204,0.01206939946860075,0.03315084055066109,0.02274180017411709,0.08844415843486786,0.10598403960466385,0.1195618063211441,0.0216319989413023,0.06415282934904099,0.03181317821145058,0.1487911343574524,0.12796306610107422,0.13736160099506378,0.1327337622642517,0.2968555688858032
TAF11,0.13929380476474762,0.08447227627038956,0.0738205686211586,0.059662483632564545,0.11574379354715347,0.10869313031435013,0.11896102875471115,0.0756346732378006,0.11709372699260712,0.09761615842580795,0.09094599634408951,0.05644429102540016,0.08034077286720276,0.11289304494857788,0.1595470905303955
TARS2,0.07733692228794098,0.08878432959318161,0.036925461143255234,0.050827380269765854,0.0788612961769104,0.11270815134048462,0.19943082332611084,0.1279563009738922,0.11896859109401703,0.07406317442655563,0.04701238125562668,0.08732716739177704,0.10928289592266083,0.13916194438934326,0.21658256649971008
TBC1D10C,0.24975664913654327,0.2627009451389313,0.06829459965229034,0.15481418371200562,0.09303406625986099,0.11166935414075851,0.13775287568569183,0.1400422602891922,0.22357353568077087,0.1759006679058075,0.20890367031097412,0.15449181199073792,0.19759422540664673,0.1523800641298294,0.30970144271850586
TCIRG1,0.16784606873989105,0.17137669026851654,0.1835934817790985,0.16416504979133606,0.0489625558257103,0.045612744987010956,0.15604323148727417,0.10480741411447525,0.07266701012849808,0.07295181602239609,0.057850416749715805,0.085405632853508,0.05650430917739868,0.10923194140195847,-0.141868457198143
TDP1,0.06444573402404785,0.07446019351482391,0.056789085268974304,0.05995925888419151,0.07457748800516129,0.027887776494026184,0.07020138949155807,0.04740322008728981,0.06146060675382614,0.07633419334888458,0.05895684286952019,0.047748204320669174,0.06121218949556351,0.08402767777442932,0.14471767842769623
TFRC,0.1150054857134819,0.09903775900602341,0.1700613796710968,0.11160976439714432,0.1861477494239807,0.2416047602891922,0.3818730413913727,0.1868237406015396,0.2967824935913086,0.12561233341693878,0.23989643156528473,0.25644081830978394,0.3387078642845154,0.29142776131629944,0.13530686497688293
TGFB3,0.03641333803534508,0.032729677855968475,0.05866585671901703,0.029653778299689293,0.040646668523550034,0.05145448446273804,0.05701619014143944,0.0627194344997406,0.05207632854580879,0.03992414474487305,0.03726932778954506,0.06719081848859787,0.10484982281923294,0.10760142654180527,0.07075294852256775
TGFBR1,0.1604664921760559,0.09104662388563156,0.11680962145328522,0.07600338757038116,0.06036357954144478,0.048601407557725906,0.042232170701026917,0.05979306250810623,0.07197720557451248,0.11349617689847946,0.056288983672857285,0.07513871043920517,0.08960491418838501,0.10252179950475693,0.013755856081843376
THAP7,0.08225667476654053,0.04970412328839302,0.027242399752140045,0.09076976776123047,0.10672567784786224,0.11083798855543137,0.12552030384540558,0.0680936723947525,0.10512004792690277,0.19250385463237762,0.13329064846038818,0.13189001381397247,0.10843437165021896,0.14524416625499725,0.03922596946358681
THBS1,0.4180680811405182,0.4382320046424866,0.5808424353599548,0.5517299771308899,0.21850527822971344,0.23624391853809357,0.4655393958091736,0.48753970861434937,0.5659629106521606,0.20603273808956146,0.393105149269104,0.3682836890220642,0.27646878361701965,0.24232728779315948,0.1369190216064453
THBS2,0.43201446533203125,0.38156646490097046,0.5845789313316345,0.5105269551277161,0.24627907574176788,0.22739921510219574,0.39642560482025146,0.38156867027282715,0.5105706453323364,0.22606582939624786,0.4020769000053406,0.3028278648853302,0.333926796913147,0.31583836674690247,0.4454183578491211
TIMELESS,0.13659030199050903,0.13863787055015564,0.12271004170179367,0.04132484272122383,0.08824566751718521,0.09903689473867416,0.17142538726329803,0.05609222501516342,0.1651163101196289,0.1403760462999344,0.15644177794456482,0.13803932070732117,0.15632937848567963,0.07008154690265656,0.31825634837150574
TJP3,-0.01581532508134842,0.02453114278614521,0.0336756557226181,0.05011056736111641,0.18589678406715393,0.19009411334991455,0.3609965145587921,0.12839993834495544,0.2525539696216583,0.15654243528842926,0.17437514662742615,0.17591288685798645,0.1661379188299179,0.20407025516033173,0.5236551761627197
TMED7,0.07557234168052673,0.06028575077652931,0.0452701710164547,0.058018919080495834,0.047691140323877335,0.05004642903804779,-0.03193516284227371,0.022747118026018143,0.13163626194000244,0.0905674546957016,0.15089672803878784,0.12419550120830536,0.14062830805778503,0.20889613032341003,0.19145402312278748
TMEM131,0.022835370153188705,0.04436973109841347,-0.02344922162592411,-0.01618475653231144,0.07718557119369507,0.11807727068662643,0.08978503942489624,0.03199680894613266,0.13192947208881378,0.08633044362068176,0.0666990727186203,0.04866340011358261,0.040337275713682175,0.01935991831123829,0.12516070902347565
TMEM132C,0.04811309650540352,0.021877605468034744,,,-0.018697278574109077,0.046657729893922806,,,0.0037769218906760216,0.028468340635299683,-0.005382298491895199,0.01970670185983181,,0.042538832873106,0.1324344277381897
TMEM150B,,,-0.006071704439818859,-0.008086904883384705,,0.024714453145861626,0.006496201269328594,-0.00696918647736311,-0.00026900399825535715,-0.0025499635376036167,0.0005580594297498465,0.002835707738995552,0.016131028532981873,-0.011316338554024696,-0.0005191140808165073
TMEM39B,0.050035178661346436,0.040221747010946274,0.06869212538003922,0.007333200424909592,0.05039171129465103,0.036580588668584824,0.02844931185245514,0.0421823188662529,0.03237227350473404,0.04395531117916107,0.016198694705963135,-0.016342392191290855,-0.02318025939166546,0.0033233724534511566,-0.028963690623641014
TMEM51,0.08774705231189728,0.11258726567029953,0.14715930819511414,0.11735318601131439,0.08497968316078186,0.0933852344751358,0.10228323936462402,0.08203770965337753,0.043265942484140396,0.10316909849643707,0.08069339394569397,0.0324406661093235,0.0544353611767292,0.056116096675395966,0.029170962050557137
TNC,0.07993055135011673,0.07621493190526962,0.09912063926458359,0.05254056304693222,0.0532032735645771,0.025275064632296562,-0.0028364399913698435,0.1667248159646988,0.09624911844730377,0.007592099718749523,0.0786384791135788,0.05843546986579895,0.04113703593611717,0.0504641979932785,0.0826861560344696
TNFRSF11B,0.02858746238052845,0.0668352022767067,0.1434812992811203,0.10114896297454834,0.02221001870930195,0.0174325630068779,0.16900497674942017,0.04218250885605812,-0.03551200032234192,0.02016553282737732,0.03820325434207916,0.029184889048337936,-0.0011158654233440757,-0.009498943574726582,0.010397814214229584
TNFRSF4,0.16470298171043396,0.16596993803977966,0.16331416368484497,0.11603149026632309,0.07477317750453949,0.1020214706659317,0.1857423633337021,0.19422905147075653,0.16038237512111664,0.10036029666662216,0.15028251707553864,0.13201244175434113,0.09119982272386551,0.08039098978042603,-0.02040162682533264
TNKS2,0.17995086312294006,0.1288062036037445,0.11007096618413925,0.10526812076568604,0.053692013025283813,0.0957581177353859,0.09569507837295532,0.04116731137037277,0.041130971163511276,0.09700571000576019,0.021991094574332237,0.025372205302119255,0.08145914226770401,0.06575741618871689,0.10593795031309128
TNPO1,0.17003951966762543,0.06918692588806152,0.025900885462760925,0.056365057826042175,0.049381427466869354,0.09764303267002106,0.11603599041700363,0.06386098265647888,0.15626418590545654,0.18052232265472412,0.14931738376617432,0.21923603117465973,0.1154596209526062,0.15271423757076263,0.2000754475593567
TOR4A,0.05136237293481827,0.029685068875551224,0.06873331218957901,0.08133872598409653,0.05581875517964363,0.033664532005786896,0.04055468738079071,0.09604383260011673,0.02557341195642948,0.03706764057278633,0.046171724796295166,0.05284363403916359,0.0035218060947954655,0.02048872970044613,0.046538837254047394
TOX4,0.11900418251752853,0.08654019236564636,0.10499979555606842,0.01957152783870697,0.0498715303838253,0.06069755554199219,0.16869154572486877,0.07296880334615707,0.1670922487974167,0.12419375777244568,0.1316186487674713,0.12211053818464279,0.10888432711362839,0.14339855313301086,0.04761647433042526
TPM2,0.2606768310070038,0.1563437283039093,0.36126503348350525,0.3240775167942047,0.12986327707767487,0.14044278860092163,0.40993228554725647,0.404604971408844,0.18637898564338684,0.10762812942266464,0.09159934520721436,0.047477494925260544,0.0858926922082901,0.14801253378391266,0.2309679388999939
TRA2B,0.159504696726799,0.1410314440727234,0.13213416934013367,0.14018262922763824,0.14342013001441956,0.19400177896022797,0.20664724707603455,0.1464892327785492,0.18600353598594666,0.1513160616159439,0.22407785058021545,0.1812230497598648,0.14269177615642548,0.15303808450698853,0.14648911356925964
TRAF4,0.22356711328029633,0.15932801365852356,0.16932250559329987,0.09360690414905548,0.3124695122241974,0.3492937386035919,0.5216068625450134,0.26145386695861816,0.29500967264175415,0.27698832750320435,0.2899787425994873,0.25205686688423157,0.23027539253234863,0.23805443942546844,0.39720821380615234
TRAK1,0.0660918653011322,0.010948612354695797,0.04256075993180275,0.04023290053009987,0.08421582728624344,0.07869691401720047,0.057667847722768784,0.05071308836340904,0.0763591080904007,0.08666550368070602,0.04711253196001053,0.03095037303864956,0.020008979365229607,0.052789680659770966,0.13068906962871552
TRAP1,0.31335628032684326,0.2292506843805313,0.25984352827072144,0.21318687498569489,0.18462039530277252,0.26739123463630676,0.2729856073856354,0.13688193261623383,0.1467871069908142,0.14820608496665955,0.1819417029619217,0.18204666674137115,0.13843117654323578,0.14145782589912415,0.3063793182373047
TRIM26,0.04441574960947037,0.04314064607024193,-0.014877211302518845,0.0472973994910717,0.04337688162922859,0.06701076775789261,0.1147897019982338,0.07442640513181686,0.13090266287326813,0.18087203800678253,0.12566159665584564,0.09317590296268463,0.13051153719425201,0.07270700484514236,0.2782818675041199
TRIM38,0.10010388493537903,0.13033507764339447,0.04261292889714241,0.07527529448270798,0.044687651097774506,0.052402250468730927,0.06026438623666763,0.052328240126371384,0.022239597514271736,0.03968602418899536,0.09591352194547653,0.053028009831905365,-0.007797171361744404,0.08029841631650925,0.0017598560079932213
TRIM65,0.1492639183998108,0.10779531300067902,0.10577414929866791,0.03510440140962601,0.014225027523934841,-0.031501296907663345,0.018834546208381653,0.01276155561208725,-0.015047295019030571,0.031686749309301376,0.01979539729654789,0.03604177385568619,0.035071734338998795,0.03295573592185974,0.10287467390298843
TSHZ1,0.13755446672439575,0.05666681379079819,0.047861743718385696,0.06203573942184448,-0.02563086338341236,0.004638464190065861,0.012780929915606976,0.007942253723740578,0.018336530774831772,-0.0024321803357452154,0.025260306894779205,0.008183769881725311,-0.015092123299837112,-0.0010937022743746638,-0.05491145700216293
TSR3,0.02274690754711628,0.00859597884118557,0.08736345171928406,0.007489756215363741,0.13530400395393372,0.16122174263000488,0.10970988124608994,0.08005013316869736,0.040360212326049805,0.14767831563949585,0.06370766460895538,0.10652008652687073,0.033298052847385406,0.06816836446523666,-0.01121329516172409
TSSC4,0.07072416692972183,0.06968800723552704,0.06227515637874603,0.032401878386735916,0.09178008884191513,0.09640780091285706,0.17915187776088715,0.06413199007511139,0.06515992432832718,0.09876783192157745,0.11660416424274445,0.11159100383520126,0.1281539648771286,0.09834891557693481,0.05603580176830292
TSTA3,0.10533272475004196,0.048732656985521317,0.10625935345888138,0.042694058269262314,0.06799349933862686,0.11389047652482986,0.24259242415428162,0.0655432790517807,0.18619655072689056,0.09375172108411789,0.10685233026742935,0.16197751462459564,0.1553964912891388,0.18671341240406036,0.41345399618148804
TTC5,0.06669314205646515,0.06451365351676941,0.07119075208902359,0.05532298609614372,0.05519798398017883,0.05987052246928215,0.039501890540122986,-0.026961499825119972,-0.008947571739554405,0.0036143145989626646,0.06384864449501038,0.009140267968177795,0.017802031710743904,-0.029099149629473686,0.08095772564411163
TTC9,-0.0031550589483231306,0.015771880745887756,0.013151045888662338,0.05544082075357437,0.1254281848669052,0.17756259441375732,0.22838714718818665,0.09583452343940735,0.18303969502449036,0.10515797883272171,0.14057287573814392,0.10929011553525925,0.10469569265842438,0.12011029571294785,0.39333754777908325
TTK,0.07410769164562225,0.046583592891693115,0.026158062741160393,0.04214463010430336,0.06219903752207756,0.048593856394290924,0.1290561556816101,0.047469500452280045,0.09150628745555878,0.06249499320983887,0.11924521625041962,0.07227581739425659,0.09351547062397003,0.062339361757040024,0.04377682879567146
TUBB,0.25668999552726746,0.1448398381471634,0.25928911566734314,0.15091201663017273,0.29503780603408813,0.3640911281108856,0.28844091296195984,0.17619553208351135,0.31230881810188293,0.2815674841403961,0.29406511783599854,0.26998376846313477,0.32730966806411743,0.3452814817428589,0.08981043845415115
TXNDC2,-0.007645423989742994,-0.008953573182225227,,,,-0.050143830478191376,,-0.011236204765737057,0.026540039107203484,,,-0.0035871174186468124,,,0.028377046808600426
TXNL1,0.38565173745155334,0.24850177764892578,0.23689742386341095,0.2489420771598816,0.04895186796784401,0.06928487867116928,-0.011314041912555695,0.047056831419467926,0.2175244688987732,0.11388563364744186,0.12432321161031723,0.11880220472812653,0.10755415260791779,0.13735832273960114,0.2942480146884918
UACA,0.14312216639518738,0.1841556280851364,0.23461110889911652,0.24631598591804504,0.061933837831020355,0.07110903412103653,0.20346447825431824,0.20911076664924622,0.1411719173192978,0.02444581128656864,0.020942270755767822,0.049585212022066116,0.03926091268658638,0.027923276647925377,-0.045065149664878845
UBA3,0.18234802782535553,0.13904976844787598,0.13280662894248962,0.07180459052324295,0.07002483308315277,0.10023438930511475,0.15320801734924316,0.09637115150690079,0.06101122871041298,0.08098141103982925,0.12547937035560608,0.04951035976409912,0.10855257511138916,0.06477802246809006,0.27774542570114136
UBE2A,0.09896739572286606,0.08784153312444687,0.0869065672159195,0.10715420544147491,0.08182840049266815,0.09373173862695694,0.14133350551128387,0.03800882771611214,0.11408238857984543,0.17567025125026703,0.13201014697551727,0.12468820065259933,0.11506164819002151,0.13738927245140076,0.21757438778877258
UBE2W,0.04145846143364906,0.029403142631053925,0.05110698193311691,0.0032188815530389547,0.05750212445855141,0.04339062049984932,0.14390258491039276,0.0851089358329773,0.07314848154783249,0.028750723227858543,0.09863211959600449,0.061228618025779724,0.05392841622233391,0.07278633117675781,-0.028586311265826225
UBTF,0.16681461036205292,0.13702073693275452,0.139150470495224,0.06344176083803177,0.05689109116792679,0.09998869150876999,0.1046588271856308,0.057419806718826294,0.12393134087324142,0.17621949315071106,0.12040926516056061,0.1594572812318802,0.07005713880062103,0.11815217137336731,0.12991571426391602
UCK2,0.15530440211296082,0.14565768837928772,0.1675253063440323,0.10203312337398529,0.0760437399148941,0.13426411151885986,0.11050858348608017,0.10789846628904343,0.25123512744903564,0.19207094609737396,0.22114606201648712,0.21458719670772552,0.251196950674057,0.28816133737564087,0.007914604619145393
UQCRQ,0.36783188581466675,0.2126023918390274,0.34007054567337036,0.2633894383907318,0.3409228026866913,0.42409172654151917,0.4627400040626526,0.3765972852706909,0.45637083053588867,0.14669764041900635,0.35360342264175415,0.32342350482940674,0.43177998065948486,0.3525577783584595,0.26652732491493225
USP35,-0.009952365420758724,0.02341507561504841,0.028677556663751602,-0.010401262901723385,0.022328879684209824,0.0017927427543327212,-0.018556486815214157,-0.014537058770656586,0.014386473223567009,0.0013476823223754764,0.01914973184466362,0.016492130234837532,0.017925068736076355,-0.005890467204153538,0.05442940443754196
USP9X,0.017145536839962006,0.03214668482542038,-0.000895116594620049,0.05606066808104515,0.12267077714204788,0.15187883377075195,0.24533742666244507,0.12019103020429611,0.1603165715932846,0.12438046187162399,0.19269569218158722,0.18806509673595428,0.24417421221733093,0.19216404855251312,0.030348893254995346
VASP,0.09988068044185638,0.02435426041483879,0.0850583016872406,0.07732219994068146,0.12751534581184387,0.12296795845031738,0.2022511214017868,0.12453877180814743,0.12941570580005646,0.13073082268238068,0.09796972572803497,0.10554783791303635,0.0636526346206665,0.06151401624083519,-0.022038625553250313
VCAN,0.15248030424118042,0.1907724291086197,0.22421486675739288,0.22444409132003784,0.2222520411014557,0.18920686841011047,0.3059254586696625,0.3867727816104889,0.45457935333251953,0.16194580495357513,0.24203389883041382,0.18199294805526733,0.24622014164924622,0.24658708274364471,0.3100619912147522
VCP,0.22379174828529358,0.22864003479480743,0.15805308520793915,0.14329934120178223,0.3216180205345154,0.3467991352081299,0.3280591368675232,0.1894492208957672,0.3695792853832245,0.3577990233898163,0.29413318634033203,0.3235093057155609,0.34004077315330505,0.37778788805007935,0.25768232345581055
VIP,0.02458028681576252,,0.01466399896889925,-0.0018131627002730966,-0.029251620173454285,,-0.006534806452691555,-0.0016015645815059543,-0.01881084032356739,-0.017272314056754112,,0.023154687136411667,-0.002397711854428053,-0.012450307607650757,-0.0021907188929617405
VPS26C,0.05884580686688423,0.02524854615330696,0.030723026022315025,0.047204140573740005,0.07781955599784851,0.022371523082256317,0.06065870076417923,0.019882408902049065,0.05858704820275307,0.06295463442802429,0.10476838052272797,0.0459836982190609,0.06473681330680847,0.04240923747420311,-0.023610007017850876
VPS4A,0.12856143712997437,0.07232344895601273,0.054771676659584045,0.08813656121492386,0.12312855571508408,0.12742969393730164,0.23356491327285767,0.05504152551293373,0.12200106680393219,0.16088196635246277,0.10986200720071793,0.13258492946624756,0.12546487152576447,0.10240651667118073,0.19097661972045898
VSIG2,-0.014821113087236881,0.002016425831243396,0.03848705068230629,0.015543934889137745,-0.014499424956738949,0.028182964771986008,0.028857724741101265,0.01654363051056862,0.005323177203536034,-0.018502959981560707,0.015292713418602943,-0.017312727868556976,0.03846085071563721,0.023609181866049767,0.11929357051849365
VWF,0.2234918624162674,0.2510868310928345,0.08980533480644226,0.22364471852779388,0.22705186903476715,0.1524430364370346,0.1901809275150299,0.2674946188926697,0.1751932054758072,0.11573117971420288,0.11452408134937286,0.12743444740772247,0.19586396217346191,0.15696652233600616,0.29833143949508667
WBP2,0.09186796098947525,0.06822214275598526,0.04284948855638504,0.0011524088913574815,0.07044446468353271,0.05906964838504791,0.053134843707084656,0.023189358413219452,0.07720062136650085,0.08041195571422577,0.056689031422138214,0.012555565685033798,0.02640335075557232,0.06875333189964294,0.059087082743644714
WDR36,0.13455842435359955,0.073221854865551,0.07695580273866653,0.06826581805944443,0.06159183382987976,0.05672077834606171,0.040804967284202576,0.000424862839281559,0.07670991867780685,0.0947495698928833,0.06696272641420364,0.03514721617102623,0.03704782947897911,0.057438839226961136,0.12499134242534637
WDR90,0.1571253538131714,0.23528000712394714,0.10107265412807465,0.10077586770057678,0.1205587238073349,0.11982934176921844,0.2653367221355438,0.1026463434100151,0.19974644482135773,0.16672886908054352,0.16163593530654907,0.12977547943592072,0.15618370473384857,0.11710697412490845,0.34239324927330017
WFS1,0.011302771978080273,0.005016638431698084,-0.0108425822108984,0.023927129805088043,0.12844492495059967,0.11870932579040527,0.1618657112121582,0.07376867532730103,0.2566864490509033,0.22389338910579681,0.2050030529499054,0.20886433124542236,0.17530246078968048,0.2155078798532486,-0.04196637123823166
XAF1,0.13548913598060608,0.18877065181732178,0.08601522445678711,0.12683270871639252,0.03567121922969818,0.03973127156496048,0.06568671762943268,0.17650078237056732,0.034385114908218384,0.12779080867767334,0.07869093120098114,0.09708984196186066,0.03002317063510418,0.10119032114744186,0.15282760560512543
XPNPEP3,0.08491362631320953,0.058120038360357285,0.07326921820640564,0.027557043358683586,0.06605704128742218,0.13582450151443481,0.22339250147342682,0.11951019614934921,0.13172022998332977,0.1262524425983429,0.10396774113178253,0.10341008007526398,0.10960675776004791,0.09526694566011429,0.03596948832273483
XPO1,0.15432298183441162,0.14550724625587463,0.1616131216287613,0.08390946686267853,0.1318301409482956,0.16357165575027466,0.16671988368034363,0.08392836898565292,0.1960601806640625,0.18846511840820312,0.19204279780387878,0.19637319445610046,0.17634740471839905,0.1606314331293106,0.24662023782730103
XPO5,0.11839178204536438,0.13200034201145172,0.09507263451814651,0.09787317365407944,0.10397712886333466,0.15151427686214447,0.13750165700912476,0.08014426380395889,0.12778978049755096,0.10552754253149033,0.10724826157093048,0.08089828491210938,0.10510651022195816,0.0951240137219429,0.25692105293273926
XRCC5,0.2955091595649719,0.18628673255443573,0.2315061390399933,0.21798430383205414,0.21008604764938354,0.24073366820812225,0.20975357294082642,0.12494862824678421,0.29481396079063416,0.22058828175067902,0.2588498592376709,0.24618208408355713,0.25058799982070923,0.24965223670005798,0.2895202040672302
XYLT2,-0.01146674994379282,0.02316885255277157,0.06274659931659698,-0.017814282327890396,0.26072967052459717,0.31020718812942505,0.32208138704299927,0.18374289572238922,0.2295316457748413,0.18131659924983978,0.188222736120224,0.17128801345825195,0.21742697060108185,0.18601638078689575,0.0238176416605711
YIF1A,0.07577946782112122,0.05341452360153198,0.09594963490962982,0.06703890115022659,0.12119791656732559,0.12029453366994858,0.19072584807872772,0.10085578262805939,0.18946045637130737,0.11939744651317596,0.159284770488739,0.1296248883008957,0.14397473633289337,0.19742141664028168,-0.0008095107041299343
YIF1B,0.1324843019247055,0.058264560997486115,0.059396881610155106,0.07600802928209305,0.07218568027019501,0.13200075924396515,0.0915893092751503,0.03386181592941284,0.14999321103096008,0.10922243446111679,0.10160097479820251,0.10764661431312561,0.11115983128547668,0.13868634402751923,0.14907056093215942
YWHAG,0.1376311033964157,0.1539674550294876,0.09958603978157043,0.10831040889024734,0.14351795613765717,0.19610343873500824,0.2052999883890152,0.050036024302244186,0.14011701941490173,0.20037008821964264,0.1846887171268463,0.1794789582490921,0.21162231266498566,0.1867464780807495,0.12206749618053436
ZBTB22,0.017554540187120438,0.03674449399113655,-0.007370520383119583,0.021240048110485077,0.033859096467494965,0.05407973751425743,0.02623109333217144,0.011112112551927567,0.011987531557679176,0.06620035320520401,0.03184898942708969,0.0486048087477684,0.0451529398560524,0.0482088066637516,-0.04885829612612724
ZBTB7B,0.13741692900657654,0.09787371009588242,0.10039100050926208,0.09274080395698547,0.216427743434906,0.21436116099357605,0.3135804235935211,0.14549587666988373,0.2574373781681061,0.2538392245769501,0.24272353947162628,0.2630480229854584,0.28334179520606995,0.2491658478975296,0.10100819170475006
ZFP69B,0.02469734288752079,-0.0020919262897223234,0.02999936044216156,-0.01677519455552101,0.009290961548686028,0.03544921427965164,0.028018834069371223,0.032642923295497894,-0.01680276170372963,0.01720571145415306,0.008936119265854359,0.02343786135315895,0.019959574565291405,-0.0057377079501748085,0.12916046380996704
ZFYVE16,-0.004947719629853964,0.023362835869193077,0.018743926659226418,0.014110509306192398,0.03081493265926838,0.0589446984231472,0.07920470088720322,0.039853114634752274,0.0929776206612587,0.07344088703393936,0.05748151242733002,0.05884421989321709,0.03499903157353401,0.035171158611774445,0.18386310338974
ZFYVE19,0.015180696733295918,0.01704130508005619,0.014155779033899307,0.03251674771308899,0.09732723236083984,0.10372435301542282,0.14210568368434906,0.07291213423013687,0.1418607085943222,0.08528423309326172,0.10528755187988281,0.08189190924167633,0.12115504592657089,0.07888264209032059,0.09420314431190491
ZGRF1,0.020800964906811714,0.06953293830156326,0.03178957477211952,0.01086457259953022,0.01329838577657938,0.03562747687101364,0.0061354367062449455,0.020571725443005562,0.02731720171868801,-0.017243031412363052,0.017682112753391266,0.013617724180221558,0.04444028064608574,0.011388671584427357,0.2654401659965515
ZMYM3,0.054188016802072525,0.053432077169418335,0.0518244244158268,0.0258795116096735,0.09261457622051239,0.1443658471107483,0.16250012814998627,0.0768708735704422,0.05513572692871094,0.06626446545124054,0.048071879893541336,0.07406976819038391,0.06313644349575043,0.04201924428343773,0.16676199436187744
ZMYM4,0.1136389672756195,0.0477740578353405,0.040307123214006424,0.04843790829181671,0.06506242603063583,0.06758115440607071,-0.0012697501806542277,-0.005802214611321688,0.08161520957946777,0.0919809564948082,0.09009361267089844,0.05756086856126785,0.05235791578888893,0.06598793715238571,0.1944594383239746
ZMYND19,0.1887636035680771,0.17701664566993713,0.15951132774353027,0.10370093584060669,0.0948888510465622,0.1394382268190384,0.2692180275917053,0.1044648289680481,0.13011853396892548,0.2201128900051117,0.18688227236270905,0.18954862654209137,0.15114238858222961,0.12240372598171234,0.3521079123020172
ZNF148,-0.005966705270111561,-0.0017368874978274107,-0.014039836823940277,-0.013120491057634354,0.08533104509115219,0.06370675563812256,0.09140301495790482,0.022357499226927757,0.03996904566884041,0.1008385494351387,0.025946632027626038,0.06806418299674988,0.043267399072647095,0.10640314966440201,0.18302415311336517
ZNF330,0.021009359508752823,0.017666444182395935,0.014255163259804249,0.003037658054381609,0.028121458366513252,0.06140037998557091,0.015317536890506744,0.023045117035508156,0.01932276040315628,0.06757770478725433,0.0038249418139457703,0.01752953603863716,0.030221374705433846,0.00901621114462614,0.09087073802947998
ZNF331,-0.008626497350633144,0.04461443051695824,0.02644294500350952,0.042421575635671616,0.03289960324764252,0.06652236729860306,0.056952886283397675,0.04259895533323288,0.0361478291451931,0.025773359462618828,0.06976082921028137,0.0652850940823555,0.01690656691789627,0.031546611338853836,-0.015907377004623413
ZNF33B,0.18576739728450775,0.09386865794658661,0.11470673978328705,0.1135072112083435,0.007604081183671951,0.04257175698876381,0.05528156831860542,0.0027048427145928144,0.04839668795466423,0.0426015630364418,0.010583670809864998,0.04810477793216705,0.049550507217645645,0.027995668351650238,0.18925783038139343
ZNF358,0.013957475312054157,-0.0030426194425672293,0.10809387266635895,0.03042639046907425,0.0896817296743393,0.0909685268998146,0.019497428089380264,-0.0021966127678751945,0.009829971008002758,0.09568294882774353,0.08338184654712677,0.06057751923799515,0.05513199791312218,0.05601106956601143,0.1204727292060852
ZNF396,0.07147496938705444,0.05851787328720093,0.026912551373243332,0.0453670360147953,0.006262403447180986,0.034768156707286835,-0.012780718505382538,0.021806640550494194,0.03883128613233566,0.007598031312227249,0.007303869351744652,-0.009611858986318111,0.027895040810108185,-0.021839579567313194,-0.019149472936987877
ZNF410,-0.006478481460362673,-0.012094469740986824,0.06110088899731636,0.008273091167211533,-0.0052973064593970776,-0.01426682062447071,0.035050857812166214,0.004448310937732458,-0.016972804442048073,-0.01996670663356781,-0.00847416091710329,0.035414986312389374,-0.018797308206558228,-0.020393751561641693,-0.048786818981170654
ZNF496,0.11356774717569351,0.10372279584407806,0.07618630677461624,0.0274889525026083,0.0405152253806591,0.056655798107385635,0.13426560163497925,0.04256625846028328,0.008599495515227318,0.0694633349776268,0.08487824350595474,0.08290096372365952,0.003222918836399913,0.05270008370280266,0.07203200459480286
ZNF511,0.06590094417333603,0.05415324866771698,0.062351200729608536,0.061489712446928024,0.05550365149974823,0.06874016672372818,0.13731424510478973,0.05303486809134483,0.04023953527212143,0.09248629957437515,0.045535292476415634,0.0319521389901638,0.05036967620253563,0.05598019063472748,0.13446232676506042
ZNF524,0.06744468212127686,0.032042600214481354,0.044750917702913284,0.025380058214068413,0.038501933217048645,0.08556132018566132,0.08223365247249603,0.04652373865246773,0.027798909693956375,0.0958736315369606,0.07573526352643967,0.09947298467159271,0.056414950639009476,0.026825295761227608,0.05994785577058792
ZNF556,0.0026593641377985477,0.005131884943693876,-0.010952051728963852,-0.005739673040807247,,,0.010061374865472317,-0.041273243725299835,-0.02750350907444954,0.005659892223775387,-0.02640734612941742,0.0007717956323176622,-0.011895744130015373,-0.004049218259751797,0.0064294287003576756
ZNF557,0.03494187444448471,-0.027727771550416946,0.0652240663766861,0.045008767396211624,0.007900445722043514,0.006725112907588482,0.027288047596812248,0.016824597492814064,0.07193759083747864,-0.00330583518370986,-0.00354499788954854,0.025359926745295525,-0.007841397076845169,0.016547011211514473,0.16403618454933167
ZNF587B,0.01923583634197712,0.035922132432460785,0.038267459720373154,0.023139236494898796,0.037970930337905884,0.017950724810361862,0.09365185350179672,0.020631039515137672,0.030490143224596977,0.02361164055764675,0.02486250549554825,0.05414285510778427,0.025088798254728317,0.04452081024646759,0.1748112589120865
ZNF707,0.03178374469280243,0.028827033936977386,-0.008340178057551384,0.0022892248816788197,0.03952100872993469,-0.022940771654248238,0.03417046740651131,0.0021577102597802877,-0.017036089673638344,-0.004319245461374521,0.027412049472332,0.019123174250125885,-0.03991734981536865,0.00374652910977602,0.03703729063272476
ZNF716,,0.042524486780166626,-0.004384573549032211,,-0.023597251623868942,,,-0.00200234679505229,,-0.033197805285453796,-0.004820777103304863,,,-0.018647626042366028,0.0036486489698290825
ZNF787,0.042429063469171524,0.0554724745452404,0.056758783757686615,0.03133443370461464,0.07458814233541489,0.06210791692137718,0.12716098129749298,0.037247609347105026,0.12229296565055847,0.12084336578845978,0.13795241713523865,0.1241169348359108,0.08107011765241623,0.10436217486858368,0.11659827083349228
ZNF84,0.10629314929246902,0.10878210514783859,0.13149473071098328,0.07141881436109543,0.10970038920640945,0.17325593531131744,0.170454204082489,0.13731448352336884,0.0646449476480484,0.08280931413173676,0.06632039695978165,0.08655476570129395,0.019806411117315292,0.03634875640273094,0.20146143436431885
ZNF90,0.023305874317884445,0.04556644707918167,0.010629206895828247,0.00350943417288363,0.01889006234705448,-0.0030785677954554558,-0.011395054869353771,0.020884279161691666,0.04461097717285156,0.07585234940052032,0.056372977793216705,0.0469600111246109,0.03476593643426895,0.022497570142149925,0.10495756566524506
