,V19T26-012_A1,V19T26-012_B1,V19T26-012_C1,V19T26-012_D1,V10F24-112_C1,V10F24-112_D1,V10F24-113_A1,V10F24-114_C1,V19T26-031_C1,V19T26-031_B1,V19T26-032_D1,V19T26-032_C1,V19T26-032_B1,V19T26-032_A1,janesick_vis
ABCA8,0.003543685656040907,0.010832343250513077,-0.017950719222426414,0.011755598708987236,-0.002660693135112524,-0.02402985841035843,-0.021879108622670174,0.012474337592720985,0.020614301785826683,-0.002337112557142973,0.01459595374763012,-0.01426472794264555,0.02457675337791443,-0.0005285115330480039,0.07783788442611694
ABCB7,0.08793997764587402,0.03350551798939705,0.06303679943084717,0.017550557851791382,0.05273193493485451,0.07925544679164886,0.0957433357834816,0.03116443194448948,0.08818686008453369,0.067620649933815,0.08133305609226227,0.07972323894500732,0.045370109379291534,0.040888287127017975,0.0380772165954113
ACAN,0.013785270974040031,0.024770362302660942,0.008107422851026058,0.004866085480898619,0.045056622475385666,-0.014333008788526058,0.11509586125612259,0.12814342975616455,0.012193971313536167,0.020852500572800636,-0.0123953428119421,0.022710416465997696,-0.007431359961628914,0.015757495537400246,-0.04261431843042374
ACAT2,0.13410741090774536,0.08162461966276169,0.07305391877889633,0.05563823878765106,0.0878816694021225,0.07672950625419617,0.1761947125196457,0.11529754847288132,0.19765356183052063,0.11830037832260132,0.11995679140090942,0.09239986538887024,0.14682085812091827,0.12388414144515991,0.11931799352169037
ACBD5,0.042282577604055405,-0.013457855209708214,0.019483532756567,-0.010422088205814362,0.057667747139930725,0.08780793100595474,0.016142142936587334,0.0416979044675827,0.08183829486370087,0.020029164850711823,0.04288040101528168,0.038194917142391205,0.042137984186410904,0.0385705903172493,0.065492644906044
ACP5,0.29297974705696106,0.3201647400856018,0.2731351852416992,0.24932913482189178,0.23112325370311737,0.27839770913124084,0.17562173306941986,0.17077520489692688,0.1223343014717102,-0.0037476038560271263,0.08645346760749817,0.11806151270866394,0.12273060530424118,0.08168517053127289,0.04811013117432594
ACTA2,0.3350514769554138,0.2651093900203705,0.39731520414352417,0.3885883092880249,0.18764932453632355,0.19258306920528412,0.4593554735183716,0.4677921533584595,0.31210023164749146,0.1496414989233017,0.2574618458747864,0.23002029955387115,0.22365544736385345,0.1431717723608017,0.12111277878284454
ACTB,0.3715905547142029,0.32441455125808716,0.49124768376350403,0.4525502622127533,0.2392958104610443,0.2642805278301239,0.22155478596687317,0.3627876341342926,0.16731609404087067,0.07931648194789886,0.04491950571537018,0.025164620950818062,0.11353611201047897,0.16979901492595673,0.06769005209207535
ACTC1,-0.012547699734568596,0.031328339129686356,-0.014331783168017864,-0.01912788115441799,0.014913673512637615,-0.039807237684726715,0.010057386942207813,0.07586119323968887,,0.05853574723005295,,-0.008527196012437344,0.21310816705226898,0.19967785477638245,-0.008541911840438843
ACTG2,0.04708828032016754,0.040696755051612854,0.07712004333734512,0.05711861327290535,0.0021247591357678175,0.027788355946540833,0.0844324380159378,0.16469143331050873,0.10393436253070831,0.04195008799433708,0.20048144459724426,0.22661173343658447,0.09668777137994766,0.047497812658548355,0.021775826811790466
ACVRL1,0.0932457372546196,0.09924209862947464,0.10895893722772598,0.09714660048484802,0.037749744951725006,0.0269800815731287,0.08299782127141953,0.08276141434907913,0.04605443403124809,0.04110993072390556,0.06094370409846306,0.006446359679102898,0.035780612379312515,0.05133986845612526,0.0199796911329031
ADAL,-0.007029564119875431,-0.003139575244858861,0.0159605760127306,0.00031773067894391716,0.01241279486566782,0.0036647063679993153,-0.010192115791141987,-0.019068092107772827,0.028579140082001686,0.017504926770925522,-0.005146433599293232,-0.02373245172202587,0.031882427632808685,-0.04288473725318909,-0.047002844512462616
ADAMTSL2,0.035837624222040176,0.07790148258209229,0.15112978219985962,0.08102546632289886,0.05968690291047096,0.059230826795101166,0.028383150696754456,0.06153107434511185,0.022206632420420647,-0.016923516988754272,0.03242946416139603,0.025143759325146675,-0.014694534242153168,-0.03629758208990097,-0.047281473875045776
ADAMTSL4,0.04209442436695099,0.04228239879012108,0.08432415872812271,0.07143952697515488,0.011483161710202694,0.02486095018684864,0.012686628848314285,0.0003229171852581203,0.016580402851104736,0.042502373456954956,-0.00027968548238277435,0.01888250932097435,0.01836967095732689,-0.012273931875824928,0.004923975095152855
ADGRD1,0.04139532148838043,0.0222222488373518,0.0034450090024620295,-0.016128404065966606,0.004184032790362835,-0.08569302409887314,0.02107989229261875,0.0019989667925983667,0.030599581077694893,0.007387854624539614,0.012767080217599869,0.012472626753151417,-0.002400462282821536,0.0025229931343346834,0.005249060690402985
ADRM1,0.22530212998390198,0.13209351897239685,0.14216092228889465,0.12450104206800461,0.1794615387916565,0.25259292125701904,0.3091166317462921,0.17724116146564484,0.17494964599609375,0.15020732581615448,0.18279948830604553,0.1566689908504486,0.10875274240970612,0.12850627303123474,0.1006356030702591
AHSA1,0.2648155391216278,0.19101814925670624,0.14993606507778168,0.1309870481491089,0.1647956371307373,0.1849292665719986,0.2730422616004944,0.12455517798662186,0.15426383912563324,0.1178596243262291,0.11215818673372269,0.09313954412937164,0.17772947251796722,0.16964347660541534,0.12025510519742966
AKAP8,0.09702355414628983,0.03957861289381981,0.04119959846138954,0.08054468780755997,0.08413277566432953,0.09942276030778885,0.06378334015607834,0.03358297795057297,0.10734827816486359,0.044345736503601074,0.11329049617052078,0.0937814861536026,0.05321535840630531,0.09376771748065948,0.017851175740361214
AKR7A2,0.10171890258789062,0.03747274726629257,0.023846974596381187,0.09186043590307236,0.08956896513700485,0.13014699518680573,0.11640755832195282,0.08777108043432236,0.12299279123544693,0.10564608126878738,0.08671246469020844,0.08136936277151108,0.11481671035289764,0.10276742279529572,0.061461977660655975
AKT1,0.20653988420963287,0.11080437898635864,0.046604376286268234,0.07899591326713562,0.22616291046142578,0.20194172859191895,0.27257686853408813,0.12155219167470932,0.20863457024097443,0.22461123764514923,0.19026005268096924,0.16859900951385498,0.23412950336933136,0.16010957956314087,0.17626681923866272
ALDH18A1,0.23309074342250824,0.11592233926057816,0.1358259618282318,0.14932771027088165,0.07787390798330307,0.09496434777975082,0.15324458479881287,0.0824953019618988,0.15167586505413055,0.16097968816757202,0.10461357235908508,0.10324111580848694,0.07965081185102463,0.0721830278635025,-0.014296392910182476
ALOX5AP,0.17492231726646423,0.18193913996219635,0.22021374106407166,0.11075755953788757,0.08061957359313965,0.02538537234067917,0.08325081318616867,0.0757625475525856,0.1827164888381958,0.015000317245721817,0.08639548718929291,0.0867677703499794,0.0559283010661602,0.06647835671901703,-0.0016027186065912247
AMMECR1,0.0121772987768054,0.056464120745658875,-0.015533995814621449,0.0372990183532238,0.01569102145731449,0.06380049884319305,-0.03538602963089943,0.02008054032921791,0.0923866555094719,-0.009377806447446346,0.0681418627500534,0.06567234545946121,0.07370767742395401,0.08262848854064941,-0.028307467699050903
ANAPC16,0.16665130853652954,0.10688826441764832,0.062275905162096024,0.10305073857307434,0.05277114361524582,0.10708253085613251,0.14541032910346985,0.06803835928440094,0.12623192369937897,0.05327976495027542,0.13287168741226196,0.07134176790714264,0.10015162080526352,0.08117883652448654,0.2652260363101959
ANKRD12,0.21157455444335938,0.2858363389968872,0.3152390420436859,0.2789972424507141,0.004663744475692511,0.02630843222141266,0.06682031601667404,0.09703648090362549,0.12474051862955093,0.1158200204372406,0.026666516438126564,0.012704318389296532,0.05197950825095177,0.07944626361131668,-0.07171016931533813
ANKRD30A,,,,,0.03051934577524662,0.059108298271894455,0.010205687955021858,0.035228196531534195,0.051482412964105606,0.00796569138765335,0.04187094047665596,0.0663110762834549,0.022600021213293076,0.028447404503822327,0.24656909704208374
ANP32E,0.1624876707792282,0.12133760750293732,0.11427981406450272,0.05596645921468735,0.013623001985251904,0.010524050332605839,-0.017475221306085587,-0.0016032893909141421,0.06834156811237335,0.0469387024641037,0.0340040922164917,0.029452720656991005,0.015623633749783039,0.02775515615940094,0.023313570767641068
APOBEC3B,0.05130625516176224,0.025182461366057396,0.0045526172034442425,0.03332693129777908,0.04760582000017166,0.07966787368059158,0.13198962807655334,0.12108112126588821,0.022831991314888,0.014638802967965603,0.038410916924476624,0.02283848635852337,0.05974806100130081,0.036685407161712646,
APOC1,0.40324902534484863,0.4530490040779114,0.1718512922525406,0.1574583649635315,0.3670048713684082,0.4396243989467621,0.30131760239601135,0.4027427136898041,0.3746562600135803,0.07662467658519745,0.21518251299858093,0.23120296001434326,0.2556644678115845,0.2426692396402359,0.12605608999729156
APOL2,0.06242358684539795,0.03059358336031437,0.10396664589643478,0.03710480406880379,0.014915886335074902,-0.01721881330013275,0.049453072249889374,-0.010481179691851139,0.0890255942940712,0.12406127899885178,0.18262764811515808,0.17448760569095612,0.04074550047516823,0.09814862161874771,-0.01711408421397209
ARFGAP1,0.0387018583714962,0.04166833683848381,0.14908215403556824,0.06574072688817978,0.16219161450862885,0.137282133102417,0.12473094463348389,0.039667658507823944,0.06408090889453888,0.21723370254039764,0.13266780972480774,0.14517547190189362,0.07441594451665878,0.10488209873437881,0.02887551300227642
ARFGAP2,0.10684214532375336,0.007188691757619381,0.08438863605260849,0.03794541209936142,0.07757590711116791,0.08406149595975876,0.15706902742385864,0.04652567580342293,0.11183199286460876,0.1171300932765007,0.14747697114944458,0.14343558251857758,0.056188877671957016,0.06589484214782715,0.18551278114318848
ARHGAP12,0.044055867940187454,0.0731026753783226,0.02510044164955616,-0.003605411620810628,0.1443781703710556,0.09276340156793594,0.09412436932325363,0.026530401781201363,0.07606775313615799,0.010574954561889172,0.04637054726481438,0.03579138219356537,-0.005970485042780638,-0.033900268375873566,0.14179565012454987
ARHGAP21,0.05594624578952789,0.03027770109474659,-0.026599600911140442,0.02583487331867218,0.011998172849416733,-0.014235613867640495,0.03878694400191307,-0.012108883820474148,0.004976841155439615,-0.04158234968781471,-0.01653364673256874,0.023230068385601044,0.004185469355434179,0.006688490975648165,-0.030599402263760567
ARHGEF6,0.03501323610544205,0.04399183392524719,-0.014621343463659286,0.028303951025009155,0.018528813496232033,0.03783348202705383,0.01242353767156601,0.008562474511563778,0.05279982462525368,-0.00329201715067029,0.0274994857609272,0.05629334971308708,0.008749641478061676,0.04354453831911087,-0.004198746755719185
ARID5B,-0.006039557512849569,0.08466944843530655,0.013129515573382378,0.06207708641886711,0.010345475748181343,0.005163267254829407,0.04165975749492645,0.008148529566824436,0.016451748088002205,0.032537661492824554,-0.020743459463119507,-0.009427462704479694,0.000407524174079299,-0.0053414409048855305,0.02526984177529812
ARL4D,0.017879368737339973,0.0023351965937763453,-0.06514589488506317,0.012067058123648167,0.039139777421951294,0.053065717220306396,0.04724846035242081,-0.0005922656273469329,0.022016864269971848,-0.028569607064127922,0.012587984092533588,0.015536078251898289,0.03716240078210831,0.023688174784183502,0.03838504105806351
ARL5A,0.006804615259170532,0.09675628691911697,0.08545545488595963,0.008551743812859058,0.004314189776778221,0.04250446707010269,0.027807967737317085,0.025226429104804993,0.014820746146142483,0.05562741681933403,0.052027180790901184,-0.0035245867911726236,-0.008607670664787292,0.039319656789302826,-0.020571541041135788
ARL8B,0.08648481220006943,0.055979181081056595,0.03578682243824005,0.08204778283834457,0.11736265569925308,0.17188742756843567,0.17153383791446686,0.09777982532978058,0.08954992890357971,0.0844559594988823,0.08439365029335022,0.08350959420204163,0.11902749538421631,0.12492138147354126,0.041918061673641205
ARPC4,0.16413027048110962,0.15159972012043,0.10994624346494675,0.0986403077840805,0.16313518583774567,0.17115505039691925,0.17058733105659485,0.08610007166862488,0.11865486204624176,0.141927570104599,0.081761933863163,0.08373823016881943,0.0586358942091465,0.08807797729969025,-0.044213563203811646
ARV1,0.10228536278009415,0.053020402789115906,0.04455762356519699,0.027157586067914963,-0.013128113932907581,0.016267672181129456,-0.0015404834412038326,-0.015406946651637554,0.15036579966545105,0.009012261405587196,0.14848855137825012,0.1239067018032074,0.14631371200084686,0.20191651582717896,0.2673383057117462
ASXL1,0.12266987562179565,0.09835235029459,0.05530254542827606,0.0594136118888855,0.03877825289964676,-0.014793266542255878,0.045717593282461166,-0.020249074324965477,0.03680291771888733,-0.012883682735264301,0.01126717496663332,0.020526092499494553,0.03550344705581665,0.04403664171695709,0.01076075155287981
ATF2,0.06231570616364479,0.0454559363424778,-0.008554686792194843,0.06836508959531784,0.0650026947259903,0.10342276841402054,0.09081491082906723,0.013821182772517204,0.06903903931379318,0.06109583005309105,0.04024965316057205,0.06695140153169632,0.011816496029496193,0.051236312836408615,0.06485965102910995
ATP6V1D,0.07657186686992645,0.0037063267081975937,0.05945683270692825,0.07769586145877838,0.06228232383728027,0.12051275372505188,0.17059426009655,0.09581823647022247,0.08982064574956894,0.04852882772684097,0.06893211603164673,0.03965076059103012,0.10977257788181305,0.13266010582447052,0.12817922234535217
ATRIP,0.02369755506515503,0.02801024541258812,-0.014339888468384743,0.02413024567067623,0.02819192409515381,0.019520681351423264,0.05699684098362923,0.019961586222052574,0.013062307611107826,0.02990371361374855,0.07430027425289154,0.06297514587640762,0.02813725359737873,0.03266749531030655,-0.07013973593711853
ATXN10,0.2495211362838745,0.17949417233467102,0.18920712172985077,0.11494924873113632,0.006208880804479122,0.02946598269045353,0.02891423925757408,0.044528618454933167,0.18252862989902496,0.06368092447519302,0.13384342193603516,0.12905828654766083,0.14970944821834564,0.11189954727888107,0.011740175075829029
ATXN2,0.008761296980082989,-0.002146153012290597,0.04593760520219803,0.01803329586982727,0.07721752673387527,0.09306696057319641,0.030878344550728798,0.017271291464567184,0.00016921243513934314,0.04623568803071976,0.03453035652637482,0.024137327447533607,-0.019027091562747955,0.02489166334271431,-0.015796881169080734
AURKAIP1,0.31973299384117126,0.14276263117790222,0.15296228229999542,0.15963244438171387,0.24095866084098816,0.22166414558887482,0.2945820689201355,0.19059747457504272,0.24694272875785828,0.1601409912109375,0.1404534876346588,0.2062036246061325,0.1694858819246292,0.23356015980243683,0.08115289360284805
AURKB,0.11807160079479218,0.11975559592247009,0.12643751502037048,0.1530260443687439,0.09712253510951996,0.12393683195114136,0.1785936802625656,0.08710208535194397,0.11230424791574478,0.0824291855096817,0.08047537505626678,0.042314015328884125,0.05022089555859566,0.09596014767885208,0.1296897679567337
B4GALT7,0.04698016867041588,0.020773859694600105,-0.011301887221634388,-0.01691567339003086,0.02643965743482113,-0.02398057095706463,0.05286791920661926,0.016736939549446106,0.07250730693340302,0.03392067924141884,0.09064330160617828,0.08763932436704636,0.06371515244245529,0.07194018363952637,0.022998832166194916
BANF1,0.37473204731941223,0.26864996552467346,0.2958255410194397,0.26416778564453125,0.19420914351940155,0.2503918409347534,0.3064601421356201,0.24169309437274933,0.26274925470352173,0.14330783486366272,0.22396323084831238,0.1892717480659485,0.21320083737373352,0.22716036438941956,0.13135063648223877
BAZ2B,0.021422522142529488,0.021427486091852188,-0.011688795872032642,0.03698097541928291,0.0439453050494194,0.027470014989376068,0.05506107211112976,-0.0037265371065586805,0.01008080318570137,0.04407145082950592,0.03354402258992195,0.02659299038350582,-0.0038593339268118143,0.02251751720905304,-0.0696391761302948
BBS2,0.11901824921369553,0.09942402690649033,0.07474924623966217,0.0992266982793808,0.016189560294151306,0.01901029795408249,0.017370792105793953,0.00790995080024004,0.07631266117095947,0.06149347499012947,0.03904463350772858,0.03908492252230644,0.0661020278930664,0.08352877199649811,-0.005027067847549915
BECN1,0.09823966771364212,0.08689763396978378,0.10592179745435715,0.051375679671764374,0.05055113136768341,0.04985237866640091,0.03228062018752098,0.0021064947359263897,0.045394416898489,0.027919992804527283,0.05922919511795044,0.0574488490819931,0.06382878124713898,0.0854729488492012,-0.006263046525418758
BEND3,0.11642755568027496,0.0629163607954979,0.1257467120885849,0.08857864886522293,0.041244156658649445,0.056188248097896576,0.12319304049015045,0.09080977737903595,0.056789688766002655,0.034381113946437836,0.001018778420984745,0.0256365779787302,0.02005169354379177,0.005275843199342489,0.03570475056767464
BMPR1B,0.2228851318359375,0.1386490762233734,0.13508294522762299,0.08143914490938187,0.01568004861474037,0.025165541097521782,0.0032892448361963034,-0.015552781522274017,0.004717502277344465,0.004770633764564991,-0.014023363590240479,-0.011927084065973759,0.0031897895969450474,-0.011759763583540916,-0.012112235650420189
BNIP2,0.050288934260606766,0.004835061263293028,0.024192210286855698,0.036123666912317276,0.02186330407857895,0.018095821142196655,0.004208164289593697,0.0026423113886266947,0.04437750205397606,0.08532403409481049,0.016891686245799065,0.034119073301553726,0.0012746016727760434,-0.021659117192029953,-0.03221120685338974
BPTF,0.016962535679340363,0.02800006978213787,0.027919543907046318,0.057052116841077805,0.20577815175056458,0.2023155689239502,0.13463173806667328,0.07426390051841736,0.03194515034556389,-0.02891639433801174,0.05742800980806351,0.009229089133441448,0.006865635048598051,0.05185548961162567,-0.12133312225341797
BRMS1,0.034628164023160934,0.03948726877570152,0.04659499228000641,0.024246642366051674,0.08400723338127136,0.07774008065462112,0.14425021409988403,0.09221400320529938,0.022825827822089195,0.08789665251970291,0.07328903675079346,0.05970350280404091,0.0032894720789045095,0.05251654237508774,-0.01317646261304617
BTBD6,0.1424936205148697,0.05502080172300339,0.09627476334571838,0.049408845603466034,0.06613447517156601,0.06516464054584503,0.14126941561698914,0.05877769738435745,0.1064988449215889,0.08202482759952545,0.13772374391555786,0.1050301268696785,0.10131372511386871,0.12472940981388092,0.07456588745117188
BTN2A1,0.09482713043689728,0.07642633467912674,0.06592366844415665,0.035103220492601395,0.0016822830075398088,0.01306599099189043,0.05441044643521309,0.02845945581793785,0.04206904023885727,-0.01879853755235672,0.03706489875912666,0.04220692440867424,0.061938103288412094,0.022012894973158836,0.006301442161202431
BTN3A2,0.03439789637923241,0.027380889281630516,-0.010050692595541477,-0.0047032698057591915,-0.011516839265823364,0.002307533286511898,0.013824761845171452,0.059166133403778076,0.006738018244504929,0.029651787132024765,0.004033556208014488,0.038097623735666275,0.024405604228377342,0.027980422601103783,0.09287352859973907
BYSL,0.14575952291488647,0.09232928603887558,0.125351682305336,0.09057962149381638,0.043740689754486084,0.0302423182874918,0.09267637878656387,0.05371473357081413,0.10317260026931763,0.05201434716582298,0.12160438299179077,0.0802493542432785,0.07259280234575272,0.13325931131839752,0.1882951557636261
C12orf54,-0.011047241277992725,0.02104013040661812,-0.015650255605578423,0.003585472237318754,-0.01041101012378931,0.013087187893688679,0.008540771901607513,-0.008977005258202553,-0.012312262319028378,0.0019572072196751833,0.01973143219947815,-0.0025382430758327246,0.006202776450663805,0.027043119072914124,0.0036995396949350834
C14orf119,0.08413851261138916,0.044609393924474716,0.07772894203662872,0.03905438259243965,0.038120392709970474,0.1266959309577942,0.08175291121006012,0.06006602570414543,0.15100067853927612,0.10350125283002853,0.11754609644412994,0.12138471007347107,0.10920735448598862,0.1407814472913742,0.003962604328989983
C17orf67,-0.011245916597545147,0.04912449046969414,-0.010025807656347752,-0.043348584324121475,-0.008333409205079079,0.06289304047822952,0.0688500627875328,0.03874940425157547,0.01031819824129343,0.02750026248395443,0.010225810110569,-0.009184197522699833,0.01642225682735443,-0.00023240403970703483,0.008718644268810749
C19orf12,-0.003609255887567997,0.026359762996435165,-0.0028014122508466244,0.05368990823626518,-0.010545150376856327,0.01568138226866722,0.015503461472690105,0.046218857169151306,0.03219618275761604,0.05137760937213898,0.0037985295057296753,0.019815655425190926,0.05490119382739067,0.04546644166111946,-0.02007666602730751
C19orf48,0.2216339409351349,0.09103181213140488,0.11958425492048264,0.10910557955503464,0.14989164471626282,0.118436299264431,0.20256072282791138,0.08067795634269714,0.19095920026302338,0.23131553828716278,0.2159699648618698,0.20369119942188263,0.15065273642539978,0.1499430388212204,0.18112142384052277
C1QL2,0.0037327944301068783,0.0036214524880051613,0.01301109604537487,0.014925419352948666,-0.02684759721159935,0.011818750761449337,-0.009186788462102413,0.00964323803782463,,,-0.007384364493191242,-0.008594765327870846,-0.0034973055589944124,-0.0041363900527358055,0.013985802419483662
C20orf27,0.10149312764406204,0.03538239374756813,0.10504183173179626,0.08628323674201965,0.001810214831493795,0.04829126596450806,0.01606595516204834,0.02538839913904667,0.06392540782690048,0.03426332399249077,0.048994533717632294,0.10727710276842117,0.0764276385307312,0.106084443628788,0.054608747363090515
C3,0.5627681612968445,0.5829598903656006,0.465736985206604,0.4009174108505249,0.24953269958496094,0.21824342012405396,0.26408126950263977,0.39962297677993774,0.5000554919242859,0.11968962103128433,0.202471524477005,0.20927365124225616,0.3469630181789398,0.2980416417121887,0.35588252544403076
C6orf163,0.007125565782189369,-0.021517083048820496,0.05976631119847298,0.03213391453027725,-0.01509686466306448,-0.03705504164099693,0.024436723440885544,-0.004999652039259672,0.019163288176059723,0.0024931083898991346,-0.010685289278626442,-0.0013099209172651172,0.0011212938698008657,0.011550161056220531,0.006085656117647886
C9orf16,0.2227145880460739,0.10222020000219345,0.07517927885055542,0.08274774998426437,0.16822098195552826,0.1917104572057724,0.35783615708351135,0.1656198650598526,0.10320358723402023,0.1766878068447113,0.11361938714981079,0.11991917341947556,0.06982070207595825,0.1148643046617508,0.11407903581857681
CALD1,0.15696649253368378,0.15174631774425507,0.2280339151620865,0.2273584008216858,0.11081059277057648,0.10879910737276077,0.38128000497817993,0.390962153673172,0.31138622760772705,0.12298285961151123,0.15186016261577606,0.12673678994178772,0.12370379269123077,0.10209843516349792,0.300557941198349
CASZ1,0.10940630733966827,0.07367069274187088,0.07705315947532654,-0.01937299408018589,0.09765613824129105,0.07843555510044098,0.22360220551490784,0.10832807421684265,0.1863212138414383,0.05532047897577286,0.18003305792808533,0.1801399141550064,0.17913906276226044,0.16872450709342957,0.22398073971271515
CCDC125,0.039162248373031616,0.01229849737137556,-0.00315186008810997,-0.030044972896575928,0.06639716774225235,0.07920137792825699,0.06990138441324234,0.07217128574848175,0.11081577837467194,0.04180879145860672,0.1230400800704956,0.09508668631315231,0.13210313022136688,0.10874484479427338,0.07487011700868607
CCDC134,0.021172139793634415,0.02484397031366825,-0.0010696975514292717,-0.049714308232069016,0.0421563945710659,0.02920389734208584,0.013790703378617764,0.035893697291612625,0.0001267276966245845,0.001090079895220697,0.006631886120885611,-0.0014424382243305445,0.023861318826675415,0.013724399730563164,0.00990145280957222
CCDC142,-0.020762545987963676,0.018877902999520302,0.011892256326973438,0.00461108423769474,0.017341360449790955,-0.0147663289681077,-0.014745322987437248,0.01563360169529915,-0.0004034841840621084,-0.011573918163776398,0.017361227422952652,0.02490137331187725,0.03727101534605026,0.024355214089155197,0.00449918070808053
CCDC167,0.025771113112568855,0.0056455377489328384,-0.010387778282165527,0.022537298500537872,0.11663564294576645,0.17553113400936127,0.367329865694046,0.21715445816516876,0.13882295787334442,0.1202157586812973,0.0675414651632309,0.06654738634824753,0.057397931814193726,0.10820843279361725,0.11631669104099274
CCDC30,0.007355143316090107,0.018648521974682808,0.026451507583260536,-0.0035469953436404467,0.05847549065947533,0.03543674573302269,0.018819041550159454,-0.004390663001686335,0.0356820710003376,-0.02550462819635868,-0.017066719010472298,0.0209957305341959,0.0010262748692184687,0.004114664625376463,-0.04232124239206314
CCDC80,0.37182751297950745,0.38699451088905334,0.31417715549468994,0.2910556197166443,0.21314406394958496,0.12437000870704651,0.29012545943260193,0.2955685555934906,0.42699265480041504,0.10704682022333145,0.29501354694366455,0.29437875747680664,0.3134419918060303,0.25931060314178467,0.5292022228240967
CCL19,0.2689230442047119,0.20090478658676147,0.0447658933699131,0.035925738513469696,0.03779245540499687,-0.02581365406513214,0.08359527587890625,0.0375872477889061,0.42559170722961426,0.18135593831539154,0.2544479966163635,0.2764003276824951,0.1650608330965042,0.1769016981124878,0.04987448453903198
CCL21,0.11790318787097931,0.11668786406517029,0.0011986487079411745,0.010146932676434517,-0.0210533756762743,,0.04945939779281616,0.06595712155103683,0.07176559418439865,0.026441846042871475,0.0028712102212011814,0.01354577299207449,0.061137501150369644,0.02041826769709587,-0.058952003717422485
CCL4,0.1371990442276001,0.17363598942756653,0.1045498177409172,0.07044396549463272,0.12773311138153076,0.027116084471344948,0.08876971155405045,0.10400737076997757,0.12693451344966888,-0.027222035452723503,0.05967269465327263,0.08755607903003693,0.10364019870758057,0.033591922372579575,0.024378342553973198
CCNK,0.060324981808662415,0.05189428851008415,-0.012426006607711315,0.04518875479698181,0.09831994026899338,0.08019258081912994,0.08491185307502747,0.07018578797578812,0.0720406025648117,0.025872843340039253,0.034896355122327805,0.032027024775743484,0.06911497563123703,0.05290056765079498,0.06318801641464233
CCZ1,0.1312088668346405,0.09997804462909698,0.05178458243608475,0.046951934695243835,0.05513858422636986,0.05713190883398056,0.04703240469098091,0.019713008776307106,0.09168010950088501,0.026500597596168518,0.15666434168815613,0.10780800879001617,0.09348127245903015,0.13588739931583405,0.09938197582960129
CD19,0.059460144490003586,0.016632404178380966,0.033465415239334106,-0.03149934858083725,0.02185385674238205,0.011278669349849224,0.023729102686047554,0.01527567021548748,0.1093774139881134,0.03777838870882988,0.01309545524418354,0.035319387912750244,0.04920737072825432,0.04250407591462135,0.032431673258543015
CD248,0.09401341527700424,0.13370969891548157,0.15110549330711365,0.11614451557397842,0.08466118574142456,0.07602250576019287,0.07929464429616928,0.08582405000925064,0.15112636983394623,0.039830196648836136,0.02489534765481949,0.04069225862622261,0.11221274733543396,0.09145987778902054,0.1536858081817627
CD2BP2,0.10197371244430542,0.04498840868473053,0.06348903477191925,0.02656928449869156,0.09939228743314743,0.10137813538312912,0.18962880969047546,0.1185428649187088,0.11572084575891495,0.15534473955631256,0.1251060962677002,0.16684745252132416,0.10344117134809494,0.09825588017702103,0.0024670520797371864
CD40,0.1595211923122406,0.13775697350502014,0.18214909732341766,0.0982334166765213,0.0659550130367279,0.06370262056589127,0.07224062830209732,0.07492504268884659,0.1260087937116623,0.040488481521606445,0.09821699559688568,0.11876928061246872,0.0659882128238678,0.018404876813292503,0.05021878331899643
CD44,0.17833654582500458,0.15732775628566742,0.09485679119825363,0.11296210438013077,0.08504162728786469,0.08814217895269394,0.1820412427186966,0.15020522475242615,0.2950563430786133,0.0266167763620615,0.212191641330719,0.1650926172733307,0.20607809722423553,0.20259857177734375,0.03285329043865204
CD74,0.6684483289718628,0.6535437107086182,0.6393551230430603,0.5419895648956299,0.4352833926677704,0.42955029010772705,0.5439073443412781,0.6088780164718628,0.4443441927433014,0.15283340215682983,0.21453726291656494,0.257392555475235,0.29796481132507324,0.21208801865577698,0.1728896200656891
CD80,0.015755122527480125,-0.01641163043677807,-0.016884807497262955,-0.007803972344845533,0.025707988068461418,0.025691671296954155,0.053406111896038055,0.045577023178339005,0.007972328923642635,0.024304738268256187,-0.009211461991071701,0.01143184956163168,-0.00028733181534335017,-0.016639992594718933,0.036769378930330276
CDC123,0.24338914453983307,0.2076849490404129,0.2318679839372635,0.2058909833431244,0.05184505134820938,0.10595805197954178,0.12297475337982178,0.04385535791516304,0.12074294686317444,0.0657053217291832,0.09484454989433289,0.09164122492074966,0.10390698164701462,0.11806809902191162,0.08961241692304611
CDC20,0.15449674427509308,0.07351682335138321,0.037345729768276215,0.0752965584397316,0.10076954215765,0.13576023280620575,0.23430925607681274,0.0814782977104187,0.1747630387544632,0.11686784029006958,0.14708885550498962,0.12875482439994812,0.1253049522638321,0.11658107489347458,0.21632888913154602
CDC34,0.14140090346336365,0.06263478100299835,0.04222188517451286,0.03541227802634239,0.14206837117671967,0.14769916236400604,0.28316932916641235,0.09808483719825745,0.06983798742294312,0.1377595067024231,0.10225605964660645,0.137945294380188,0.06542155146598816,0.13503336906433105,-0.04646842181682587
CDCA2,0.03153552860021591,0.018648674711585045,0.010119305923581123,-0.03730323910713196,0.007333248388022184,-0.008672255091369152,0.0410892553627491,0.03196968510746956,0.06879568845033646,-0.007343639619648457,0.026805706322193146,0.020347442477941513,0.055348895490169525,0.009915696457028389,0.08924785256385803
CDCA3,0.12612636387348175,0.05367889255285263,0.1105196475982666,0.08200469613075256,0.10344208776950836,0.09183268249034882,0.22718937695026398,0.13229875266551971,0.14243513345718384,0.09518216550350189,0.05622120201587677,0.10384135693311691,0.10841038823127747,0.1096070185303688,0.16294562816619873
CDCA8,0.06491678953170776,0.014257441274821758,0.07750263810157776,0.016541605815291405,0.034922853112220764,0.0988752543926239,0.1427457630634308,0.06700298935174942,0.07379110902547836,0.03366120904684067,0.060287997126579285,0.05314330756664276,0.015510192140936852,-0.0033918169792741537,-0.006324396468698978
CDK1,0.20459191501140594,0.10772528499364853,0.11727843433618546,0.15466929972171783,0.06848551332950592,0.09157932549715042,0.1892937272787094,0.09846604615449905,0.21432025730609894,0.12943823635578156,0.15458369255065918,0.12478812783956528,0.12226579338312149,0.129122793674469,0.44311243295669556
CDK12,0.04310299828648567,0.030745625495910645,-0.01198362372815609,0.0499347560107708,0.2604852318763733,0.2793976962566376,0.38849201798439026,0.3070472180843353,0.1620362251996994,0.07619530707597733,0.11152562499046326,0.08916865289211273,0.07257002592086792,0.09057627618312836,-0.058223873376846313
CDK3,0.015603798441588879,0.007963026873767376,0.04434775933623314,-0.006427289452403784,0.018047166988253593,0.04302693158388138,0.03973005712032318,-0.004005455877631903,0.014048372395336628,0.049313634634017944,0.031350310891866684,0.017154967412352562,0.032238706946372986,0.01750679686665535,-0.006385310553014278
CDK7,0.13476578891277313,0.14206229150295258,0.09519137442111969,0.10020972043275833,0.021188700571656227,0.03314482420682907,0.09454736113548279,0.05890820920467377,0.10745331645011902,0.05495542287826538,0.0950617715716362,0.08493056148290634,0.07489746809005737,0.08622165769338608,0.14003032445907593
CELSR2,0.15388864278793335,0.18373040854930878,0.16364659368991852,0.11026161164045334,0.06715932488441467,0.05285603553056717,0.13019366562366486,0.025666654109954834,0.1405879557132721,0.03225042670965195,0.04565029591321945,0.06986480951309204,0.04662147909402847,0.04899436980485916,0.056672386825084686
CEP164,0.012684419751167297,0.017035186290740967,0.04078684374690056,0.012819197960197926,0.009693574160337448,0.014776843599975109,0.028081636875867844,-0.0028421280439943075,0.025035839527845383,0.021797947585582733,0.057815082371234894,0.05123687535524368,0.03185991942882538,0.02426239848136902,0.03038717433810234
CERS4,0.011831137351691723,0.00786616001278162,-0.007714638486504555,0.03565148636698723,0.1275513917207718,0.188900887966156,0.2816345691680908,0.12555687129497528,0.22102458775043488,0.20602934062480927,0.20731621980667114,0.1679856926202774,0.15798412263393402,0.1894611120223999,0.05554118752479553
CFAP54,-0.013642131350934505,-0.03960929438471794,0.007771775592118502,-0.003264674451202154,-0.03670543059706688,0.005007245112210512,0.007886829786002636,0.01544121839106083,0.003226199420168996,-0.0062491269782185555,0.004303243476897478,-0.0010644752765074372,-0.006545576732605696,-0.006195123307406902,-0.009195754304528236
CFL1,0.2716754674911499,0.13622170686721802,0.11754696071147919,0.10794602334499359,0.2821502387523651,0.36738845705986023,0.22997231781482697,0.13880136609077454,0.22577811777591705,0.2925459146499634,0.20343101024627686,0.22167573869228363,0.1403966099023819,0.2401609569787979,0.1330026537179947
CHDH,0.1601477563381195,0.14122658967971802,0.12162910401821136,0.06971786171197891,0.10666473954916,0.11334528774023056,0.19867311418056488,0.11376561224460602,0.04953305050730705,0.04957997798919678,0.06544274091720581,0.04490189254283905,0.033789101988077164,0.05755271017551422,-4.7544483095407486e-05
CHEK1,0.13077810406684875,0.10368785262107849,0.07769697159528732,0.07011125236749649,0.05756046250462532,0.03832288086414337,0.13371524214744568,0.06763805449008942,0.09264742583036423,0.048649128526449203,0.047365203499794006,0.0478956513106823,0.017671125009655952,0.01669369451701641,0.15469999611377716
CHFR,0.03213723003864288,0.0011879897210747004,0.00979836005717516,0.042836498469114304,0.012135475873947144,0.04485379531979561,0.11648721992969513,0.04219426214694977,0.05012999475002289,0.027205530554056168,0.03422040864825249,0.04081134870648384,0.009123965166509151,0.032754577696323395,0.04804729297757149
CHIT1,0.150974303483963,0.12968355417251587,0.05945282056927681,0.02127525582909584,-0.0011832035379484296,-0.012275541201233864,0.0291383508592844,-0.0377141498029232,0.18757840991020203,0.04107917845249176,0.06376636028289795,0.11073782294988632,0.1157904714345932,0.11596686393022537,-0.021270787343382835
CHMP1A,0.15026983618736267,0.11585742235183716,0.040276702493429184,0.044403914362192154,0.16502322256565094,0.1608840972185135,0.17705102264881134,0.11072849482297897,0.09956809133291245,0.22776749730110168,0.15413722395896912,0.14516986906528473,0.10922253131866455,0.12520639598369598,-0.009536073543131351
CHMP2B,0.07759471237659454,0.049633823335170746,0.0002717216848395765,-0.004917570855468512,0.10114806890487671,0.11245763301849365,0.0395699106156826,0.030940966680645943,0.05917574092745781,0.03117993474006653,0.06911560148000717,0.0635133758187294,0.06880459934473038,0.04632992297410965,0.10288846492767334
CHMP6,0.06197551265358925,0.03043278306722641,0.04980788379907608,0.023143012076616287,0.014670776203274727,0.025002703070640564,0.036654941737651825,-0.029389800503849983,0.12062977254390717,0.09741789102554321,0.09444738924503326,0.1154891848564148,0.06430210173130035,0.0793754830956459,0.07472681254148483
CHPF,0.1723097860813141,0.13727691769599915,0.25668200850486755,0.19205328822135925,0.06563465297222137,0.08313070982694626,0.012751343660056591,-0.00043416055268608034,0.12098031491041183,0.16996438801288605,0.1518527865409851,0.16276124119758606,0.10391083359718323,0.15815584361553192,0.14182934165000916
CKS1B,0.2602127194404602,0.17008264362812042,0.1441832035779953,0.20572230219841003,0.15522564947605133,0.16912417113780975,0.3531827926635742,0.2637501358985901,0.2255936712026596,0.12457550317049026,0.19364148378372192,0.1366773545742035,0.21021020412445068,0.21284258365631104,0.26529985666275024
CLDN22,-0.02246910147368908,0.004377557896077633,-0.02340571954846382,-0.013859199360013008,,,-0.01706116460263729,-0.031228050589561462,0.013192006386816502,,,0.0034235527273267508,0.01575053296983242,0.004850188735872507,0.004290199838578701
CLEC2B,0.13638530671596527,0.12626923620700836,0.11840159446001053,0.10972151160240173,0.11697597801685333,0.06670962274074554,0.1733635812997818,0.18000836670398712,0.09222357720136642,0.044163383543491364,0.06485458463430405,0.02973901480436325,0.07674352824687958,0.06522872298955917,0.062040284276008606
CLIC6,0.0168254803866148,0.011957348324358463,-0.0068549346178770065,-0.032484352588653564,0.03001682460308075,-0.0012806522427126765,-0.013972862623631954,0.03832661733031273,0.07458493858575821,-0.05034080892801285,0.06017120182514191,0.042545393109321594,0.00676917377859354,0.043370772153139114,-0.0054921600967645645
CLMP,0.07034137099981308,0.08926200866699219,0.12415574491024017,0.12053272873163223,0.016762319952249527,-0.00990065187215805,0.07111936807632446,0.06707119941711426,0.05065242946147919,0.024848880246281624,0.01438777707517147,0.034767765551805496,0.04159999266266823,0.048084184527397156,0.21093934774398804
CLPB,0.04257018491625786,-0.00724830524995923,-0.00035528920125216246,-0.03870479390025139,-0.00509219616651535,0.050178226083517075,0.045121174305677414,0.03496692702174187,0.04483973979949951,0.02943621762096882,0.024485331028699875,-0.002580418949946761,-0.0069505441933870316,0.047703683376312256,0.011765131726861
CLU,0.11121901124715805,-0.022242235019803047,0.00244190264493227,-0.025626463815569878,0.16774529218673706,0.2257838100194931,0.24037551879882812,0.08431954681873322,0.012991555966436863,0.019586574286222458,-0.026568802073597908,0.023224201053380966,0.018556034192442894,0.0027314242906868458,-0.023579688742756844
CNOT6,0.2502845525741577,0.17301009595394135,0.1561262160539627,0.10042223334312439,0.06906253099441528,0.05781185254454613,0.12924505770206451,0.011599656194448471,0.21545948088169098,0.17312100529670715,0.1665440797805786,0.1495700627565384,0.1416935920715332,0.1324920654296875,0.33163535594940186
CNR2,0.017008598893880844,0.013384003192186356,0.01069317664951086,0.006214164663106203,,,-0.011906241066753864,-0.01819559931755066,0.010648109018802643,-0.013670031912624836,-0.02126617729663849,-0.006373997777700424,0.021071093156933784,-0.03206338360905647,-0.006063330918550491
COG7,0.13442391157150269,0.039275672286748886,0.06855695694684982,0.021286794915795326,0.07024466246366501,0.10532242804765701,0.08628497272729874,0.012640859000384808,0.06602560728788376,0.06852169334888458,0.060575418174266815,0.04633978009223938,0.07931509613990784,0.07814362645149231,0.13624203205108643
COL12A1,0.4631064832210541,0.3948676586151123,0.5418158769607544,0.45503148436546326,0.17733925580978394,0.19091461598873138,0.3438909649848938,0.3204522728919983,0.48236626386642456,0.18164731562137604,0.23366230726242065,0.22850552201271057,0.2137550562620163,0.20345596969127655,0.12616470456123352
COL1A1,0.6952119469642639,0.6263166069984436,0.6703848242759705,0.5899482369422913,0.31266850233078003,0.32751765847206116,0.5166530013084412,0.5038834810256958,0.7272555828094482,0.21138323843479156,0.5277771949768066,0.543921172618866,0.5012475252151489,0.4099215567111969,0.3230137825012207
COL4A1,0.16262374818325043,0.1731262356042862,0.22433964908123016,0.21924182772636414,0.13929788768291473,0.16859933733940125,0.3781268298625946,0.3632619380950928,0.23425604403018951,0.028164785355329514,0.1803019642829895,0.1368878334760666,0.11239887028932571,0.14261703193187714,-0.016940796747803688
COL4A2,0.13141873478889465,0.12982623279094696,0.23437851667404175,0.22971104085445404,0.16464968025684357,0.19665531814098358,0.3159419000148773,0.30879607796669006,0.1730506718158722,0.050656508654356,0.13154660165309906,0.13478131592273712,0.11524062603712082,0.10600613057613373,0.02368207648396492
COL5A2,0.3829292953014374,0.3022271394729614,0.4507938027381897,0.35686010122299194,0.1853020340204239,0.17541314661502838,0.38316336274147034,0.3832574486732483,0.43458688259124756,0.12054228782653809,0.1789027452468872,0.14588451385498047,0.2319929301738739,0.1790313422679901,0.24619510769844055
COL6A3,0.4322893023490906,0.35120436549186707,0.4504668414592743,0.38405129313468933,0.15986478328704834,0.12083014100790024,0.286007821559906,0.2764623165130615,0.33540600538253784,0.05383928120136261,0.12836217880249023,0.14419445395469666,0.21587426960468292,0.1913590431213379,0.11017229408025742
COL8A2,0.24016422033309937,0.17306414246559143,0.3388099670410156,0.21323280036449432,0.1185031533241272,0.06501214951276779,0.1723908632993698,0.15726575255393982,0.23198340833187103,0.10365739464759827,0.08790144324302673,0.10389218479394913,0.07999178767204285,0.08752751350402832,0.10381561517715454
COMP,0.321104496717453,0.29239311814308167,0.2666037082672119,0.22549399733543396,0.24806395173072815,0.2305186688899994,0.43589162826538086,0.4536294937133789,0.38727957010269165,0.14163389801979065,0.2007150650024414,0.14944365620613098,0.11803234368562698,0.12746310234069824,-0.09267962723970413
COPZ1,0.23835939168930054,0.12957711517810822,0.15430477261543274,0.13434380292892456,0.2038208395242691,0.20436318218708038,0.28120821714401245,0.18488949537277222,0.27211442589759827,0.1876259744167328,0.16687898337841034,0.17488686740398407,0.18949580192565918,0.1836944967508316,0.20475485920906067
COX7A1,0.16930678486824036,0.1418338418006897,0.23119229078292847,0.1469815969467163,0.0970194861292839,0.06074101850390434,0.250512033700943,0.2501230239868164,0.12078845500946045,0.04939534142613411,0.052830781787633896,0.012839649803936481,0.0763046070933342,0.05565478652715683,0.009001721628010273
CPE,0.1778331696987152,0.14240771532058716,0.2523539662361145,0.15995238721370697,0.13883076608181,0.1581481248140335,0.01698211394250393,0.05345401540398598,0.06835413724184036,0.053686678409576416,0.029071947559714317,0.05898038670420647,0.07360086590051651,0.09019172191619873,0.41039955615997314
CPNE3,0.1048678532242775,0.060189828276634216,0.027170389890670776,0.0635080486536026,0.23285521566867828,0.30968597531318665,0.35224923491477966,0.22205416858196259,0.17551448941230774,0.10515265166759491,0.12300865352153778,0.16823862493038177,0.1356143355369568,0.1339656561613083,-0.009012486785650253
CPNE5,0.060123950242996216,0.03981534764170647,0.001971477409824729,0.014262089505791664,0.04234285280108452,0.027550194412469864,0.036174025386571884,0.010355830192565918,0.06778466701507568,0.02333659678697586,0.033435944467782974,0.01252532284706831,0.033849503844976425,-3.0733513995073736e-05,0.014903038740158081
CPSF2,0.11184249073266983,0.06952200829982758,0.029157498851418495,0.04461070895195007,0.06383532285690308,0.03026949241757393,0.041580941528081894,0.02584787644445896,0.10037045925855637,0.10936339199542999,0.10935169458389282,0.08560963720083237,0.1266397088766098,0.07727216184139252,0.009126255288720131
CR2,0.0888124331831932,0.022097960114479065,0.007281975820660591,0.02109752967953682,0.009587683714926243,,-0.03852183371782303,-0.013388039544224739,0.11871317028999329,0.0037050533574074507,0.05072426423430443,-0.02301708050072193,-0.015592333860695362,0.007841438055038452,0.004876295104622841
CREB1,-0.015778040513396263,0.013704936020076275,0.007765039801597595,0.003667975077405572,0.04154022037982941,0.03440053388476372,0.045726653188467026,0.0075609562918543816,0.004122158978134394,0.04977033659815788,0.06298032402992249,0.060434870421886444,0.02158479019999504,0.015291635878384113,0.04507960006594658
CSF1,0.13912171125411987,0.16238363087177277,0.17967410385608673,0.17970170080661774,0.023551344871520996,0.029193609952926636,0.08103464543819427,0.0275364201515913,0.03274844214320183,0.04503600671887398,0.04164190590381622,0.056618642061948776,0.06687583029270172,0.09146272391080856,0.09122788161039352
CSMD1,0.05496414378285408,0.015131535939872265,0.020553085952997208,0.0074853673577308655,-0.00852969754487276,,0.002763874363154173,-0.010744225233793259,0.01203058660030365,0.0138240410014987,,-0.0010622505797073245,,,-0.03555048257112503
CSNK1D,0.10781624168157578,0.05009504407644272,0.057232219725847244,0.007421949878334999,0.11909202486276627,0.1477433741092682,0.1626359522342682,0.06787730753421783,0.11351758241653442,0.12225793302059174,0.0988185778260231,0.11590541899204254,0.06468018144369125,0.07450313121080399,0.11780412495136261
CTDSP1,0.07898019254207611,0.017950449138879776,0.06940346211194992,0.06409730017185211,0.1279875934123993,0.11282868683338165,0.12498243898153305,0.062313616275787354,-0.011537471786141396,0.07367894798517227,0.08523227274417877,0.045061029493808746,0.036462653428316116,0.0742778480052948,-0.006536629516631365
CTDSPL,0.024338217452168465,0.043884970247745514,0.04950205236673355,0.03239414840936661,0.06833411753177643,0.05026206746697426,0.044495221227407455,0.03664339706301689,0.03539527580142021,0.04929003119468689,0.04442071542143822,0.04759427160024643,-0.006975668948143721,0.04228983446955681,-0.02010061778128147
CTSK,0.35276350378990173,0.3468548357486725,0.43083611130714417,0.3210175335407257,0.11869008094072342,0.07826483249664307,0.1845254898071289,0.1582084447145462,0.3351515829563141,0.059952545911073685,0.17888857424259186,0.1417098343372345,0.2150619924068451,0.23625077307224274,0.38709861040115356
CXCL10,0.1865183413028717,0.21404099464416504,0.18230468034744263,0.07691331207752228,0.11679474264383316,0.14234504103660583,0.19029952585697174,0.20051424205303192,0.18887317180633545,-0.01222124882042408,0.1774348020553589,0.17068399488925934,0.1418457180261612,0.1323901265859604,0.07087887078523636
CXCL14,0.2803806662559509,0.16552981734275818,0.08184079080820084,0.0378715917468071,0.06279540061950684,0.04728183150291443,0.08370162546634674,0.07903458923101425,0.3458526134490967,0.06628354638814926,0.18377938866615295,0.1709093600511551,0.24510328471660614,0.2010597437620163,-0.1796599179506302
CXXC5,0.047702543437480927,0.07340001314878464,0.08297064900398254,0.027742108330130577,0.005280644632875919,0.0038993891794234514,0.004874808713793755,-0.03189924359321594,0.19343307614326477,0.07011083513498306,0.20267066359519958,0.17588526010513306,0.15797345340251923,0.19490937888622284,0.11006247997283936
CYFIP1,0.13413935899734497,0.09500868618488312,0.04568425938487053,0.03220495954155922,0.020588822662830353,0.0648237094283104,0.05325644835829735,0.035081274807453156,0.08297958970069885,0.11911188066005707,0.15302181243896484,0.08340805023908615,0.09732001274824142,0.07235587388277054,0.1342499852180481
CYP26B1,0.0625298023223877,0.021636182442307472,0.08298711478710175,0.06688178330659866,0.026562431827187538,-0.012304493226110935,-0.005197934340685606,0.03278570994734764,0.0319395437836647,0.03572520986199379,-0.02174944430589676,0.01161182764917612,-0.009917018003761768,0.01673528552055359,0.019144155085086823
CYREN,0.09275388717651367,0.02307254448533058,0.03413485363125801,0.024618053808808327,0.11272226274013519,0.0954815074801445,0.1802339106798172,0.09762974828481674,0.08377634733915329,0.06678115576505661,0.1088506281375885,0.09606844186782837,0.09210842102766037,0.08035270124673843,-0.07266033440828323
DAB2IP,0.07679903507232666,0.04942036047577858,0.05171896144747734,0.025122331455349922,0.07948048412799835,0.09519638866186142,0.09139058738946915,0.04229751229286194,0.033742260187864304,0.02817685902118683,0.016052590683102608,0.04995184391736984,0.03924379497766495,0.061679501086473465,0.060914311558008194
DCBLD1,0.08124858886003494,0.026981553062796593,0.026743289083242416,0.013053587637841702,0.06171122193336487,0.05357487127184868,0.000544759095646441,-0.005124599207192659,0.031424928456544876,0.0023460830561816692,-0.018231641501188278,0.03385898098349571,-0.010305758565664291,0.018007436767220497,-0.03155609965324402
DCLK3,0.011747162789106369,,0.01935100182890892,-0.014519616961479187,0.027780620381236076,0.005339376162737608,0.007256113924086094,-0.0037306388840079308,0.009854803793132305,0.01847352460026741,-0.03107335977256298,-0.017013829201459885,-0.004071022849529982,-0.014279087074100971,0.0032816724851727486
DCN,0.5238277912139893,0.5007471442222595,0.5738334655761719,0.48767128586769104,0.2631811201572418,0.21992158889770508,0.425321102142334,0.4484662711620331,0.5674863457679749,0.1647898554801941,0.2891117334365845,0.2412024438381195,0.36967387795448303,0.3121713101863861,0.5359692573547363
DCTN6,0.1364700049161911,0.08987794071435928,0.09601014107465744,0.09016072750091553,0.04180201143026352,0.05298442393541336,0.04629027098417282,0.01366189680993557,0.10111850500106812,0.05570090562105179,0.19433355331420898,0.17771750688552856,0.053447283804416656,0.10205090790987015,0.1077129915356636
DDT,0.35935911536216736,0.234204962849617,0.24465753138065338,0.22787000238895416,0.2507561445236206,0.2885874807834625,0.440203458070755,0.34163931012153625,0.3245476484298706,0.08394990116357803,0.18968971073627472,0.17603863775730133,0.23037293553352356,0.22221168875694275,0.07594913989305496
DDX41,0.13007567822933197,0.06421002745628357,0.004827138967812061,0.0027074620593339205,0.06309480965137482,0.1060863584280014,0.13247863948345184,0.0603744201362133,0.06619730591773987,0.040040187537670135,0.07627852261066437,0.09003399312496185,0.11344631761312485,0.09416355937719345,0.07302878797054291
DDX55,0.0456865131855011,0.04801873862743378,-0.02590644732117653,0.026401132345199585,0.07253950834274292,0.09146832674741745,0.0914672240614891,0.039372555911540985,0.05300261452794075,0.05439619719982147,0.06219061464071274,0.06464219093322754,-0.0029450329020619392,0.01663859747350216,0.05135158821940422
DEPP1,0.17231005430221558,0.24421446025371552,0.29483935236930847,0.24877354502677917,0.08718302100896835,0.06398844718933105,0.1337299942970276,0.09628282487392426,0.21550235152244568,0.14986467361450195,0.11103501915931702,0.09615132957696915,0.1446373164653778,0.10065988451242447,0.14435791969299316
DERL1,0.04300720617175102,0.03844047337770462,-0.00221425318159163,0.001039611641317606,-0.005994569510221481,-0.0024408085737377405,0.032696567475795746,0.009746012277901173,0.20377905666828156,0.016572527587413788,0.17653095722198486,0.13333165645599365,0.28159093856811523,0.2497483640909195,0.042165908962488174
DERL2,0.0936945229768753,0.06290806084871292,0.032098013907670975,0.05644380673766136,0.006937035825103521,0.027425264939665794,0.05662015825510025,0.054650381207466125,0.04579879716038704,0.0435437373816967,0.05104968696832657,0.04250813648104668,0.010174726136028767,0.03785739466547966,0.030047742649912834
DESI2,0.09755527228116989,0.022854449227452278,0.042162008583545685,0.014665281400084496,0.015325800515711308,0.025897197425365448,0.045801520347595215,0.0360393263399601,0.06207559257745743,0.04322423040866852,0.06563735008239746,0.057772446423769,0.08137407898902893,0.05203543230891228,0.06324827671051025
DHX15,0.20776444673538208,0.204948291182518,0.1156410500407219,0.14547252655029297,0.12923361361026764,0.1347838044166565,0.24139271676540375,0.15491406619548798,0.20052418112754822,0.11963625997304916,0.14796428382396698,0.13846971094608307,0.14029890298843384,0.12331113964319229,0.3561490774154663
DHX34,0.04454498365521431,0.045547500252723694,0.010382155887782574,0.013781785033643246,0.08620690554380417,0.043567076325416565,0.10459721833467484,0.04605042561888695,0.06614546477794647,0.08818665146827698,0.08342248201370239,0.10560870915651321,0.07577506452798843,0.03998740389943123,-0.026398586109280586
DHX38,0.1704992949962616,0.06419787555932999,0.036100588738918304,0.07430512458086014,0.078266441822052,0.10083198547363281,0.15008054673671722,0.011859171092510223,0.06383723020553589,0.07532615214586258,0.05229377746582031,0.0606086291372776,0.05217456445097923,0.0360058955848217,0.0423368364572525
DKC1,0.20663803815841675,0.16596874594688416,0.1810971200466156,0.1364445835351944,0.06698814034461975,0.061558373272418976,0.1127820611000061,0.07726418972015381,0.095137819647789,0.13279464840888977,0.11559968441724777,0.10385988652706146,0.0660105049610138,0.07370882481336594,0.10677921772003174
DLG3,0.14325571060180664,0.06995715200901031,0.05856786295771599,0.10539758205413818,0.1491987556219101,0.16040684282779694,0.30257365107536316,0.16756151616573334,0.20453166961669922,0.1564599573612213,0.13943634927272797,0.14857202768325806,0.10155713558197021,0.15413853526115417,0.20236483216285706
DLK1,0.01367306336760521,0.026517415419220924,,-0.0014542080461978912,-0.002128003165125847,0.04108160361647606,0.008057944476604462,0.015312309376895428,-0.00618825014680624,-0.029993413016200066,0.00526362843811512,-0.004761154297739267,-0.01172802783548832,-0.013993409462273121,-0.03291869908571243
DNAJC2,0.027587642893195152,-0.028675511479377747,-0.014113031327724457,0.008451130241155624,0.07287169247865677,0.047595154494047165,0.0442732535302639,0.06702371686697006,0.0073946318589150906,0.04781748354434967,0.08590258657932281,0.07118356972932816,0.06311716884374619,0.06768660992383957,0.034453898668289185
DNAJC27,-0.003787715919315815,0.011998947709798813,-0.008837316185235977,0.0035406751558184624,0.03047194890677929,0.04951518774032593,0.015215707011520863,-0.003561098827049136,-0.019513459876179695,-0.005510236602276564,0.031678661704063416,0.005516536068171263,-0.015566179528832436,0.01304630097001791,0.07860855013132095
DNASE2B,-0.03143306076526642,-0.008700945414602757,,0.03059406578540802,0.002916791010648012,,0.028503919020295143,-0.007231860421597958,0.011470085941255093,-0.019713371992111206,-0.012720029801130295,0.012878241948783398,,,0.004871141165494919
DPM3,0.19542260468006134,0.08060774207115173,0.06758300960063934,0.13063761591911316,0.2314864993095398,0.27952414751052856,0.45469677448272705,0.3142167031764984,0.14339309930801392,0.08969266712665558,0.12423796951770782,0.10386398434638977,0.04855731874704361,0.08978119492530823,0.08413400501012802
DPP3,0.1987399160861969,0.11981280893087387,0.1154446229338646,0.0858066976070404,0.16323457658290863,0.20492862164974213,0.2343500554561615,0.13429376482963562,0.16741187870502472,0.14737899601459503,0.16305410861968994,0.17590749263763428,0.11635933816432953,0.14197781682014465,0.12494992464780807
DPP4,0.0006188488914631307,0.00694252410903573,-0.015317711047828197,-0.02690381556749344,-0.01645538955926895,0.0013631671899929643,0.0008367222035303712,-0.013037807308137417,-0.0014715421712026,-0.020190773531794548,0.00800495408475399,-0.026285070925951004,0.005532366689294577,0.014758848585188389,-0.1183377057313919
DPP9,0.049838174134492874,0.06264098733663559,0.028130678460001945,0.0654568076133728,0.09529531002044678,0.05617985129356384,0.16141565144062042,0.07562889158725739,0.06157378479838371,0.009831416420638561,0.04909318685531616,0.0566592775285244,0.029551446437835693,0.07249607890844345,0.08053489029407501
DSP,0.32116860151290894,0.14171263575553894,0.26031365990638733,0.16112753748893738,0.23179109394550323,0.2592753767967224,0.351313978433609,0.23213589191436768,0.2692335844039917,0.10193439573049545,0.24604302644729614,0.1820298433303833,0.2015943080186844,0.1956763118505478,0.04593317210674286
DUS1L,0.17527663707733154,0.11975584179162979,0.08034384250640869,0.08442492038011551,0.08969312161207199,0.10026733577251434,0.206075981259346,0.053431231528520584,0.01782912202179432,0.1062031239271164,0.03247230872511864,0.010341146029531956,0.04404208064079285,3.982271300628781e-05,0.11282828450202942
DUSP12,0.045421816408634186,0.060288142412900925,0.06518560647964478,0.05336172506213188,0.03451027721166611,0.028747204691171646,0.04839913547039032,0.03764389827847481,0.14442260563373566,0.03450578823685646,0.08693509548902512,0.0950750932097435,0.12139818072319031,0.12126176059246063,0.1302773356437683
DUSP16,0.07120002061128616,0.04237060993909836,0.05912289023399353,-0.004390383139252663,0.11002625524997711,0.08872409909963608,0.09734465181827545,0.07272309064865112,0.15744182467460632,0.1446177363395691,0.08825206011533737,0.12403970211744308,0.1283169686794281,0.10483740270137787,0.10914036631584167
DUSP27,0.008013814687728882,,,,0.0056510497815907,-0.014410498552024364,-0.01546748448163271,-0.030546313151717186,,,,,,0.03552743047475815,-0.015683384612202644
E2F3,0.08923297375440598,0.04643813520669937,0.02295408956706524,0.014264770783483982,0.032551925629377365,0.0335150770843029,0.08014516532421112,0.01480402983725071,0.04943474009633064,0.06857389956712723,0.044282421469688416,0.032134760171175,0.030986806377768517,0.016817104071378708,-0.01827986352145672
E2F4,0.2121366560459137,0.19163675606250763,0.1913336217403412,0.12342137843370438,0.084274522960186,0.08856897801160812,0.08704003691673279,0.0228442270308733,0.07456065714359283,0.08274231106042862,0.028970682993531227,0.0442173071205616,0.03101625293493271,0.028674153611063957,-0.019344903528690338
EARS2,0.11357526481151581,0.0829777643084526,0.07378265261650085,0.06257344037294388,0.07239799946546555,0.05355283245444298,0.0695267990231514,0.00654407124966383,0.07497366517782211,0.08019500225782394,0.0726572573184967,0.05532575026154518,0.03336239978671074,0.06374672055244446,0.07206068933010101
ECHDC2,0.178183913230896,0.1743275672197342,0.10128258913755417,0.1109573096036911,0.00465240515768528,0.029327064752578735,-0.026852088049054146,0.004482998512685299,0.05601262301206589,0.04099347069859505,0.10495153069496155,0.09462649375200272,0.06254220753908157,0.08155050873756409,0.04279903322458267
EDAR,0.004454679787158966,0.030362870544195175,-0.019714446738362312,0.060767970979213715,0.014961824752390385,,0.024611201137304306,,,,0.0049568056128919125,,,,-0.013073022477328777
EFEMP1,0.07728057354688644,0.14241546392440796,0.05573282018303871,0.030960747972130775,0.09834755212068558,0.07995764166116714,0.15570507943630219,0.2520877420902252,0.07774108648300171,0.0211142897605896,0.018682800233364105,-0.00693691847845912,0.0005971373757347465,0.057039715349674225,0.4185493588447571
EIF2S3,0.2558481693267822,0.1388079822063446,0.13382701575756073,0.11245054751634598,0.04805673658847809,0.05622474104166031,0.04670962318778038,0.036262836307287216,0.22827981412410736,0.14362169802188873,0.20704668760299683,0.18000619113445282,0.23451684415340424,0.20711131393909454,0.06845696270465851
EIF3B,0.26030832529067993,0.14478334784507751,0.17520715296268463,0.10219454020261765,0.16389033198356628,0.17464716732501984,0.27633652091026306,0.11448236554861069,0.2044091820716858,0.23947228491306305,0.19042560458183289,0.2076239138841629,0.136007621884346,0.16141051054000854,0.027096036821603775
EIF3J,0.05960847809910774,-0.01591729186475277,0.09742773324251175,0.01158901583403349,0.017704475671052933,0.0616653747856617,0.05223860591650009,0.04194764047861099,0.09912355244159698,0.06414584070444107,0.08120901882648468,0.04715400189161301,0.04137527570128441,0.08406957238912582,0.12342163920402527
ELOA,0.10353099554777145,0.0757942721247673,0.04295200854539871,0.05602600798010826,0.053172461688518524,0.05161062628030777,0.10084663331508636,0.06056031212210655,0.07311635464429855,0.06678616255521774,0.006003899034112692,0.029817791655659676,0.08816518634557724,0.04060365632176399,0.13778142631053925
EMG1,0.11427300423383713,0.04672795534133911,0.07312606275081635,0.06463310122489929,0.06060167774558067,0.07837163656949997,0.11392925679683685,0.06593208014965057,0.10014185309410095,0.016882028430700302,0.021913588047027588,0.061053209006786346,0.05251995101571083,0.07163796573877335,-0.005500981584191322
EPCAM,0.3960697650909424,0.30935025215148926,0.3575485050678253,0.3020981550216675,0.27380889654159546,0.3323088586330414,0.5143881440162659,0.3567855656147003,0.3979959189891815,0.2369122952222824,0.24422422051429749,0.2242063730955124,0.24868817627429962,0.21941906213760376,0.28426387906074524
EPHB6,0.0281459279358387,0.011576705612242222,-0.0013410152168944478,0.04219449311494827,0.054668672382831573,-0.013711749576032162,0.01236579567193985,-0.012894975021481514,-0.0007585958810523152,0.004654340445995331,0.005848566070199013,0.013104641810059547,0.025098789483308792,0.005248281639069319,0.013621622696518898
ERBB2,0.04850045591592789,0.08509223908185959,0.04128263145685196,0.06860343366861343,0.33476731181144714,0.25175511837005615,0.26471588015556335,0.3299344778060913,0.4129883348941803,0.3530751168727875,0.3522464632987976,0.3413475453853607,0.32059669494628906,0.344694048166275,0.07512328028678894
ERBB3,0.30884766578674316,0.15337826311588287,0.14343403279781342,0.163509801030159,0.2897017002105713,0.27513712644577026,0.4244946539402008,0.3064647316932678,0.35196563601493835,0.30792927742004395,0.3229106366634369,0.25111910700798035,0.22599032521247864,0.23499545454978943,0.13607552647590637
ERGIC1,0.026629246771335602,-0.0011635354021564126,0.015895524993538857,-0.01583138294517994,0.17133231461048126,0.22747379541397095,0.10705696046352386,0.08551298826932907,0.18129144608974457,0.16870436072349548,0.11505910754203796,0.17348553240299225,0.17049315571784973,0.17372892796993256,0.2976703345775604
ESYT1,0.07412371039390564,0.04385609179735184,0.024240823462605476,0.015791159123182297,0.12495800852775574,0.11000645905733109,0.17867831885814667,0.0945202112197876,0.1228843554854393,0.09260731190443039,0.13816992938518524,0.0663619339466095,0.09116736054420471,0.12006332725286484,-0.02550593763589859
EVI2A,0.11386444419622421,0.15937717258930206,0.15033945441246033,0.1367264837026596,0.06052861735224724,0.04089866951107979,0.13118994235992432,0.1542293131351471,0.05428983271121979,0.012467124499380589,0.06454473733901978,0.04563096538186073,0.035101085901260376,0.02684633433818817,0.09702715277671814
EXOSC7,0.18103338778018951,0.14791372418403625,0.15208354592323303,0.13618426024913788,0.1842992603778839,0.2124190628528595,0.16753779351711273,0.12949879467487335,0.10573810338973999,0.0927942618727684,0.1185849979519844,0.12356986850500107,0.09088275581598282,0.07917795330286026,0.061177365481853485
FAAH,0.008692528121173382,0.023413650691509247,0.010143606923520565,0.02470477670431137,0.18145205080509186,0.157070130109787,0.22829866409301758,0.10092805325984955,0.08613595366477966,0.10118655860424042,0.09444640576839447,0.10502143949270248,0.08960887789726257,0.03612612560391426,0.047886043787002563
FAAP20,0.17985914647579193,0.1013779565691948,0.1090526431798935,0.0213635191321373,0.07937231659889221,0.0739131048321724,0.14246806502342224,0.10375804454088211,0.125834122300148,0.09340622276067734,0.0770314484834671,0.07998667657375336,0.06536789983510971,0.11347553879022598,0.029325198382139206
FABP4,0.046432849019765854,0.06727728247642517,0.013075186870992184,-0.005408846773207188,0.2372482419013977,0.2459036260843277,0.0022864132188260555,-0.04712407663464546,0.04682603478431702,-0.0008899277891032398,0.05347587540745735,0.030016163364052773,0.09448656439781189,0.16178733110427856,0.6559459567070007
FAF2,0.07251212000846863,0.023608095943927765,0.026038074865937233,0.026189541444182396,0.04481436684727669,0.08152205497026443,0.1170976385474205,0.04294709116220474,0.15821778774261475,0.06506185233592987,0.09871795773506165,0.0869276225566864,0.07832324504852295,0.11551230400800705,0.12607330083847046
FAM110A,0.048092182725667953,0.01971767097711563,0.0034625844564288855,0.013081876561045647,0.10603571683168411,0.09322568029165268,0.10253768414258957,0.0740111768245697,0.13471759855747223,0.1226918175816536,0.172925665974617,0.1441534012556076,0.10538015514612198,0.16732126474380493,0.14053741097450256
FAM151B,-0.019658822566270828,0.017633864656090736,-0.02327227033674717,-0.02046365477144718,-0.005184086039662361,0.020624909549951553,0.04530658945441246,0.0013575829798355699,0.03111402504146099,0.025002874433994293,0.015607564710080624,0.012339509092271328,-0.0042569697834551334,0.001388236996717751,0.04985353723168373
FAM193B,0.06644874066114426,0.04237131029367447,0.03974618390202522,0.0447334460914135,0.057269830256700516,0.008041124790906906,0.02194325439631939,0.0022824949119240046,0.05957186594605446,0.0937337651848793,0.10614781081676483,0.0858074277639389,0.1057090014219284,0.09920700639486313,-0.07217007875442505
FAM214B,-0.018830515444278717,0.014972995035350323,0.01796453818678856,0.03980141133069992,0.060807958245277405,0.05167275294661522,0.08352328091859818,0.006377612706273794,0.04803295060992241,-0.005121335387229919,0.04982753098011017,0.04536225274205208,0.04195616394281387,0.03523464500904083,0.005096360109746456
FAM228B,0.014672746881842613,0.011891229078173637,0.00029284387710504234,0.003060366492718458,-0.021129446104168892,-0.061982426792383194,0.0109231136739254,0.038439393043518066,-0.004121523816138506,-0.04704132676124573,0.006731575354933739,0.009742846712470055,-0.017000513151288033,-0.025854196399450302,-0.017807655036449432
FAM49A,0.06359248608350754,0.043161313980817795,0.03403239697217941,0.014154781587421894,-0.01404446642845869,0.04033401608467102,0.0629701241850853,0.04619709774851799,0.03943127393722534,-0.008478484116494656,0.00665273005142808,0.026434550061821938,0.004900891799479723,0.032377514988183975,0.0378231517970562
FAM71A,-0.011127081699669361,,,,,,0.01477598026394844,-0.015825463458895683,,0.0062987287528812885,,,,-0.02098981663584709,0.010717054829001427
FBN1,0.2897559702396393,0.2766413390636444,0.37994804978370667,0.31217437982559204,0.14170844852924347,0.1602228581905365,0.25033754110336304,0.32167866826057434,0.3203626573085785,0.1428711861371994,0.15886245667934418,0.12900462746620178,0.15342268347740173,0.15135416388511658,0.20798350870609283
FDCSP,0.08906068652868271,0.044343434274196625,0.006941999774426222,0.058446865528821945,,,,0.0357818603515625,0.15179593861103058,,-0.005806732457131147,0.040027957409620285,-0.03550370782613754,0.026864370331168175,-0.015587910078465939
FHL5,0.01902039721608162,0.014690782874822617,0.0021061256993561983,-0.01197726558893919,0.009925841353833675,-0.016769658774137497,0.011058392003178596,-0.01692110300064087,-0.020590541884303093,-0.024241670966148376,-0.010986014269292355,-0.012792974710464478,-0.003266841871663928,-0.011785339564085007,-0.025122949853539467
FLII,0.024764573201537132,0.02835122123360634,0.022472606971859932,0.027259133756160736,0.0721726268529892,0.06164959818124771,0.16701100766658783,0.07432865351438522,0.06775256246328354,0.06031793728470802,0.12762287259101868,0.09476078301668167,0.0898108184337616,0.07853128761053085,0.10602903366088867
FLT3,-0.0036459851544350386,0.013470092788338661,0.024703767150640488,0.0074195279739797115,-0.014341323636472225,0.03690263256430626,0.015726996585726738,0.019958075135946274,0.014042075723409653,0.043951816856861115,0.022330714389681816,0.03755982592701912,-0.00030771695310249925,0.005884386599063873,-0.05752876400947571
FOS,0.2870749235153198,0.25358420610427856,0.32932794094085693,0.2876359224319458,0.25130695104599,0.2578907907009125,0.2247418314218521,0.3022204041481018,-3.9413363992935047e-05,0.04230227693915367,0.022308818995952606,0.017564939334988594,0.04380756989121437,0.04380785673856735,0.21511247754096985
FOSB,0.04752663895487785,0.04447612538933754,0.01218499056994915,-0.0013693982036784291,0.0678793266415596,0.12148945033550262,0.028372185304760933,0.06846576929092407,-0.0008891497272998095,0.04019249230623245,0.003913646563887596,-0.031308867037296295,0.014339919202029705,0.04738105833530426,0.016133224591612816
FOXA1,-0.0079971207305789,-0.01766151376068592,0.0027794959023594856,-0.003977036569267511,0.2258797585964203,0.25392377376556396,0.39529865980148315,0.31427106261253357,0.31841617822647095,0.06446295976638794,0.2788592576980591,0.2563948929309845,0.3155587911605835,0.2326085865497589,0.24921877682209015
FOXH1,-0.004081921186298132,-0.04306206852197647,-0.011343772523105145,-0.033189237117767334,-0.0024571409448981285,-0.02464328333735466,0.026662157848477364,0.005636932794004679,0.009830549359321594,0.009309553541243076,0.03173137083649635,-0.002009321004152298,-0.012524145655333996,-0.003125455928966403,-0.025449704378843307
FRA10AC1,0.003569645108655095,0.00869105476886034,0.03299815207719803,0.028459880501031876,-0.038144584745168686,-0.0051186056807637215,0.0553499236702919,0.022228499874472618,0.002592960139736533,0.006820149719715118,-0.0034702643752098083,0.02243669703602791,0.014298816211521626,-0.008079561404883862,-0.09113214910030365
FYB1,0.37178167700767517,0.40277713537216187,0.2830931842327118,0.2638614773750305,0.14811734855175018,0.11637159436941147,0.2592722177505493,0.32654649019241333,0.2095305174589157,0.13535325229167938,0.059426404535770416,0.0433364100754261,0.06405127793550491,0.05758870393037796,-0.021736063063144684
G6PC3,0.08476138114929199,0.019377971068024635,0.02870749682188034,0.037075575441122055,-0.02086118794977665,0.03373320400714874,0.06427992135286331,0.006118114106357098,0.008161979727447033,0.049328725785017014,0.059932954609394073,0.06234404072165489,0.04209241271018982,0.05370102822780609,0.11253846436738968
GABRA5,0.06908480077981949,-0.0018569879466667771,0.04866136237978935,0.04160165414214134,-0.0030568279325962067,,0.014448797330260277,-0.0020586077589541674,,,,,0.019231470301747322,,-0.0014824765967205167
GALNT12,-0.016843624413013458,-0.029900800436735153,-0.026733415201306343,-0.01063856203109026,-0.01597537472844124,0.020888682454824448,0.016163773834705353,0.02463473007082939,-0.00037711815093643963,-0.014648179523646832,-0.03946489095687866,-0.029395410791039467,-0.004338899161666632,-0.007787072565406561,-0.03977655991911888
GALNT6,-0.038802552968263626,0.005980066955089569,0.0077179367654025555,0.0078436229377985,0.11919376999139786,0.09939737617969513,0.07438057661056519,0.07264216989278793,0.15434888005256653,0.17946243286132812,0.2027290165424347,0.2196117490530014,0.12662570178508759,0.1785147488117218,0.13621625304222107
GATA3,-0.013470557518303394,-0.02047688513994217,0.022632243111729622,0.021572235971689224,0.3187475800514221,0.30929654836654663,0.3597959578037262,0.2498525083065033,0.26762232184410095,0.1535237431526184,0.23469291627407074,0.26363956928253174,0.2724214792251587,0.2716217637062073,0.2847486734390259
GFM1,0.04522182419896126,0.050420861691236496,0.00301142199896276,0.03297889605164528,0.12283945828676224,0.12769865989685059,0.15489698946475983,0.10522609949111938,0.10812598466873169,0.0484941266477108,0.07929414510726929,0.026003694161772728,0.04722125455737114,0.05112723633646965,0.21952027082443237
GJA1,0.09733035415410995,0.08412579447031021,0.1527082473039627,0.11523714661598206,0.11204580217599869,0.05392751842737198,0.16078099608421326,0.1375226080417633,0.2622297704219818,0.1739053726196289,0.1615833044052124,0.1507587879896164,0.13803711533546448,0.17267738282680511,0.117093026638031
GLRX5,0.08672080934047699,0.03988190367817879,0.07463295757770538,0.05981901288032532,0.06714269518852234,0.11668930947780609,0.12657403945922852,0.06540609896183014,0.1586921215057373,0.12651148438453674,0.11313790082931519,0.13321635127067566,0.167078897356987,0.16484203934669495,0.05048876255750656
GLT8D1,0.05096817389130592,0.05090557038784027,-0.009757664985954762,0.012603974901139736,-0.000799519766587764,0.06173793971538544,0.02068355679512024,-0.02064233087003231,0.04203827306628227,0.03252362832427025,0.0594356469810009,0.03553200513124466,0.044268280267715454,0.04625709354877472,0.006846562027931213
GMCL1,0.1252598911523819,0.11253168433904648,0.1167544350028038,0.09922078251838684,0.07946781814098358,0.10692764073610306,0.09953773766756058,0.08078606426715851,0.0465417206287384,0.07353625446557999,0.02659781649708748,0.037368182092905045,0.06628064066171646,0.04764552414417267,0.08140469342470169
GMFG,0.2778885066509247,0.2730216383934021,0.20001597702503204,0.1657322645187378,0.16181828081607819,0.1148359477519989,0.2028956562280655,0.24397002160549164,0.26148858666419983,0.093490369617939,0.10249722748994827,0.14937224984169006,0.11797667294740677,0.16058216989040375,-0.030093804001808167
GMPS,0.11755579710006714,0.07033587247133255,0.09727554023265839,0.10046890377998352,0.06622619181871414,0.07671364396810532,0.2029271423816681,0.07801929861307144,0.1512860208749771,0.06665007025003433,0.12140950560569763,0.09651146829128265,0.17213089764118195,0.1212659403681755,0.2585587501525879
GNG2,0.07517678290605545,0.10124994814395905,0.04938136041164398,0.0766797736287117,0.03946394845843315,0.045474883168935776,0.06952007114887238,0.09509386867284775,0.07813595980405807,0.025490358471870422,0.004639288876205683,0.0176584143191576,0.03730231523513794,0.054921623319387436,0.09478725492954254
GNPDA1,0.12131205201148987,0.04272723197937012,0.09599931538105011,0.04745002090930939,0.07314977794885635,0.022022435441613197,0.0019960098434239626,0.024180950596928596,0.052248239517211914,0.06531690061092377,0.07295610755681992,0.06089795380830765,0.06425309926271439,0.03849604353308678,0.02074897289276123
GOLGA5,0.04630632698535919,0.06020461767911911,-0.017016561701893806,0.02743372693657875,0.04935314506292343,0.08027002215385437,0.026598693802952766,0.011016598902642727,0.10133234411478043,0.06989923864603043,0.10456394404172897,0.07097211480140686,0.12259639799594879,0.08929464966058731,0.11247968673706055
GOLGA8B,0.13104811310768127,0.1744307279586792,0.09293153136968613,0.08650659024715424,-0.0069109369069337845,-0.025011049583554268,0.046942733228206635,-0.015271749347448349,0.02261834405362606,0.023843269795179367,0.03970129042863846,0.038386501371860504,0.005687271244823933,0.025524869561195374,-0.03996016085147858
GOLT1B,0.03601020947098732,0.06297679990530014,0.010936366394162178,0.015686463564634323,0.01575271040201187,0.05347995460033417,0.022781433537602425,0.0021853565704077482,0.08837336301803589,0.05607614293694496,0.07006020098924637,0.05851246416568756,0.09203823655843735,0.07499322295188904,0.05601419508457184
GPN1,0.15481281280517578,0.0868801698088646,0.09316190332174301,0.07292604446411133,0.09169602394104004,0.08782179653644562,0.0607992447912693,0.023216815665364265,0.056368209421634674,0.04071555659174919,0.046067945659160614,-0.003520048689097166,0.05075586587190628,0.056108128279447556,0.09322432428598404
GPR137,0.05886943265795708,0.021618567407131195,0.04873986542224884,0.041839562356472015,0.10169154405593872,0.08205194771289825,0.12626855075359344,0.010879533365368843,0.05916464328765869,0.07331615686416626,0.061490632593631744,0.07970733195543289,0.03930247202515602,0.07246886938810349,0.07817256450653076
GPR150,0.005788214970380068,-0.021391060203313828,-0.026587501168251038,-0.023890599608421326,0.00373386824503541,,0.010012724436819553,0.012340862303972244,-0.011993077583611012,0.012294407933950424,0.0022035702131688595,0.017429498955607414,-0.03134627640247345,-0.01795242354273796,-0.013058223761618137
GPR39,0.02799713797867298,0.001624477095901966,-0.013423142023384571,0.013352355919778347,0.04903325438499451,0.034616224467754364,0.101706862449646,0.07170119881629944,0.04125417768955231,0.0808521956205368,0.023440662771463394,0.06274808943271637,0.09887105971574783,0.0916668027639389,-0.04710566997528076
GPX3,0.13883502781391144,0.17976592481136322,0.18519265949726105,0.20764458179473877,0.2061953842639923,0.3007000982761383,0.0810476541519165,0.047685205936431885,0.10607660561800003,0.056942567229270935,0.05556412786245346,0.038137517869472504,0.09898369759321213,0.10970734804868698,0.6267732381820679
GRB7,0.020383592694997787,0.03374438360333443,0.012072036042809486,0.002357030287384987,0.2529084384441376,0.28395208716392517,0.3973524570465088,0.24264496564865112,0.3256976902484894,0.2645754814147949,0.2582554221153259,0.2848590910434723,0.2200373262166977,0.18127258121967316,0.01437557116150856
GREB1,-0.005736236926168203,-0.025722108781337738,-0.013498603366315365,0.026522712782025337,-0.007658063434064388,-0.005606745835393667,-0.04857717454433441,-0.014605207368731499,0.13975530862808228,-0.0017816746840253472,0.1834435760974884,0.16349759697914124,0.18576104938983917,0.14890503883361816,0.004991468973457813
GRHL2,0.11941439658403397,0.10610595345497131,0.11671257764101028,0.037176165729761124,0.07466151565313339,0.06441287696361542,0.09955880045890808,0.06698160618543625,0.14535361528396606,0.08655248582363129,0.19836145639419556,0.18389958143234253,0.23509201407432556,0.25000494718551636,0.31673914194107056
GRM8,-0.022137349471449852,0.004553043749183416,-0.02612091600894928,0.00033557272399775684,0.0020556070376187563,-0.023556703701615334,0.008722341619431973,-0.00332890497520566,0.020229414105415344,0.007232531905174255,-0.017018254846334457,-0.03477096930146217,0.015202783048152924,0.007101502735167742,-0.008980129845440388
GSKIP,0.08263968676328659,0.0551743321120739,0.00020820472855120897,0.023602787405252457,0.0728684663772583,0.1049913838505745,0.07773105800151825,0.02716641314327717,0.12225980311632156,0.07087673991918564,0.08173613250255585,0.0514894500374794,0.11304614692926407,0.07896129786968231,0.1357562392950058
GTF2H4,-0.008659115992486477,0.0014815644826740026,0.024740533903241158,0.05147481709718704,-0.011766733601689339,-0.028199724853038788,0.010543832555413246,0.0018829784821718931,0.007687505800276995,0.025678440928459167,-0.01838885247707367,0.0278454776853323,0.035161662846803665,-0.01618485152721405,-0.05242448300123215
GTPBP4,0.14718849956989288,0.0951085016131401,0.08185619860887527,0.05392173305153847,0.07109808176755905,0.07332056015729904,0.12415027618408203,0.09848248958587646,0.07774209976196289,0.09226004779338837,0.0568460077047348,0.07042531669139862,0.05661691352725029,0.041724979877471924,0.03142332285642624
GTSE1,0.09651298075914383,0.045253902673721313,0.07333404570817947,0.047403473407030106,0.04321121424436569,0.03975998982787132,0.005888907238841057,0.03055308759212494,0.039549585431814194,0.027136294171214104,0.04636549949645996,0.04497811198234558,0.02771088294684887,0.08036965131759644,0.120237335562706
GZMK,0.2488834261894226,0.2044597566127777,0.059952981770038605,0.03266364336013794,0.09953388571739197,0.03501807898283005,0.1074400246143341,0.0658370703458786,0.24637924134731293,0.022797252982854843,0.11170491576194763,0.10375665128231049,0.1805451363325119,0.14852966368198395,0.039900071918964386
HARS2,0.10725508630275726,0.07017654925584793,0.07729160040616989,0.04783925041556358,0.09190072864294052,0.08336947858333588,0.09141742438077927,0.04771088436245918,0.10914494842290878,0.056742940098047256,0.03115508332848549,0.08978944271802902,0.05295412614941597,0.08091136068105698,0.1470799595117569
HBB,0.012650356628000736,0.024259718134999275,0.02474270761013031,0.022773634642362595,0.10791446268558502,0.11411497741937637,-0.022829411551356316,0.025965185835957527,0.007041622884571552,-0.02333039790391922,0.02998688444495201,0.01611359976232052,0.03134532272815704,0.039574891328811646,0.0014538653194904327
HDAC1,0.18746685981750488,0.1130986362695694,0.15473851561546326,0.0980699211359024,0.14355267584323883,0.13060860335826874,0.2219066172838211,0.13746631145477295,0.12520873546600342,0.07599407434463501,0.08726926147937775,0.0497896745800972,-0.006533829960972071,0.0641859769821167,0.1414080113172531
HDGF,0.2293042689561844,0.1111702248454094,0.16787515580654144,0.09664487838745117,0.1595591902732849,0.17262355983257294,0.17997302114963531,0.1346595138311386,0.17835141718387604,0.1451665312051773,0.17734359204769135,0.15154758095741272,0.2164076715707779,0.20867221057415009,0.13511110842227936
HECTD3,0.016610190272331238,0.04407535493373871,0.03149852156639099,-0.01790313422679901,0.045518070459365845,0.049683671444654465,0.043629929423332214,0.0293923057615757,-0.014857091009616852,0.019082210958003998,0.013971557840704918,0.010095166973769665,0.015354604460299015,0.004692350048571825,-0.0529288649559021
HEXIM2,0.051060955971479416,-0.008651191368699074,0.03008919022977352,0.01907055452466011,0.018501300364732742,0.018397744745016098,0.03834478557109833,0.004950498230755329,0.02137020044028759,-0.001438407227396965,0.006655754055827856,0.022487692534923553,0.01434282772243023,-0.0003095762222073972,0.03895721584558487
HID1,0.016682356595993042,0.008476102724671364,-0.03303127735853195,0.02122296206653118,0.17750957608222961,0.17182357609272003,0.25148269534111023,0.13055403530597687,0.18168878555297852,0.14990073442459106,0.09616991877555847,0.08989410102367401,0.0994015485048294,0.10011301934719086,0.08595335483551025
HIF1A,0.090172179043293,0.02817797288298607,0.07523171603679657,0.016324054449796677,0.040012869983911514,0.06707944720983505,0.07850015163421631,0.09844581037759781,0.12551656365394592,0.08386793732643127,0.11823374032974243,0.08490458130836487,0.16083544492721558,0.13010390102863312,0.027244936674833298
HM13,0.12693241238594055,0.08969003707170486,0.06414984911680222,0.05294715240597725,0.18143592774868011,0.1954350620508194,0.1873641312122345,0.08573312312364578,0.22104038298130035,0.1411217302083969,0.18997788429260254,0.1652282476425171,0.13896526396274567,0.1915060132741928,0.114646315574646
HMGA1,0.15540660917758942,0.038475245237350464,0.06813821941614151,0.08274771273136139,0.16506953537464142,0.23617172241210938,0.322032630443573,0.1505059450864792,0.2108859121799469,0.17440727353096008,0.18828748166561127,0.17044590413570404,0.1314067542552948,0.1432453989982605,0.010896703228354454
HMGCR,0.1886129081249237,0.08982545882463455,0.15836745500564575,0.098661407828331,0.09654220193624496,0.09853987395763397,0.19632554054260254,0.05805332958698273,0.2154400646686554,0.20183177292346954,0.14784419536590576,0.16031630337238312,0.22933945059776306,0.14667049050331116,0.22092954814434052
HMOX1,0.14573699235916138,0.1452896147966385,0.0909031555056572,0.09076172113418579,0.15736109018325806,0.08869627863168716,0.13808086514472961,0.19638538360595703,0.0838407352566719,0.036417510360479355,0.03775601089000702,0.033966585993766785,0.047448668628931046,0.020623428747057915,0.04869331419467926
HMX3,,,,,,,,-0.0055346013978123665,,,,,,,-0.021931827068328857
HPCAL1,0.059549156576395035,0.06068912893533707,0.07584313303232193,0.06192054972052574,0.05095050856471062,0.07678284496068954,0.0641084611415863,-0.006893787067383528,0.023319443687796593,0.013865916058421135,0.04294005036354065,0.06002482771873474,0.00837654061615467,0.02156444638967514,-0.09073808044195175
HPDL,0.09751969575881958,0.041734177619218826,0.1027790978550911,0.05964302644133568,,,-0.01734255440533161,0.021125610917806625,0.04263322800397873,-0.021802827715873718,0.0006223618984222412,0.007907028310000896,0.0025456473231315613,-0.007797560654580593,0.0061303069815039635
HPS1,0.11020860821008682,0.03278428316116333,0.11675670742988586,0.06454574316740036,0.04976947233080864,0.03346584364771843,0.0756911113858223,0.03150014951825142,0.07979126274585724,0.03769566863775253,0.04789493605494499,0.025908716022968292,0.052787259221076965,0.05814893916249275,0.062135614454746246
HSP90AA1,0.03783678635954857,0.0485764779150486,0.24362033605575562,0.1827913373708725,0.17072242498397827,0.16219134628772736,0.135625958442688,0.10574348270893097,0.10922243446111679,0.1257370114326477,0.1770814061164856,0.21894195675849915,0.18499551713466644,0.2033144235610962,0.1689639389514923
HSPA12B,-0.008219938725233078,0.046814944595098495,0.0484297052025795,0.013502473942935467,0.0036560739390552044,0.05289485678076744,0.015758389607071877,0.022814642637968063,0.024050505831837654,-0.003248389344662428,-0.0428173802793026,-0.005263403058052063,-0.0038351938128471375,0.029518892988562584,0.07448101043701172
HSPA14,0.08680208772420883,0.08150112628936768,0.07519026845693588,0.06457508355379105,0.019141577184200287,0.0433465950191021,0.05363956093788147,0.060734376311302185,0.014208315871655941,0.022668365389108658,0.03705015033483505,0.0009687062702141702,0.020028186962008476,-0.0038003420922905207,0.04481453076004982
HSPA1A,0.22650066018104553,0.1396799385547638,0.08160394430160522,0.04607527330517769,0.22735537588596344,0.27415037155151367,0.39326751232147217,0.2871173024177551,0.26705044507980347,0.25339093804359436,0.21445339918136597,0.13454043865203857,0.15696364641189575,0.19655899703502655,0.27368199825286865
HSPA4,0.1393258273601532,0.07979628443717957,0.07002207636833191,0.03848438337445259,0.07380024343729019,0.1103769838809967,0.040900733321905136,0.042934518307447433,0.18441762030124664,0.09408131241798401,0.15218469500541687,0.1216568648815155,0.18829746544361115,0.16869109869003296,0.2438488006591797
HSPA9,0.30808594822883606,0.18917253613471985,0.16709798574447632,0.1633533090353012,0.20656897127628326,0.1763230562210083,0.29976382851600647,0.21574440598487854,0.2790285050868988,0.2024657130241394,0.2670566439628601,0.22477999329566956,0.24231550097465515,0.24883732199668884,0.41373446583747864
HTT,0.17156483232975006,0.1090984120965004,0.1023646667599678,0.05824093148112297,0.07388144731521606,0.07523398846387863,0.12480003386735916,0.08588631451129913,0.1093103438615799,0.045755043625831604,0.05447232723236084,0.07791908085346222,0.020182786509394646,0.07087734341621399,0.05016111955046654
ICAM2,0.12296101450920105,0.13658510148525238,0.0571184903383255,0.0811283066868782,0.0746786817908287,0.085145503282547,0.13092075288295746,0.1820276379585266,0.13483791053295135,-0.00012855381646659225,0.04092957824468613,0.017953362315893173,0.04342110827565193,0.06396717578172684,-0.018870048224925995
ID1,0.07114671170711517,0.0822349414229393,-0.002804247662425041,0.07934562116861343,0.033936530351638794,0.0689825639128685,0.01624160073697567,0.03335510566830635,0.09784180670976639,-0.0602458231151104,0.05391538888216019,0.04173210263252258,0.0974506139755249,0.11134044080972672,-0.007232990115880966
IFI44L,0.15485791862010956,0.11790041625499725,0.05002649873495102,0.07265430688858032,-0.007868840359151363,0.013810594566166401,0.11825667321681976,0.20753377676010132,-0.02267691120505333,-0.015024838969111443,0.03827327489852905,0.06661850959062576,0.012164502404630184,0.0163259394466877,-0.015121197327971458
IFIT5,0.01787530444562435,0.02657226473093033,0.05490442365407944,0.0635652095079422,-0.026023803278803825,-0.017713965848088264,0.01790076494216919,0.011187402531504631,0.05412071943283081,0.015172047540545464,0.0689895823597908,0.04535899683833122,0.009348370134830475,0.09377823024988174,0.041290074586868286
IFT140,0.1275024563074112,0.08388426899909973,0.06194795295596123,0.05716008320450783,0.09589928388595581,0.13874414563179016,0.1762760877609253,0.14297610521316528,0.15285724401474,0.15893785655498505,0.11144227534532547,0.12731599807739258,0.14718790352344513,0.0938180610537529,0.010520574636757374
IGFBP3,0.15747910737991333,0.18710601329803467,0.20995689928531647,0.16740594804286957,0.1274646371603012,0.12330272048711777,0.16612891852855682,0.20675213634967804,0.19746658205986023,-0.03834248706698418,0.03101775050163269,0.028797417879104614,0.07914365828037262,0.1553473323583603,0.1003110408782959
IGFBP4,0.42457619309425354,0.4370654821395874,0.552754282951355,0.4610045850276947,0.30062371492385864,0.25799062848091125,0.29283982515335083,0.2687555253505707,0.4958019554615021,0.160557821393013,0.27264899015426636,0.24994789063930511,0.34265315532684326,0.27355843782424927,0.5642131567001343
IGFBP5,0.17078714072704315,0.22000236809253693,0.18321925401687622,0.17296046018600464,0.12649886310100555,0.0854487270116806,0.1786567121744156,0.24830812215805054,0.15867879986763,-0.03989255055785179,0.24029570817947388,0.23160859942436218,0.2247411459684372,0.29632702469825745,-0.05753621459007263
IGHA1,0.4388454854488373,0.40641331672668457,0.26369714736938477,0.24404248595237732,0.3273199498653412,0.2527227997779846,0.2850193977355957,0.36100736260414124,0.43477940559387207,0.12552359700202942,0.4626947045326233,0.4806744158267975,0.3204767405986786,0.3830382525920868,0.09060125052928925
IGHD,0.03443047031760216,-0.002428238047286868,0.0063768550753593445,0.0016101340297609568,0.016245529055595398,-0.002615080215036869,0.0048944465816020966,0.04933509975671768,0.06903285533189774,-0.028548628091812134,0.02465764246881008,0.010423233732581139,0.05575636774301529,0.0699317529797554,-0.055489033460617065
IGHG1,0.4367954134941101,0.41205698251724243,0.30513256788253784,0.24533073604106903,0.3691769540309906,0.3390887677669525,0.4318123459815979,0.506944477558136,0.39141592383384705,0.162399560213089,0.36258745193481445,0.33834749460220337,0.34788262844085693,0.326485812664032,0.1578311026096344
IGHG3,0.39023345708847046,0.32977527379989624,0.25186046957969666,0.1769423484802246,0.37062498927116394,0.34529441595077515,0.3385245203971863,0.4558076560497284,0.3943105638027191,0.12703756988048553,0.38242214918136597,0.32477012276649475,0.31711918115615845,0.34313222765922546,0.11483559012413025
IGHM,0.4977288842201233,0.431569367647171,0.3192003667354584,0.22422932088375092,0.2565250098705292,0.2222861349582672,0.2484106570482254,0.339184433221817,0.4542933702468872,0.23093478381633759,0.292793869972229,0.28864625096321106,0.30432820320129395,0.3049069046974182,-0.011798078194260597
IGKC,0.6028013825416565,0.5272753238677979,0.3797026574611664,0.3697099983692169,0.44819700717926025,0.35971468687057495,0.472748339176178,0.5189962983131409,0.46281367540359497,0.21306872367858887,0.48709797859191895,0.5000187754631042,0.4589301347732544,0.43531134724617004,0.13037262856960297
IGLC7,0.033246591687202454,0.0644235759973526,0.038446567952632904,0.04469304531812668,0.08219388127326965,0.09594938158988953,0.04520471766591072,0.03404734283685684,0.12701979279518127,0.0133548304438591,0.05826328694820404,0.0942998081445694,0.054167699068784714,0.03823074325919151,-0.04741738736629486
IGSF1,0.0007702798466198146,-0.007955762557685375,,-0.026320643723011017,,,,0.008206258527934551,-0.007145565934479237,-0.03075314685702324,-0.001233837567269802,0.014787348918616772,0.003109412267804146,0.003330150619149208,-0.06134422868490219
IGSF3,0.12815208733081818,0.10591891407966614,0.12027247250080109,0.10145407170057297,0.1968224197626114,0.17493171989917755,0.32201775908470154,0.16467539966106415,0.17179319262504578,0.16699425876140594,0.17882665991783142,0.15477894246578217,0.16609646379947662,0.18345099687576294,0.07543390989303589
IKZF1,0.13017815351486206,0.10150231420993805,0.0733078196644783,0.01363394409418106,0.0571218840777874,0.010533411987125874,0.042957816272974014,0.037682004272937775,0.10609638690948486,0.05195630341768265,0.07083272933959961,0.05154397338628769,0.10679802298545837,0.07760472595691681,-0.035518795251846313
IL15RA,0.16409683227539062,0.16245092451572418,0.14534053206443787,0.15302608907222748,0.08879222720861435,0.08547519892454147,0.12396042048931122,0.061703622341156006,0.13745629787445068,0.0759655013680458,0.0925242081284523,0.06645052880048752,0.040631253272295,0.060801468789577484,0.015942774713039398
IL2RG,0.26396456360816956,0.20588867366313934,0.13527576625347137,0.14728987216949463,0.1691868007183075,0.09573309868574142,0.17065748572349548,0.14772410690784454,0.16187800467014313,0.07430659234523773,0.07133345305919647,0.1255306601524353,0.13478946685791016,0.11435326188802719,0.05215005576610565
ILF2,0.359805166721344,0.2597563564777374,0.2744576930999756,0.24514463543891907,0.12024785578250885,0.16265864670276642,0.2654956579208374,0.20143823325634003,0.3086789846420288,0.13776813447475433,0.21854856610298157,0.18989410996437073,0.24338363111019135,0.23332883417606354,0.20450004935264587
INF2,0.057693421840667725,0.0024017514660954475,0.09717415273189545,0.051021818071603775,0.12099410593509674,0.12241409718990326,0.14815257489681244,0.029606996104121208,0.09098341315984726,0.18543998897075653,0.12248536944389343,0.11258399486541748,0.11863137036561966,0.136614128947258,0.07695253193378448
INHBA,0.30530768632888794,0.27724847197532654,0.4084978997707367,0.39272645115852356,0.18457278609275818,0.19021014869213104,0.3357362151145935,0.39070889353752136,0.3536258637905121,0.13333812355995178,0.138136625289917,0.13893088698387146,0.12973780930042267,0.1045822724699974,-0.006630389019846916
INPPL1,0.20457877218723297,0.15315033495426178,0.1298096925020218,0.0846145898103714,0.13691860437393188,0.10812161862850189,0.18350815773010254,0.06649328023195267,0.040158241987228394,0.13952066004276276,0.09709911048412323,0.11632214486598969,0.12191294133663177,0.11144275218248367,0.15221942961215973
INTS3,0.07260119169950485,0.04746459424495697,0.022191472351551056,0.0019898819737136364,0.0652565211057663,0.07572095841169357,0.1323060244321823,0.10464194416999817,0.06776058673858643,0.07081125676631927,0.12673421204090118,0.09693371504545212,0.14369304478168488,0.1102021336555481,0.05995921045541763
IPO4,0.13935121893882751,0.06637970358133316,0.04168398678302765,0.1215522438287735,0.05675169453024864,0.054120417684316635,0.09959135204553604,0.04856276884675026,0.14350667595863342,0.06883428990840912,0.130622997879982,0.13725891709327698,0.167891263961792,0.14635585248470306,-0.04312000423669815
IPO9,0.1974724978208542,0.15517234802246094,0.10521583259105682,0.06916580349206924,0.11464475095272064,0.12458694726228714,0.14744055271148682,0.05799322947859764,0.2155701220035553,0.1646178662776947,0.1682506948709488,0.17869128286838531,0.1672254204750061,0.1697375476360321,0.10200078785419464
IPPK,0.09971611201763153,0.05575017258524895,0.041163716465234756,0.028761539608240128,0.06623431295156479,0.07332104444503784,0.06676186621189117,0.04012838378548622,0.09114684909582138,0.11704575270414352,0.058936215937137604,0.05319838970899582,0.08175022900104523,0.07676316052675247,0.1047557070851326
IQGAP2,0.15801262855529785,0.13686047494411469,0.046278100460767746,0.09780170023441315,0.10069781541824341,0.14874397218227386,0.08226940780878067,0.041641660034656525,-0.015284828841686249,0.014968864619731903,0.023974481970071793,-0.010010795667767525,-0.030500106513500214,-0.006722149904817343,-0.10029640793800354
IRAK1,0.09490738809108734,0.06640395522117615,0.03933652490377426,0.03140409290790558,0.13034068048000336,0.11734804511070251,0.13959455490112305,0.0652499720454216,0.047838713973760605,0.04995184764266014,0.06345026195049286,0.08052318543195724,0.049696482717990875,0.06603049486875534,0.007575079333037138
ISG20L2,0.057801321148872375,0.020944390445947647,0.02608667127788067,-0.03482525795698166,0.08741651475429535,0.08562949299812317,0.04221359267830849,0.02500149980187416,0.09293251484632492,0.04903090372681618,0.08239849656820297,0.1362113356590271,0.12586146593093872,0.1356165111064911,0.10785672068595886
ITFG2,0.06989524513483047,0.06835504621267319,0.08646323531866074,0.059937652200460434,0.06286246329545975,0.06548146903514862,0.07257897406816483,0.017968377098441124,0.028357399627566338,0.043596431612968445,0.03586077690124512,0.023409292101860046,0.04077557101845741,0.03593714162707329,-0.00036377180367708206
ITGA1,0.13887658715248108,0.18444649875164032,0.12578725814819336,0.14891232550144196,0.11597424000501633,0.09232441335916519,0.17320670187473297,0.20969747006893158,0.07696471363306046,-0.012389782816171646,0.03905110061168671,0.0372907780110836,0.052049968391656876,0.0344524160027504,-0.021080922335386276
ITPR2,0.004890282638370991,0.04357830807566643,0.021835392341017723,0.0036460277624428272,0.025762297213077545,0.00548154953867197,-0.015213213860988617,0.022427257150411606,-0.01667436584830284,-0.009956175461411476,0.012472868897020817,-0.008772466331720352,0.004699293524026871,-0.00896034948527813,-0.11486843228340149
JAK3,0.22962358593940735,0.20125913619995117,0.11899227648973465,0.1086554303765297,0.13203313946723938,0.06781133264303207,0.11987395584583282,0.10221223533153534,0.23223921656608582,0.12140481919050217,0.12236901372671127,0.17629306018352509,0.17468929290771484,0.17077602446079254,0.17870654165744781
JCHAIN,0.41290685534477234,0.3792093098163605,0.24760885536670685,0.19073441624641418,0.3138003349304199,0.26786819100379944,0.23298931121826172,0.328100323677063,0.3938027322292328,0.2351139485836029,0.3634977340698242,0.34730714559555054,0.37125271558761597,0.3484881520271301,-0.16880568861961365
JMJD4,0.03625968471169472,0.05556962266564369,0.010182633996009827,-0.010410311631858349,0.07312923669815063,0.03701828792691231,0.0589832179248333,0.018364474177360535,0.09372396022081375,0.11066002398729324,0.14067523181438446,0.16394300758838654,0.10984735190868378,0.13731838762760162,0.10086202621459961
KCNJ14,0.012600303627550602,0.0411161370575428,-0.03546346724033356,0.0005808239802718163,-0.02391335368156433,-0.012423292733728886,-0.036896996200084686,-0.008229196071624756,0.006860637571662664,-0.01995064504444599,0.025813139975070953,0.02057342231273651,-0.01749136857688427,0.027141202241182327,0.003583722747862339
KCNJ6,0.024088358506560326,0.05699798837304115,0.09050154685974121,0.046678878366947174,0.0720355212688446,0.0026635746471583843,-0.010493949986994267,-0.008729645982384682,-0.01007289532572031,0.009868305176496506,0.03862449899315834,0.03466594219207764,0.05240922421216965,0.001981329405680299,-0.01237674430012703
KCNK6,0.08688221126794815,0.10402823984622955,0.05959576368331909,0.06475889682769775,0.05095677822828293,0.06614948809146881,0.04282653331756592,0.03387647494673729,0.01108168438076973,-0.002375600626692176,0.0010183602571487427,-0.009412667714059353,-0.0019413999980315566,0.018764866515994072,0.030222611501812935
KCTD6,0.009795250371098518,0.0522826611995697,0.023149069398641586,0.03979665786027908,0.05215498432517052,0.12611950933933258,0.11598612368106842,0.09424629807472229,0.03915606811642647,0.021965477615594864,0.01673872023820877,-0.03185919672250748,0.04595576226711273,-0.0018412582576274872,-0.019123300909996033
KIAA0586,0.04546200856566429,0.012563711032271385,0.001093746512196958,-0.015126853249967098,0.007191682234406471,0.054298195987939835,0.008550094440579414,-0.016872048377990723,0.03266148641705513,0.045745931565761566,0.03109104372560978,0.03725915029644966,0.033662546426057816,0.010103604756295681,-0.02788054570555687
KIAA0825,-0.02625396102666855,-0.005802376661449671,-0.022916654124855995,-0.011762031354010105,-0.003156833816319704,-0.014356806874275208,-0.00013679823314305395,0.0013808966614305973,0.018960407003760338,-0.003572955261915922,0.009221337735652924,-0.012819736264646053,0.02420777454972267,0.0003553074784576893,-0.02416241355240345
KIAA1143,0.06778695434331894,0.037901487201452255,0.05213041603565216,0.05486144497990608,0.0629960149526596,0.06724430620670319,0.11804728209972382,0.04949048534035683,0.06411496549844742,0.053446751087903976,0.056182242929935455,0.07514730095863342,0.01662791334092617,0.08301897346973419,0.03827822953462601
KIAA1191,0.20995444059371948,0.11784558743238449,0.13868650794029236,0.07598118484020233,0.08968233317136765,0.04726927727460861,0.027764439582824707,0.009555134922266006,0.08308184146881104,0.051853518933057785,0.06554539501667023,0.08347392827272415,0.05714507773518562,0.046571504324674606,0.05102439969778061
KIAA1217,0.07619937509298325,0.036705341190099716,0.13107775151729584,0.10159666836261749,0.1264062225818634,0.11953949928283691,0.10131949186325073,0.08754629641771317,0.08873513340950012,0.09935148805379868,0.04018685594201088,0.051709748804569244,0.05911515653133392,0.07798008620738983,0.07312127947807312
KLHL10,-0.026881592348217964,,0.008944125846028328,0.0033636121079325676,,-3.5909593862015754e-05,,0.009209330193698406,,-0.0011375368339940906,,,-0.0001354188862023875,0.025684522464871407,-0.01058618351817131
KLHL21,0.18951326608657837,0.11101989448070526,0.14925149083137512,0.09233283996582031,0.021016748622059822,0.02437138929963112,0.04040553420782089,0.0029503758996725082,0.021863974630832672,0.016450125724077225,-0.01483694463968277,-0.02039872668683529,0.05175301805138588,0.001316470094025135,0.022361336275935173
KPNA5,-0.014817696996033192,0.01583869755268097,-0.02099923975765705,-0.0014170436188578606,-0.009317435324192047,0.03503025695681572,-0.022951284423470497,0.029820119962096214,-0.02396204136312008,0.01996024325489998,0.0005012983456254005,-0.0016635427018627524,0.01271894108504057,-0.022591441869735718,-0.015523524954915047
KRIT1,0.06770600378513336,0.0910341739654541,0.05481099337339401,0.04413989186286926,0.03385481238365173,-0.006807912606745958,0.03654440864920616,-0.029065264388918877,-0.011797837913036346,0.04403790459036827,0.004485223442316055,-0.004413124639540911,-0.01889217458665371,0.004151565954089165,-0.09893400967121124
KRT17,0.2983506917953491,0.15198589861392975,0.1525689959526062,0.025098515674471855,-0.023176273331046104,-0.035663146525621414,0.02155824564397335,0.14473797380924225,0.018900932744145393,0.002894240664318204,0.052796561270952225,0.0834372416138649,0.022829968482255936,0.030342385172843933,0.08006112277507782
KRT8,0.4486733376979828,0.266812264919281,0.2783050537109375,0.21948540210723877,0.35664698481559753,0.3636256158351898,0.5057913064956665,0.27356696128845215,0.5386505722999573,0.38166096806526184,0.4036867022514343,0.35137614607810974,0.3123358190059662,0.34754446148872375,0.502561092376709
L3MBTL3,0.05805717036128044,0.06051888316869736,0.03347867727279663,0.011621960438787937,0.009948823601007462,0.014405916444957256,-0.019958890974521637,0.017324239015579224,0.05273602157831192,0.04405628517270088,0.03307132050395012,-0.012579011730849743,0.00211178045719862,-0.022182835265994072,0.039839114993810654
LARP1,0.09951900690793991,0.049031466245651245,0.07875334471464157,0.029209673404693604,0.049244266003370285,0.07145620137453079,0.06035889312624931,0.0003757196827791631,0.12555661797523499,0.1510314643383026,0.13677233457565308,0.125226229429245,0.11373906582593918,0.19430918991565704,0.04541672393679619
LDLRAD1,,,,,0.04680880531668663,0.05672344192862511,0.05002324655652046,0.04424341395497322,0.025928137823939323,0.0007012575515545905,-0.012492962181568146,0.023671269416809082,0.028362879529595375,-0.005875158589333296,-0.026988109573721886
LEP,-0.003979618661105633,-0.004612972494214773,,-0.020143402740359306,-0.018277516588568687,0.0409255214035511,-0.012922750785946846,,-0.017120495438575745,,0.031559351831674576,,-0.01580059342086315,-0.014082874171435833,0.2630246877670288
LIMS2,0.13223682343959808,0.14524836838245392,0.22457504272460938,0.16227330267429352,0.06744740903377533,0.04555773362517357,0.10773057490587234,0.12311939150094986,0.12575575709342957,0.07221408933401108,0.12771479785442352,0.11949296295642853,0.15015456080436707,0.12992925941944122,0.08463984727859497
LRRC46,0.0005621736054308712,0.012455971911549568,-0.010287740267813206,0.0152884004637599,0.022089356556534767,-0.0018530497327446938,0.0031544272787868977,0.002357602585107088,0.05084482207894325,0.03456292301416397,0.02390965446829796,-0.0073354896157979965,0.0075899395160377026,0.04861009120941162,-0.007910015992820263
LRRC8A,0.17890827357769012,0.09763624519109726,0.14221708476543427,0.10613898187875748,0.09998714178800583,0.10992652177810669,0.08641183376312256,0.04832325503230095,0.07237711548805237,0.06647787988185883,0.059519387781620026,0.05108659341931343,0.026596149429678917,0.051896337419748306,0.04714379459619522
LRTOMT,-0.0017174865351989865,0.06608572602272034,0.018619898706674576,0.03926758095622063,0.01839877851307392,0.041421014815568924,0.08260368555784225,0.06794422119855881,0.07093584537506104,0.059992466121912,0.08108305931091309,0.06466108560562134,0.09758143126964569,0.10273003578186035,0.10315239429473877
LSM2,0.2507004737854004,0.13579972088336945,0.19649164378643036,0.18498611450195312,0.12613920867443085,0.17784647643566132,0.19926941394805908,0.11501859873533249,0.1874154806137085,0.14338140189647675,0.16663086414337158,0.17373839020729065,0.16446445882320404,0.19600717723369598,0.15049612522125244
LTF,0.05143670737743378,0.0651569738984108,-0.000438028946518898,-0.02046321891248226,0.18911124765872955,0.2066110223531723,0.17447441816329956,0.12280753999948502,0.2832583785057068,0.19674566388130188,0.1688094288110733,0.13044561445713043,0.1559794694185257,0.11638341844081879,0.0034401454031467438
LTN1,0.03249698132276535,-0.004883564542979002,0.003932971972972155,0.05262717604637146,0.013557863421738148,0.05986456573009491,0.039325978606939316,0.01488569937646389,0.12010583281517029,0.03864665701985359,0.09636238217353821,0.1262943297624588,0.10547885298728943,0.06634944677352905,0.028440948575735092
LYPD8,,0.016725745052099228,,,,0.0034840635489672422,0.043125398457050323,-0.012434197589755058,0.012696616351604462,0.0068830763921141624,0.0023523299023509026,0.018227173015475273,-0.014289289712905884,0.00176513462793082,0.023867879062891006
LYZ,0.47809073328971863,0.47385409474372864,0.38642123341560364,0.2872224748134613,0.2664757966995239,0.27038905024528503,0.2971374988555908,0.2334570288658142,0.4246523678302765,0.022036077454686165,0.1951468139886856,0.20466889441013336,0.21970629692077637,0.2101307362318039,0.13021543622016907
MAGEL2,0.024611104279756546,0.00433688797056675,0.032673172652721405,-0.03339777886867523,,-0.008175868541002274,-0.0055087110958993435,-0.012447921559214592,-0.009994403459131718,0.002328454051166773,-0.016143422573804855,0.01901567354798317,-0.0069345347583293915,-0.01955418661236763,-0.0017793131992220879
MAP10,0.014882189221680164,-0.00013321024016477168,-0.003316965652629733,0.014258254319429398,-0.01463787816464901,-0.032009102404117584,-0.03479590266942978,0.005962347146123648,0.005124806892126799,-0.0012873988598585129,0.016428645700216293,0.020214520394802094,0.01281742937862873,0.014932042919099331,0.0290419552475214
MAP1B,-0.002988837193697691,0.06547906994819641,-0.003006859915331006,0.017177477478981018,0.05194317176938057,0.06671382486820221,0.12318961322307587,0.20177513360977173,0.024098780006170273,0.023784158751368523,0.0553801991045475,0.047110360115766525,0.02119540609419346,0.014748740009963512,-0.02014220878481865
MAP3K7,0.09687727689743042,0.04840566962957382,0.05391871929168701,0.06283494085073471,0.11557973176240921,0.08254936337471008,0.1254485845565796,0.0533362552523613,0.07700460404157639,0.0950111672282219,0.054214294999837875,0.041219186037778854,0.04542291909456253,0.03459241986274719,-0.03270479291677475
MAP7D1,0.04888109117746353,0.05749689042568207,0.05562770366668701,0.06569456309080124,0.04418738931417465,0.07451250404119492,0.13497261703014374,0.09157458692789078,0.08546748757362366,0.05698652192950249,0.06426937878131866,0.07500653713941574,0.08246617764234543,0.09003201872110367,0.0031928475946187973
MAPK11,-0.018233373761177063,0.02512308582663536,-0.01572447642683983,0.015788547694683075,-0.026348819956183434,0.027458569034934044,0.051451895385980606,-0.004413437098264694,0.028406506404280663,0.03582889959216118,0.015037347562611103,0.043800391256809235,0.09226959198713303,0.02646658755838871,0.017681095749139786
MAPK6,0.10136979818344116,0.10054013878107071,0.014831489883363247,0.12057507038116455,0.07090398669242859,0.06046291068196297,0.0847662165760994,0.008949643932282925,0.10534556955099106,0.037543222308158875,0.058347102254629135,0.06625626981258392,0.08389338105916977,0.07772354781627655,0.14441174268722534
MAPK9,0.05899794027209282,0.0851626768708229,0.034310877323150635,0.03739600628614426,0.09116362780332565,0.09793481230735779,0.08747299015522003,0.03164849057793617,0.1293790191411972,0.04958225041627884,0.11779335141181946,0.11285227537155151,0.12482865154743195,0.11528186500072479,0.19645431637763977
MARVELD2,0.06823129206895828,0.06011088937520981,0.05385970324277878,0.018304476514458656,0.07822434604167938,0.08754324167966843,0.11856656521558762,0.07267993688583374,0.13583995401859283,0.03650514781475067,0.13638553023338318,0.0764603242278099,0.09007859230041504,0.0991969183087349,0.18129636347293854
MBD1,0.2638970911502838,0.1961962729692459,0.19142955541610718,0.15715846419334412,0.030985556542873383,0.021536869928240776,0.02593042515218258,0.04556254297494888,0.05195494368672371,0.0713457390666008,0.057057999074459076,0.035497382283210754,0.008731269277632236,0.010458786971867085,0.038953669369220734
MCCC2,0.10378146916627884,0.11495621502399445,0.06252707540988922,0.0987904816865921,0.13491325080394745,0.13349688053131104,0.23463386297225952,0.15369543433189392,0.19487296044826508,0.08304791152477264,0.17833775281906128,0.1519310474395752,0.18421918153762817,0.13929568231105804,0.2524491548538208
MCM7,0.3513331115245819,0.25110915303230286,0.22039850056171417,0.17688657343387604,0.057703737169504166,0.09086054563522339,0.2905619740486145,0.12348221987485886,0.16703753173351288,0.1610129028558731,0.16499483585357666,0.17862647771835327,0.13276633620262146,0.15756458044052124,0.2360677421092987
MCOLN1,0.06286273151636124,0.12646721303462982,0.09189622104167938,0.05513578653335571,0.04052424803376198,-0.007616609800606966,0.07548074424266815,0.04751931130886078,0.043035633862018585,0.07109006494283676,0.03232772648334503,0.01641165465116501,0.02017039805650711,0.06857538223266602,0.05977470427751541
ME3,-0.006016213912516832,-0.011218477040529251,-0.002923638094216585,-0.02879469096660614,0.004265636205673218,0.017442725598812103,0.033986400812864304,0.055512797087430954,0.004388993605971336,0.02956577017903328,0.011830732226371765,0.009614063426852226,-0.0191421527415514,-0.017775988206267357,-0.001280651893466711
MEAF6,0.20616120100021362,0.1178235113620758,0.1527879685163498,0.13129454851150513,0.1527663767337799,0.2252751588821411,0.28431591391563416,0.18073908984661102,0.10255474597215652,0.1812572181224823,0.08931738138198853,0.06005140766501427,0.059419792145490646,0.07864637672901154,0.11754956841468811
MEN1,0.14044560492038727,0.09415454417467117,0.09128279983997345,0.04185766726732254,0.0677608847618103,0.06004120782017708,0.044704753905534744,-0.017334915697574615,0.07221458107233047,0.04057793319225311,0.10777953267097473,0.07427027076482773,0.060534823685884476,0.08859239518642426,0.025394625961780548
MGA,0.027421677485108376,0.038800403475761414,0.01606203056871891,0.006887944880872965,0.049002837389707565,0.04360948130488396,0.02754654921591282,-0.006181420758366585,0.03737546503543854,0.08392102271318436,0.04778704047203064,0.05636850371956825,-0.014262247830629349,0.07930271327495575,-0.05864387005567551
MIB2,0.03101878985762596,0.02517704851925373,-0.0018397424137219787,0.005007005296647549,0.030134547501802444,0.017532311379909515,0.028439205139875412,0.02240763045847416,0.0576118528842926,0.014021532610058784,0.03357110172510147,0.0008085997542366385,0.030894765630364418,0.014108180068433285,-0.04815082624554634
MICAL3,0.16446705162525177,0.12520308792591095,0.10163278132677078,0.05927932634949684,0.06193672865629196,0.0802389532327652,0.12699007987976074,0.0674738734960556,0.06135538965463638,0.10572213679552078,0.042311131954193115,0.05965358763933182,0.03433457762002945,0.06704846769571304,-0.04321584850549698
MIER1,0.012940874323248863,0.020459121093153954,-0.06942368298768997,-0.0004609706811606884,-0.003020609961822629,-0.0023344901856034994,-0.027743851765990257,0.03916798532009125,0.03487200289964676,-0.010829901322722435,-0.00724748894572258,0.01404030341655016,0.002326363231986761,0.0006380974664352834,0.016854465007781982
MMP1,0.3249954879283905,0.258268803358078,0.33900201320648193,0.23593656718730927,0.11705474555492401,0.10729538649320602,0.17164286971092224,0.1509087234735489,0.03158067166805267,0.03858201950788498,0.017311204224824905,0.03119495138525963,-0.004780998453497887,-0.02563958801329136,0.013533266261219978
MMP10,-0.009606835432350636,-0.012164536863565445,0.01368352584540844,-0.01395147480070591,,,0.03414756804704666,0.035151682794094086,0.004725491162389517,0.013129129074513912,0.002832126570865512,0.009931501932442188,0.05559467896819115,0.028465280309319496,0.002419974422082305
MMP12,0.08628872036933899,0.08786220848560333,0.08585041016340256,0.06376777589321136,0.004027657210826874,0.039515670388936996,-0.0010975372279062867,0.024866223335266113,0.0317159965634346,-0.03844955563545227,-0.011949039995670319,0.022009635344147682,-0.016338320448994637,0.023007536306977272,0.07222478091716766
MMP13,0.0874679684638977,0.035285983234643936,0.12691909074783325,0.05455665662884712,0.041523758322000504,0.021253427490592003,0.10168372839689255,0.14938440918922424,0.024134568870067596,-0.014278674498200417,0.025111548602581024,0.003005064558237791,-0.0005732688587158918,0.039059918373823166,0.0653211921453476
MMP28,0.013559612445533276,0.016639772802591324,-0.013596698641777039,0.007898397743701935,0.003910398576408625,0.0012652844889089465,-0.013801616616547108,0.003179683582857251,-0.018824083730578423,-0.03634313493967056,-0.020867299288511276,0.019010653719305992,0.007921109907329082,-0.010968675836920738,-0.03496807813644409
MMP7,0.2633872330188751,0.22831490635871887,0.17271871864795685,0.044120483100414276,0.008067396469414234,0.031919047236442566,0.03441111743450165,0.035391174256801605,-0.013411293737590313,0.021218983456492424,0.031097419559955597,0.023072367534041405,-0.029466986656188965,0.06712997704744339,0.03889361768960953
MMP9,0.25708574056625366,0.1613333821296692,0.0836588591337204,0.09956052154302597,0.12355770915746689,0.07451121509075165,0.10843276232481003,0.08892961591482162,0.40893837809562683,0.10185607522726059,0.24705475568771362,0.2430388331413269,0.19403181970119476,0.22631606459617615,0.10455156117677689
MPPE1,0.1663503646850586,0.15861362218856812,0.12472964078187943,0.045788563787937164,-0.04139690101146698,0.04081007465720177,0.05899016559123993,0.040116552263498306,0.002142648445442319,0.044662054628133774,0.03730416297912598,-0.004116084426641464,-0.005313518922775984,0.030115308240056038,-0.03962884098291397
MROH1,0.08749952912330627,0.0748627558350563,0.046878401190042496,0.026612788438796997,0.040298596024513245,0.047806523740291595,0.10694048553705215,0.06959279626607895,0.06950189918279648,0.03938837721943855,0.04205870255827904,0.05672255530953407,0.014683036133646965,0.06219932436943054,0.20116229355335236
MSH2,0.18678507208824158,0.112254299223423,0.15852876007556915,0.1123099997639656,0.0424979105591774,0.06415396928787231,0.1425442397594452,0.07475382089614868,0.11602892726659775,0.03900754824280739,0.07167136669158936,0.04428046569228172,0.03140409663319588,0.07737007737159729,0.01951572299003601
MT-ATP6,0.6698589324951172,0.5479575991630554,0.585808277130127,0.5361907482147217,0.2750830054283142,0.24000106751918793,0.3338262438774109,0.337166428565979,0.4074057340621948,0.4335530996322632,0.29363784193992615,0.3392733633518219,0.4586365818977356,0.40281403064727783,-0.186359241604805
MTFR1,0.07288327813148499,0.022400399670004845,0.046719666570425034,0.014054524712264538,0.06380075216293335,0.09275002032518387,0.12776337563991547,0.09098883718252182,0.09946484118700027,0.07684669643640518,0.08024004101753235,0.06927619874477386,0.03657694160938263,0.06855446845293045,0.039688460528850555
MUC15,,-0.011881749145686626,,-0.022995345294475555,0.0035320871975272894,-0.001639435882680118,-0.010467744432389736,-0.016736049205064774,0.0417841337621212,-0.01591089740395546,,,,0.002100071171298623,0.018194518983364105
MVB12A,0.06471514701843262,0.03115067444741726,0.024517321959137917,0.010641665197908878,0.04501498490571976,0.02149716392159462,0.111517995595932,0.0804559588432312,0.04228713735938072,0.06733851134777069,0.09602364897727966,0.10506466776132584,0.09850065410137177,0.04942616820335388,0.14831668138504028
MX2,0.11876942962408066,0.11565056443214417,0.12958501279354095,0.03224054351449013,0.06690289080142975,0.031846098601818085,0.07709493488073349,0.1017349511384964,0.04706164821982384,0.07093657553195953,0.03086932748556137,0.034868113696575165,0.11718094348907471,0.06404752284288406,0.10828883200883865
MYLK,0.166669562458992,0.1353663206100464,0.17055286467075348,0.18365411460399628,0.06663568317890167,0.043843600898981094,0.23455877602100372,0.2521741986274719,0.0807332843542099,0.08005247265100479,0.064697265625,0.08320339769124985,0.11984062939882278,0.048515401780605316,0.12565061450004578
MYO18B,,,-0.008699823170900345,0.049702227115631104,0.001988619565963745,-0.016028929501771927,-0.0008913311176002026,0.025134483352303505,0.014461861923336983,0.0014902499970048666,-0.029608268290758133,0.0035374846775084734,-0.007890703156590462,0.02251295931637287,-0.008210506290197372
MZT1,0.16621537506580353,0.11597282439470291,0.11977626383304596,0.07347941398620605,0.12146605551242828,0.17646120488643646,0.21015462279319763,0.1611211895942688,0.11784382164478302,0.051399651914834976,0.030026398599147797,0.0744706243276596,0.07160503417253494,0.04306807368993759,-0.09211459755897522
NAT14,0.17409534752368927,0.09758150577545166,0.11201008409261703,0.0765475481748581,0.09890861064195633,0.09289193153381348,0.16413867473602295,0.06706947833299637,0.04012944549322128,0.09654751420021057,0.13241901993751526,0.11390849202871323,0.03317645937204361,0.06026433780789375,0.07349037379026413
NCAPD2,0.15398432314395905,0.08112146705389023,0.11833366751670837,0.10927144438028336,0.12073791772127151,0.10584140568971634,0.2399735152721405,0.1318242996931076,0.11881010234355927,0.050499264150857925,0.09266722202301025,0.07140211015939713,0.083502858877182,0.050885315984487534,0.18290269374847412
NCAPD3,0.07208938151597977,0.07688312232494354,0.08654081076383591,0.007995382882654667,0.018053468316793442,-0.01239149272441864,0.06423534452915192,0.031586021184921265,0.10588426142930984,0.07507266849279404,0.09812550246715546,0.11472323536872864,0.047070372849702835,0.06599197536706924,0.020332161337137222
NCOR1,0.03216416388750076,-0.001111694029532373,0.04289482906460762,0.08537443727254868,0.054089318960905075,-0.010535101406276226,0.04251374304294586,0.06465072929859161,0.09097185730934143,0.03961321339011192,0.021340306848287582,0.07377224415540695,0.06516376882791519,0.053427938371896744,-0.09817114472389221
NDC80,0.15030407905578613,0.10068971663713455,0.09966225177049637,0.09159208834171295,0.016741201281547546,0.016615916043519974,0.05930044874548912,0.00628453865647316,0.020521285012364388,0.01215866208076477,0.0051080696284770966,0.007616131100803614,-0.011283311061561108,-0.016632892191410065,0.04752446711063385
NDN,0.11469642072916031,0.094118133187294,0.11993399262428284,0.07610686123371124,0.029406927525997162,0.013989591039717197,0.06891235709190369,0.07686525583267212,0.08010637015104294,0.01322364341467619,0.0031024361960589886,0.03324118256568909,0.05162493884563446,0.040833860635757446,0.12237754464149475
NDUFA2,0.22652801871299744,0.10458455234766006,0.1382405161857605,0.12090600281953812,0.1401306688785553,0.22909757494926453,0.2790805697441101,0.2377857118844986,0.3796810805797577,0.1485006958246231,0.19002431631088257,0.16965508460998535,0.27512890100479126,0.2932697534561157,0.2877296209335327
NDUFC2,0.3181125223636627,0.16441363096237183,0.2209806889295578,0.19128964841365814,0.24317212402820587,0.313957154750824,0.34893566370010376,0.2504671812057495,0.3017612397670746,0.11313775926828384,0.19365420937538147,0.21051467955112457,0.25504299998283386,0.23787479102611542,0.06914345920085907
NDUFV3,0.06538122147321701,0.01373264193534851,-0.042064301669597626,0.04439496994018555,0.030062027275562286,0.10836698114871979,0.15312787890434265,0.03677206486463547,0.2156020551919937,0.10727735608816147,0.17175434529781342,0.16585376858711243,0.2642354965209961,0.2728932797908783,0.17175090312957764
NECTIN2,0.11662356555461884,0.05554827302694321,0.07395447045564651,0.033340711146593094,0.10117544233798981,0.18566195666790009,0.18460805714130402,0.06980334222316742,0.25967171788215637,0.17783479392528534,0.20485766232013702,0.17027956247329712,0.17823265492916107,0.24241682887077332,0.018150947988033295
NELFE,0.11052807420492172,0.041707251220941544,0.04178835079073906,0.03815629705786705,0.1407845914363861,0.17965362966060638,0.13223877549171448,0.06569647043943405,0.11682587116956711,0.11441204696893692,0.08382952958345413,0.06403403729200363,0.11826005578041077,0.08420852571725845,0.03643743321299553
NKAIN4,,-0.01880248449742794,,,,,0.026866693049669266,-0.03129042685031891,-0.009980551898479462,-0.021800458431243896,-0.014199871569871902,-0.003065819386392832,,,-0.03154599666595459
NME8,0.031618647277355194,0.007292496971786022,-0.028611864894628525,0.0024159448221325874,0.004770010709762573,-0.0060320352204144,-0.012184307910501957,0.014201219193637371,0.016927048563957214,-0.006927968468517065,-0.011857274919748306,-0.0026318184100091457,-0.021842578426003456,0.006128955166786909,-0.0185674037784338
NOP2,0.12664923071861267,0.09003199636936188,0.06692330539226532,0.06922196596860886,0.057196080684661865,0.0365796834230423,0.09223282337188721,0.034794632345438004,0.09157533943653107,0.08385546505451202,0.101507268846035,0.058917079120874405,0.08855442702770233,0.08239339292049408,0.19362708926200867
NPY,-0.008767376653850079,,,,,,,0.009492690674960613,-0.03136160969734192,-0.012660942040383816,0.0062294309027493,,,,-0.00012148730456829071
NR1H3,0.1859978586435318,0.19007223844528198,0.1487187296152115,0.05349414050579071,0.09766970574855804,0.09618285298347473,0.07511626183986664,0.03330674767494202,0.1527923047542572,0.03053056076169014,0.14777901768684387,0.10323541611433029,0.13045208156108856,0.10924376547336578,0.011095399968326092
NR2C2,0.078188955783844,0.07872183620929718,0.04109181836247444,0.006367999594658613,0.036766793578863144,0.020568441599607468,0.029068442061543465,-0.02087394893169403,0.02449353039264679,-0.010695688426494598,0.005041741766035557,-0.021357737481594086,-0.007470397278666496,0.004486777354031801,0.01262950710952282
NRP1,0.10849321633577347,0.13069462776184082,0.19083023071289062,0.15747754275798798,0.061333004385232925,0.06531079113483429,0.1374512016773224,0.1161557286977768,0.09258882701396942,0.08716834336519241,0.039074525237083435,0.015726057812571526,0.07531902939081192,0.023057444021105766,0.010506652295589447
NRP2,0.16512943804264069,0.15486884117126465,0.2201581597328186,0.21004989743232727,0.08720680326223373,0.0760367140173912,0.14817441999912262,0.15399684011936188,0.10003409534692764,0.056336987763643265,0.04662546515464783,0.013220490887761116,0.05530731379985809,0.06438840180635452,0.06686951220035553
NSDHL,0.06533994525671005,0.02352730929851532,0.008812466636300087,-0.005469166208058596,0.10114260017871857,0.11822402477264404,0.1743144392967224,0.07710204273462296,0.09129533171653748,0.04617353156208992,0.09010167419910431,0.10406076908111572,0.10207031667232513,0.10159224271774292,0.03615160658955574
NSMAF,0.10238421708345413,0.09744051098823547,0.09300492703914642,0.07682807743549347,0.04568396881222725,0.05739285796880722,0.006076217163354158,0.021081484854221344,0.04041275754570961,-0.020134612917900085,0.044293202459812164,0.07413072884082794,0.026357056573033333,-0.001267830259166658,-0.04049607738852501
NSMCE1,0.208572119474411,0.09965191781520844,0.1580452173948288,0.18501919507980347,0.09191128611564636,0.09783515334129333,0.1517729014158249,0.05696863308548927,0.15110966563224792,0.11794529110193253,0.10397566854953766,0.138337641954422,0.08387517184019089,0.1390863060951233,0.06256505101919174
NSUN4,0.02136622741818428,0.012679646722972393,0.04481182247400284,0.02939559333026409,0.07780814915895462,0.0999092310667038,0.10109534114599228,0.058734212070703506,0.00938224047422409,0.06860616058111191,0.05865538492798805,0.03652441129088402,0.06373884528875351,0.00970798172056675,0.031006529927253723
NSUN6,0.031952936202287674,0.027207404375076294,0.03701326251029968,-0.013028758578002453,-0.009882926940917969,0.02868121862411499,0.04113764688372612,-0.00828148890286684,-0.005057157948613167,-0.028396401554346085,-0.006172047927975655,-0.0011579052079468966,0.023182431235909462,0.030611740425229073,0.08799401670694351
NT5C,0.126957967877388,0.10385875403881073,0.086894690990448,0.08815737068653107,0.0830845832824707,0.07761227339506149,0.14578741788864136,0.019924700260162354,0.06765653938055038,0.07054663449525833,0.10504744946956635,0.05759504437446594,0.04851016029715538,0.09098487347364426,0.006704803090542555
NTM,0.11833492666482925,0.12634192407131195,0.14813821017742157,0.13637201488018036,0.05766492709517479,0.0661303922533989,0.13001632690429688,0.12476223707199097,0.0783519372344017,0.047364965081214905,0.00670443382114172,0.02711542695760727,0.019390951842069626,0.04055442661046982,-0.008598582819104195
NUDT5,0.19457052648067474,0.12278392910957336,0.17626067996025085,0.18247073888778687,0.09970405697822571,0.11848748475313187,0.15973275899887085,0.15325263142585754,0.10635542869567871,0.06796853989362717,0.08313591778278351,0.06954691559076309,0.14839617908000946,0.11701251566410065,0.13000911474227905
NUP93,0.20739078521728516,0.1228182464838028,0.1517912596464157,0.08704305440187454,0.049326278269290924,0.054028965532779694,0.10870546102523804,0.06010136008262634,0.14715951681137085,0.07605749368667603,0.10080921649932861,0.08705218881368637,0.060333818197250366,0.04162193462252617,0.010848426260054111
OBSL1,0.22252647578716278,0.14557640254497528,0.14087602496147156,0.07241320610046387,0.13874679803848267,0.1341644823551178,0.24279072880744934,0.12174618244171143,0.0904405266046524,0.09550168365240097,0.09260779619216919,0.0546511709690094,0.06510389596223831,0.07067093253135681,-0.033853016793727875
ODF2,0.1728053092956543,0.1451464742422104,0.10492562502622604,0.0461178719997406,0.13472908735275269,0.11634086072444916,0.1514117419719696,0.09609135240316391,0.1961054503917694,0.14553463459014893,0.18904060125350952,0.16857171058654785,0.16805754601955414,0.12649022042751312,0.008254988119006157
ODF2L,0.029053987935185432,-0.00448214216157794,0.01665654592216015,0.025487203150987625,0.015353702008724213,0.008459106087684631,0.04540511593222618,-0.013239308260381222,-0.008587661199271679,0.05809576436877251,0.009889408014714718,0.016732584685087204,-0.03177010640501976,-0.0008048174204304814,0.002492023166269064
OLFML2B,0.19421355426311493,0.16676844656467438,0.23119932413101196,0.21910400688648224,0.09306899458169937,0.09185533970594406,0.14980758726596832,0.15937097370624542,0.14158840477466583,0.07447107136249542,0.09659276902675629,0.08647872507572174,0.0816778838634491,0.07385857403278351,0.14513206481933594
OR1L8,-0.00014854558685328811,,,,,,,,-0.01201070286333561,,,,-0.004432152025401592,,0.01157402154058218
OR7D4,,,0.012719616293907166,,,,0.032457608729600906,,,-0.045186467468738556,,-0.03059849888086319,-0.015401993878185749,0.009225583635270596,-0.007519188802689314
OSM,0.007017398253083229,-0.023926865309476852,-0.008710975758731365,-0.004974558483809233,0.11235951632261276,0.08174572885036469,0.12446404993534088,0.11049550026655197,0.030865786597132683,0.0031640257220715284,-0.01571265049278736,0.048974908888339996,0.025969546288251877,-0.0007561849197372794,0.014018680900335312
OSR1,0.3036675453186035,0.18911665678024292,0.16283635795116425,0.15940986573696136,0.021826688200235367,-0.015289443545043468,-0.0294735636562109,0.015132163651287556,0.03209713101387024,0.018666399642825127,0.001362459734082222,0.021048516035079956,-0.037145789712667465,-0.001509913126938045,-0.14351224899291992
OTOF,0.039784010499715805,0.0063973525539040565,-0.022519836202263832,0.009352211840450764,0.016559651121497154,-0.019752169027924538,0.00394301675260067,-0.004519612528383732,0.0018088838551193476,0.009098600596189499,-0.005605215206742287,-0.025206636637449265,0.007098841946572065,-0.008195614442229271,-0.023394644260406494
OTUB1,0.22901974618434906,0.10985708236694336,0.10371708124876022,0.09377139806747437,0.13654114305973053,0.16186001896858215,0.2232748419046402,0.11000430583953857,0.1914217323064804,0.15125490725040436,0.15425807237625122,0.1531580686569214,0.10292334854602814,0.1399855762720108,-0.02005477249622345
OTUB2,0.04119804501533508,0.029392510652542114,-0.006472211796790361,0.003643457544967532,-0.02247108891606331,-0.011230367235839367,0.004134113434702158,-0.01310745719820261,0.013470732606947422,0.027795230969786644,0.005912449676543474,0.0463605634868145,0.0051026237197220325,0.043275054544210434,0.004563531838357449
PALMD,0.014857713133096695,0.033002641052007675,0.016394713893532753,0.04355026036500931,0.025758709758520126,0.07183834165334702,0.08674080669879913,0.04561692848801613,0.005318860523402691,-0.011569405905902386,0.027058476582169533,0.045030489563941956,0.008034080266952515,0.06374411284923553,0.17004720866680145
PANK3,0.13309569656848907,0.0861922949552536,0.06202332675457001,0.03864835947751999,0.02625909633934498,0.07686159014701843,0.053307030349969864,0.02539370022714138,0.17215001583099365,0.0879332423210144,0.1442725956439972,0.1425171047449112,0.14551392197608948,0.14247550070285797,0.20800115168094635
PAPOLA,0.16341176629066467,0.122423455119133,0.09685152769088745,0.09380649030208588,0.15218618512153625,0.14177380502223969,0.15128257870674133,0.058424580842256546,0.1622219830751419,0.13929857313632965,0.1493220031261444,0.1407000571489334,0.11240813881158829,0.12011124938726425,0.22444824874401093
PARD3,0.10650810599327087,0.07433949410915375,0.055706001818180084,0.07866755872964859,0.051682036370038986,0.07438146322965622,0.1325783133506775,0.07726705074310303,0.022447483614087105,0.03314192593097687,-0.004497791640460491,0.005035108886659145,0.019584638997912407,0.03412972018122673,-0.01370876282453537
PARD6B,0.0810440331697464,0.0706682950258255,0.07512533664703369,0.11308420449495316,0.029681038111448288,0.045527663081884384,0.08215628564357758,0.05992355942726135,0.10678117722272873,0.007601429242640734,0.08967733383178711,0.06972038000822067,0.10983728617429733,0.06483634561300278,0.08551296591758728
PARM1,-0.011264223605394363,0.02789539098739624,-0.0013283162843436003,-0.01062124501913786,0.0009718857472762465,0.028543546795845032,0.014545698650181293,0.03232599422335625,0.01617848500609398,-0.0017742520431056619,-0.010968627408146858,0.03360658511519432,-0.013360342010855675,0.012512797489762306,0.00679464265704155
PAXBP1,0.11015509814023972,0.09645718336105347,0.06163761392235756,0.06613875925540924,0.03767171502113342,0.022111207246780396,0.09528190642595291,0.022341938689351082,0.07263628393411636,0.07428782433271408,0.052392713725566864,0.07062022387981415,0.047095272690057755,0.05345185473561287,0.08523398637771606
PBX4,0.010899258777499199,0.03529777377843857,0.020982814952731133,-0.002330454532057047,0.013126714155077934,0.03304759040474892,-0.026213230565190315,0.020429372787475586,0.012578506954014301,0.03165232390165329,0.012628642842173576,0.025807371363043785,0.002726796083152294,0.022413024678826332,0.02116970345377922
PCM1,0.03686210885643959,0.0013451409758999944,0.0014213211834430695,0.00897125992923975,-0.008051554672420025,0.015403905883431435,0.025725452229380608,0.0069016083143651485,0.06634582579135895,0.048874787986278534,0.06666207313537598,0.09099043905735016,0.10361480712890625,0.060104742646217346,-0.007744398899376392
PCYOX1L,0.02339884266257286,0.03300642967224121,0.0012560270261019468,0.0026330112013965845,0.006399113684892654,0.05707177519798279,-0.008480815216898918,0.002124573802575469,-0.0017538131214678288,-0.043720562011003494,0.011687291786074638,0.010592936538159847,0.030351778492331505,0.010555274784564972,0.04150433465838432
PDCD1LG2,0.05753927305340767,0.03377976641058922,0.08800146728754044,0.07284892350435257,0.012640516273677349,0.024600520730018616,0.036622848361730576,0.0024825844448059797,0.05048127472400665,0.034630145877599716,0.018159974366426468,0.00745284091681242,0.008805730380117893,0.004345814697444439,-0.09016367793083191
PDCD5,0.29850882291793823,0.23192936182022095,0.2123970240354538,0.21439388394355774,0.1189759224653244,0.16809791326522827,0.17982210218906403,0.19124539196491241,0.23885498940944672,0.06741860508918762,0.1561276912689209,0.19393745064735413,0.18140754103660583,0.2306782305240631,0.031577423214912415
PDIA6,0.12101628631353378,0.09789904952049255,0.08617176115512848,0.06603080779314041,0.11853384971618652,0.19681896269321442,0.09982690215110779,0.049273520708084106,0.2207036018371582,0.08206533640623093,0.16519609093666077,0.12304603308439255,0.09772507846355438,0.13401339948177338,0.05611901730298996
PDLIM1,0.1330064982175827,0.061999764293432236,0.10553020983934402,0.08069867640733719,0.11124446988105774,0.08759772032499313,0.10071021318435669,0.019328651949763298,0.11787901073694229,0.07160381227731705,0.1035468578338623,0.14400866627693176,0.0792565867304802,0.07579322159290314,0.04556618630886078
PECR,0.015634190291166306,0.02039654366672039,-0.00727568194270134,-0.02864527516067028,0.0049767461605370045,0.022227177396416664,0.013652260415256023,0.024228135123848915,-0.0173890870064497,-0.005442800931632519,0.04365286976099014,0.003989413380622864,0.0058626472018659115,0.018228450790047646,-0.0050707110203802586
PEF1,0.2045096755027771,0.13313928246498108,0.15807504951953888,0.1045735701918602,0.039604879915714264,0.025069739669561386,0.11137773841619492,0.07090576738119125,0.07792425155639648,0.10406766086816788,0.10558952391147614,0.09662357717752457,0.06897079944610596,0.07896038889884949,0.14009639620780945
PENK,0.016466252505779266,,,-0.006907543167471886,-0.009076823480427265,-0.008426906540989876,-0.0029731716495007277,0.005938631482422352,0.04952669143676758,-0.02937745489180088,0.028977014124393463,0.004588848911225796,0.023115502670407295,,0.03044298104941845
PEX2,0.16586148738861084,0.10412748157978058,0.11240643262863159,0.09789038449525833,0.015239899046719074,0.003132987767457962,0.043159473687410355,-0.014359109103679657,0.1062825620174408,0.03529568761587143,0.06065383553504944,0.0638171136379242,0.06299933046102524,0.07212337106466293,0.2836523652076721
PGAM2,-0.012521402910351753,0.012627593241631985,0.02647135965526104,-0.03153163194656372,0.016543449833989143,0.011625533923506737,-0.018995288759469986,-0.008317888714373112,-0.021421708166599274,-0.03950312361121178,0.014974061399698257,0.01803266629576683,-0.02251662127673626,0.014886386692523956,0.013557647354900837
PGM3,0.04558994993567467,0.03344443440437317,0.01758171245455742,0.044065628200769424,0.06674478203058243,0.08690424263477325,0.0600268617272377,0.07485742121934891,0.12247716635465622,0.07167883962392807,0.0979846939444542,0.06651236861944199,0.10307367891073227,0.12549816071987152,0.12198400497436523
PHGDH,0.3616308867931366,0.2355743795633316,0.2670765817165375,0.21838214993476868,-0.023364275693893433,-0.03646489605307579,0.05458084121346474,0.012021483853459358,0.2260889858007431,0.14580969512462616,0.12624582648277283,0.14510120451450348,0.14907483756542206,0.1291225403547287,0.2391381412744522
PI16,0.02919350378215313,0.036825112998485565,0.003956961911171675,0.022735966369509697,-0.00939261820167303,-0.025707067921757698,-0.0053857495076954365,,-0.009921705350279808,0.004009481053799391,-0.037022046744823456,0.01629170961678028,0.05126402899622917,0.020176265388727188,0.04389023780822754
PIDD1,0.05382680520415306,0.03167347237467766,0.005412474274635315,0.02735319919884205,-0.02460627816617489,-0.011834879405796528,0.011986516416072845,-0.005402754992246628,0.05373507738113403,0.05848877876996994,0.08932020515203476,0.05989888682961464,0.0671783834695816,0.04519570991396904,0.08050549775362015
PIGN,0.17429029941558838,0.1501319259405136,0.09775834530591965,0.09033162146806717,-0.01099876593798399,-0.018940437585115433,0.004524882882833481,-0.01162219699472189,0.06166902184486389,0.053657930344343185,0.06127333268523216,0.0859779492020607,0.07410410791635513,0.0616815946996212,0.09765075892210007
PKD1,0.06530604511499405,0.04178362712264061,0.029491454362869263,0.0649058148264885,0.1397538185119629,0.1353527456521988,0.1381702870130539,0.039028145372867584,0.08059393614530563,0.10096738487482071,0.08781087398529053,0.07535296678543091,0.03997286781668663,0.035357944667339325,0.03475724160671234
PKP3,0.20879045128822327,0.10729207843542099,0.11215699464082718,0.036919351667165756,0.14193041622638702,0.10974965989589691,0.23313312232494354,0.12168353796005249,0.25069838762283325,0.20498676598072052,0.22713011503219604,0.26144805550575256,0.23960989713668823,0.23719532787799835,0.2139773964881897
PLCB3,0.06876318901777267,0.02322280779480934,-0.00028654307243414223,0.02023196592926979,0.07766733318567276,0.06340929120779037,0.14439107477664948,0.044555388391017914,0.06574662774801254,0.11653711646795273,0.05233288183808327,0.09572036564350128,0.06944957375526428,0.09670897573232651,0.025553006678819656
PLEKHM1,0.019628312438726425,0.024722009897232056,-0.023118115961551666,0.006504553370177746,0.006446416024118662,0.0010025062365457416,0.021719472482800484,0.020124126225709915,0.0488666407763958,0.0449335053563118,-0.002682732418179512,-0.008647885173559189,0.024883678182959557,0.023650143295526505,0.043295033276081085
PLOD3,0.06851141899824142,0.054879993200302124,0.011743955314159393,0.020299803465604782,0.04319639503955841,0.06018252670764923,0.033225610852241516,-0.016596250236034393,0.03206268697977066,0.09039440751075745,0.0741991475224495,0.06292848289012909,0.037330154329538345,0.06765390187501907,0.06582581996917725
PLVAP,0.17173506319522858,0.1501360982656479,0.1256408542394638,0.17339669167995453,0.12107338756322861,0.11728623509407043,0.15422604978084564,0.17522157728672028,0.1265570968389511,0.024806102737784386,0.06971414387226105,0.0356236957013607,0.11227311939001083,0.11017565429210663,-0.030203456059098244
PNMA6E,,-0.015590718947350979,,,0.026661355048418045,,0.050544947385787964,-0.015293577685952187,,,-0.0006659905193373561,,0.04850677028298378,,0.003943243063986301
POLQ,0.060529809445142746,0.04480590298771858,0.029743731021881104,0.030553920194506645,0.0442662350833416,0.014666471630334854,0.0781010165810585,0.03254902362823486,0.01931191235780716,0.04136936366558075,0.038458630442619324,0.01631244644522667,0.01976476050913334,0.04456092417240143,-0.09142845869064331
POLR3K,0.15732614696025848,0.10785837471485138,0.16742122173309326,0.1346457302570343,0.12693817913532257,0.1379578560590744,0.2680928111076355,0.1853889673948288,0.18601679801940918,0.0978291854262352,0.1273248791694641,0.1191437691450119,0.07099265605211258,0.09769565612077713,0.2361811250448227
POP4,0.1004943773150444,0.032800886780023575,0.03706783801317215,0.012551901862025261,0.018183017149567604,0.06155141815543175,0.052829574793577194,0.022741157561540604,0.12040482461452484,0.042217474430799484,0.08736257255077362,0.04494345560669899,0.08149046450853348,0.08277960121631622,0.07489655911922455
POP5,0.18286854028701782,0.11475656926631927,0.1519625335931778,0.10167192667722702,0.06290824711322784,0.13133856654167175,0.18651795387268066,0.15780305862426758,0.1135876327753067,0.06849773973226547,0.11685670912265778,0.06929093599319458,0.11848746985197067,0.11207982897758484,0.06414524465799332
PPFIBP1,0.06733732670545578,0.04570924490690231,0.08934967964887619,0.12784570455551147,0.057893652468919754,0.027702948078513145,0.010247503407299519,0.02139749936759472,0.07501795887947083,0.03127903491258621,0.05001896619796753,-0.003161219647154212,0.032507892698049545,0.05649710074067116,0.002161086071282625
PPM1E,-0.0021543821785598993,-0.001888937782496214,0.020557431504130363,0.000599955499637872,0.05479449778795242,0.0012203083606436849,0.018232520669698715,-0.0007835408323444426,0.020581508055329323,-0.01117026899009943,-0.016617920249700546,-0.004923710599541664,0.0012329269666224718,0.024627571925520897,0.04360783100128174
PPP1R12A,0.042390864342451096,0.07840754091739655,0.06786225736141205,0.06940754503011703,0.021846601739525795,0.010721701197326183,0.0009516689460724592,0.048743102699518204,0.0034271625336259604,0.03313254937529564,-0.01845935359597206,-0.042020682245492935,0.0060681565664708614,0.005914834327995777,-0.03710794448852539
PPP1R14B,0.2916603088378906,0.15006347000598907,0.17451326549053192,0.13050732016563416,0.17969347536563873,0.22554071247577667,0.35956087708473206,0.19790694117546082,0.3405604362487793,0.16058118641376495,0.2249923050403595,0.21004007756710052,0.19137506186962128,0.22111058235168457,0.2765906751155853
PPP1R32,0.017832478508353233,-0.002771018072962761,-0.007478744722902775,0.00463066715747118,0.006999519653618336,-0.020351484417915344,0.07260015606880188,0.07355640828609467,0.019828947260975838,0.020948311313986778,-0.015310794115066528,0.040602367371320724,-0.0018353359773755074,-0.023724529892206192,0.02172216773033142
PPP1R9B,0.037037432193756104,0.032741300761699677,0.05099809542298317,0.044962525367736816,0.2094438076019287,0.23215056955814362,0.24684922397136688,0.07763434201478958,0.0014704387867823243,0.08190110325813293,0.03944877162575722,0.027575185522437096,0.041107792407274246,0.05039650946855545,-0.05367681384086609
PPP2CA,0.1654902696609497,0.09663443267345428,0.06307657063007355,0.10690727084875107,0.06793771684169769,0.11939328163862228,0.13381414115428925,0.07960863411426544,0.224910706281662,0.09668003022670746,0.18226298689842224,0.19170807301998138,0.18445250391960144,0.2314060628414154,0.2369040548801422
PPP2R3C,0.0466022789478302,-0.0024328019935637712,0.0018252319423481822,-0.009256330318748951,-0.014810861088335514,0.013070802204310894,0.010769300162792206,0.0015995287103578448,0.04002135992050171,0.022730402648448944,0.025959577411413193,0.007161622401326895,0.02643461525440216,0.0626564770936966,0.020983610302209854
PPP6R1,0.05733400955796242,0.07312946766614914,0.016816338524222374,0.03345438465476036,0.07121323049068451,0.08043292164802551,0.20636560022830963,0.052063651382923126,0.07891932129859924,0.06046914681792259,0.11381007730960846,0.09812185913324356,0.028903251513838768,0.04511275887489319,0.015484304167330265
PRAMEF8,-0.026873929426074028,-0.015015278942883015,0.02372470498085022,-0.010765762999653816,,,,,,,,,0.012164045125246048,,-0.00014722440391778946
PRELP,0.0288244616240263,0.06378538906574249,-0.01573628932237625,-0.0028009708039462566,0.13207118213176727,0.05828530713915825,0.11212757229804993,0.21982769668102264,0.11700714379549026,0.08779525011777878,0.06909160315990448,0.08591700345277786,0.14412817358970642,0.11598571389913559,0.05996895208954811
PRKAR1A,0.10579854249954224,0.05536682531237602,-0.007187185809016228,0.033295582979917526,0.2527257204055786,0.3107096552848816,0.33607912063598633,0.22147035598754883,0.09648872911930084,0.12112655490636826,0.10431196540594101,0.0878082737326622,0.0944686010479927,0.11111165583133698,-0.013928310945630074
PRND,-0.0009214822202920914,0.016528766602277756,-0.0338486023247242,-0.0053100609220564365,0.044800687581300735,0.010823819786310196,0.08806189894676208,0.07557430863380432,-0.004569995682686567,-0.015532712452113628,0.023757506161928177,0.026874592527747154,-0.01166563481092453,0.011243992485105991,-0.006137331947684288
PRPF19,0.09169384092092514,0.05692959576845169,-0.007395589258521795,0.028069155290722847,0.18034183979034424,0.1469249427318573,0.23624110221862793,0.11077479273080826,0.13767246901988983,0.29374855756759644,0.20615988969802856,0.1857886165380478,0.09857290238142014,0.14821670949459076,0.0692744180560112
PRR15L,0.1821858435869217,0.1455991566181183,0.10773257166147232,0.060609862208366394,0.041950952261686325,0.03504405915737152,0.10177753865718842,0.02144676446914673,0.13719575107097626,0.046818479895591736,0.09422112256288528,0.06993406265974045,0.09095251560211182,0.09314770251512527,0.41876280307769775
PRUNE2,0.020999839529395103,0.025797760114073753,0.020615754649043083,0.0005470556789077818,-0.0027428995817899704,0.01451057754456997,0.009003020823001862,0.017695069313049316,-0.0017138757975772023,0.004725854843854904,0.012759770266711712,0.021708067506551743,0.010996829718351364,-0.020482318475842476,0.07773327082395554
PSMA3,0.17805014550685883,0.07517624646425247,0.09566693007946014,0.16268207132816315,0.093084417283535,0.11420989781618118,0.16999833285808563,0.0665014386177063,0.23181600868701935,0.11872648447751999,0.18380269408226013,0.14285580813884735,0.18518076837062836,0.16100569069385529,0.181820809841156
PSMA7,0.17190098762512207,0.09429176896810532,0.16606901586055756,0.2022838294506073,0.23049044609069824,0.28197166323661804,0.22559894621372223,0.20293259620666504,0.15061162412166595,-0.008811213076114655,0.12329328060150146,0.10948023945093155,0.13768842816352844,0.10242221504449844,0.18955788016319275
PSMB2,0.2607276737689972,0.1878993809223175,0.22753213346004486,0.21301287412643433,0.1293480396270752,0.12587741017341614,0.17023950815200806,0.07036377489566803,0.21198910474777222,0.07577041536569595,0.15396946668624878,0.1460133045911789,0.11710655689239502,0.13803307712078094,0.25309664011001587
PSMB5,0.3210272192955017,0.19911617040634155,0.24443599581718445,0.2420525997877121,0.16965024173259735,0.23377111554145813,0.2809908092021942,0.23149949312210083,0.34832146763801575,0.13733169436454773,0.21232879161834717,0.21762894093990326,0.2378549724817276,0.24561263620853424,0.2500898241996765
PSMB9,0.17437738180160522,0.15038803219795227,0.18716515600681305,0.09443032741546631,0.08683531731367111,0.13697321712970734,0.21254752576351166,0.1948964148759842,0.21260948479175568,0.0840328261256218,0.15316352248191833,0.13577599823474884,0.118285171687603,0.21275277435779572,0.11683958768844604
PSMD1,0.03766283020377159,0.07027062773704529,-0.03318072482943535,0.03545030578970909,0.10074084252119064,0.1456119418144226,0.0925251841545105,0.04070478305220604,0.12359427660703659,0.10784059762954712,0.10997992008924484,0.10269011557102203,0.12012574821710587,0.14251279830932617,0.05379534140229225
PSMD3,0.10776863992214203,0.09399638324975967,0.021908843889832497,0.07573078572750092,0.41742971539497375,0.3911842703819275,0.45801523327827454,0.3671015501022339,0.44643861055374146,0.2688717246055603,0.3310692310333252,0.36101582646369934,0.3313748836517334,0.35063785314559937,0.04487169533967972
PSME2,0.23333530128002167,0.15377934277057648,0.12759040296077728,0.17067086696624756,0.1775037944316864,0.2880343496799469,0.3123505711555481,0.20541377365589142,0.31595778465270996,0.12141655385494232,0.23694542050361633,0.2635352611541748,0.20164035260677338,0.25400957465171814,0.1261296570301056
PSME4,0.1056564599275589,0.08832749724388123,0.05583897605538368,0.04020573943853378,0.14157827198505402,0.1600068211555481,0.1994979977607727,0.11787442862987518,0.14051446318626404,0.10767124593257904,0.131831094622612,0.11751735210418701,0.12710940837860107,0.1033877581357956,0.028188154101371765
PSPC1,0.17234869301319122,0.15332481265068054,0.14599433541297913,0.14019714295864105,0.0754462257027626,0.09710589051246643,0.06435977667570114,0.033287446945905685,0.12149549275636673,0.10494975000619888,0.15941673517227173,0.14807413518428802,0.18472348153591156,0.11747288703918457,0.027287021279335022
PTCH1,0.06033282354474068,0.023042336106300354,0.023306794464588165,-0.0060505736619234085,0.03357699513435364,0.02169785276055336,0.10531508177518845,0.010836517438292503,-0.0030911823268979788,0.021180015057325363,0.05288773775100708,0.004708891734480858,0.03398536145687103,0.03411872684955597,0.002496659755706787
PTCRA,0.029300086200237274,0.015355916693806648,-0.0057600331492722034,0.003327404847368598,0.03464382886886597,0.020834732800722122,0.034762658178806305,0.0048301490023732185,0.016356423497200012,-0.005796724930405617,0.009145771153271198,0.028849661350250244,0.00999818928539753,-0.003988518845289946,-0.0058800289407372475
PTGDS,0.2656097710132599,0.22683563828468323,0.04321153834462166,0.037794459611177444,-0.0035815942101180553,0.03274714574217796,0.01735822483897209,0.04274946451187134,0.4499540328979492,0.11770273745059967,0.2501581311225891,0.28008708357810974,0.1851634681224823,0.20004180073738098,-0.008228790014982224
PTPRC,0.318380206823349,0.3155246078968048,0.18041720986366272,0.20860853791236877,0.12696968019008636,0.09200799465179443,0.1935190111398697,0.18578068912029266,0.3280588388442993,0.06981048732995987,0.11200805008411407,0.10657471418380737,0.13380126655101776,0.12887121737003326,0.04649776592850685
PTX4,,0.02169039100408554,,,,,,,-0.0001526137493783608,,,,-0.009484286420047283,,-0.00039261626079678535
PUS7,0.11363938450813293,0.10059919208288193,0.05878283455967903,0.1054154559969902,0.07404789328575134,0.005887500010430813,0.10468267649412155,0.03831794112920761,0.07006856799125671,0.03635864332318306,0.05222120136022568,0.07250764966011047,0.1030619889497757,0.08522818982601166,0.037558894604444504
PYCARD,0.09184928238391876,0.07988283038139343,0.03456148877739906,0.053238917142152786,0.11941557377576828,0.16040515899658203,0.20765602588653564,0.15170110762119293,0.2724655866622925,0.08306045085191727,0.17880719900131226,0.23214004933834076,0.2307361215353012,0.25601452589035034,0.12572605907917023
RAB11FIP3,0.20201726257801056,0.11771585047245026,0.15092188119888306,0.05270915478467941,0.12866708636283875,0.1258169412612915,0.19548718631267548,0.05101244896650314,0.12799100577831268,0.11435319483280182,0.09039974212646484,0.07079517096281052,0.0325450636446476,0.06685050576925278,0.025761408731341362
RAB1B,0.0642220675945282,0.009338617324829102,-0.011433371342718601,0.036444295197725296,0.24565839767456055,0.23877517879009247,0.21872450411319733,0.11082425713539124,0.12972116470336914,0.2187836915254593,0.17294782400131226,0.17164364457130432,0.16868895292282104,0.22570104897022247,-0.033929117023944855
RAD21,0.31673330068588257,0.23292474448680878,0.17024508118629456,0.0948309525847435,0.13778477907180786,0.17490297555923462,0.2701975405216217,0.19490648806095123,0.2942771017551422,0.08608775585889816,0.2774900794029236,0.2586475610733032,0.27146366238594055,0.26858365535736084,0.21921804547309875
RAE1,0.19393585622310638,0.15201382339000702,0.09524017572402954,0.139683336019516,0.1277134120464325,0.1677614003419876,0.2822984457015991,0.1338684856891632,0.14701427519321442,0.110862597823143,0.10895785689353943,0.08652549237012863,0.1320856809616089,0.08209125697612762,0.28560560941696167
RASAL2,0.05508296936750412,0.02844536118209362,-0.03373994305729866,-0.05697508156299591,-0.02810090407729149,0.024952340871095657,0.04379784315824509,-0.002014647936448455,-0.009690731763839722,-0.016049794852733612,0.016937267035245895,0.008324774913489819,-0.005436987150460482,0.01965862326323986,-0.021924708038568497
RBM28,0.08758600056171417,0.0662778913974762,0.03253382071852684,0.025810180231928825,0.04241190478205681,0.05007414519786835,0.10196173191070557,0.03198741003870964,0.02826981246471405,0.012295692227780819,0.06034250184893608,0.05415664240717888,0.03199048340320587,0.04205756261944771,0.0435456708073616
RCOR2,0.09385930746793747,0.09130220860242844,0.08842863887548447,-0.00044805309153161943,0.022507887333631516,0.009241967462003231,0.017972884699702263,0.014348081313073635,-0.0072107696905732155,0.025130322203040123,0.007683839648962021,0.06587473303079605,0.025256946682929993,0.004349731374531984,0.024701494723558426
RDH11,-0.0007063676603138447,0.043529875576496124,0.013903042301535606,-0.00844419002532959,0.031137095764279366,-0.0018104228656738997,0.038445740938186646,0.03037388250231743,0.07927314192056656,0.045157309621572495,0.05581987649202347,0.06991112977266312,0.05056959018111229,0.046335287392139435,0.09437727928161621
REXO4,0.18941271305084229,0.08733443170785904,0.08632420748472214,0.06920438259840012,0.06486142426729202,0.05258779227733612,0.11176208406686783,0.039045728743076324,0.04969027638435364,0.0976661667227745,0.05566556751728058,0.07777807861566544,0.0459531806409359,0.049929141998291016,-0.026058167219161987
RGS2,0.22767163813114166,0.10851625353097916,0.29996275901794434,0.23584994673728943,0.14878056943416595,0.10230153053998947,0.18188156187534332,0.18968650698661804,0.05017820745706558,0.07890632003545761,0.03738192841410637,0.0046033188700675964,0.0008947631577029824,0.015343562699854374,0.07818982750177383
RGS5,0.1330932080745697,0.19029010832309723,0.12471333146095276,0.13325265049934387,0.16354426741600037,0.16046583652496338,0.2048223912715912,0.26935574412345886,0.16166004538536072,-0.004184540826827288,0.06546620279550552,0.05150618776679039,0.07156543433666229,0.07464626431465149,-0.03690103441476822
RHOH,0.04256242513656616,0.016255928203463554,0.02479124628007412,0.041177328675985336,0.08945868164300919,0.13590888679027557,0.053309958428144455,0.03371825069189072,0.15792149305343628,0.053296662867069244,0.08913957327604294,0.09453961253166199,0.049852047115564346,0.09670547395944595,0.11566167324781418
RIPK2,0.08420084416866302,0.042425356805324554,0.020031999796628952,0.02810005284845829,0.039705436676740646,0.057921286672353745,0.11646099388599396,0.044286470860242844,-0.0012142029590904713,0.028651392087340355,-0.001083260402083397,0.031114108860492706,-0.0016515098977833986,-0.0014851550804451108,0.08259258419275284
RLN1,-0.0022657671943306923,-0.05960019305348396,-0.023765167221426964,0.046535979956388474,-0.018452635034918785,,0.01769118197262287,-0.00044606885057874024,-0.009859712794423103,0.0057855769991874695,,,-0.009079663082957268,0.03749043494462967,-0.005182724446058273
RMDN2,-0.002689891494810581,0.017722852528095245,0.03511487692594528,-0.00472403597086668,0.00325823575258255,-0.0047159017994999886,0.025597983971238136,-0.009821644984185696,0.041526518762111664,0.01333482563495636,-0.016239620745182037,0.03236137703061104,0.024732230231165886,0.0128917982801795,0.010848473757505417
RNASEH2C,0.07371541112661362,0.0550801083445549,0.10698878765106201,0.09918183088302612,0.11604544520378113,0.16428744792938232,0.14832395315170288,0.10869698971509933,0.1051439493894577,0.04279882088303566,0.06743844598531723,0.09389112889766693,0.046719539910554886,0.11735491454601288,-0.007804331835359335
RNF4,0.11281462013721466,0.06996425986289978,0.07214444875717163,0.05488673597574234,0.09814367443323135,0.10247302800416946,0.11699129641056061,0.051185037940740585,0.10763277858495712,0.018471816554665565,0.14107728004455566,0.07838008552789688,0.08108370006084442,0.0852203369140625,0.10128844529390335
ROBO3,0.07086120545864105,0.05058320611715317,0.09907625615596771,0.0767856165766716,0.023453127592802048,0.007149009499698877,0.022454852238297462,0.02418687380850315,0.025766560807824135,0.00039114069659262896,-0.004710839129984379,0.0075613632798194885,0.006586054805666208,-0.017943164333701134,0.005262020044028759
ROCK1,0.02966712974011898,0.04025626555085182,0.041693057864904404,0.08343396335840225,-0.026957638561725616,-0.014121110551059246,0.03781212866306305,0.05647003650665283,-0.0032620320562273264,0.04213749244809151,0.007243633735924959,-0.004287043120712042,-0.03479251638054848,0.025865234434604645,-0.14620360732078552
RPA3,0.125980406999588,0.03814122825860977,0.10330713540315628,0.12322233617305756,0.14178767800331116,0.16683754324913025,0.31521686911582947,0.2326812893152237,0.22036923468112946,0.09462922066450119,0.16270631551742554,0.12322365492582321,0.1530565470457077,0.1618180125951767,0.10352183878421783
RPE,0.05863121524453163,0.07533564418554306,0.04467419162392616,0.05923844501376152,0.02295445092022419,0.04373415932059288,0.09071555733680725,0.024219289422035217,0.08860857784748077,0.029606003314256668,0.0764361172914505,0.03554356470704079,0.05112147703766823,0.07378489524126053,0.08567626774311066
RRP1B,0.11439383774995804,0.10229479521512985,0.04016672447323799,0.05817835032939911,0.1229209452867508,0.08209554851055145,0.06987475603818893,0.03742178529500961,0.03110950067639351,0.061466917395591736,0.06387560069561005,0.06245104968547821,0.0741223618388176,0.055223189294338226,-0.02087000571191311
RSPO4,-0.0019106380641460419,,0.010434645228087902,-0.02941044233739376,-0.04926789551973343,-0.0010275192325934768,,-0.0032582259736955166,0.00028306807507760823,-0.0011110728373751044,0.02661740966141224,-0.0031368599738925695,-0.009185231290757656,-0.013207913376390934,-0.01952352002263069
RUNDC3B,0.0148514648899436,-0.017772246152162552,-0.0062482464127242565,0.005909324157983065,0.011951569467782974,0.017228025943040848,0.0074857608415186405,0.018585164099931717,-0.0008661520550958812,-0.036609020084142685,0.008857589215040207,0.0060796248726546764,-0.005348331294953823,0.03403143584728241,-0.02444446086883545
S100A8,0.056472502648830414,-0.036783624440431595,0.011739122681319714,0.026267364621162415,0.3738916516304016,0.3720090091228485,0.4361325204372406,0.4721429944038391,0.19299395382404327,0.07473265379667282,0.06718815863132477,0.033318955451250076,0.12559454143047333,0.10868173092603683,-0.0331273190677166
S1PR2,0.027048220857977867,0.004363393876701593,0.04739744961261749,0.003581703407689929,0.01658664457499981,0.049039844423532486,0.01498991809785366,0.031175823882222176,-0.007714531850069761,0.03491528332233429,0.02824251726269722,0.01312626339495182,0.016580980271100998,0.030585892498493195,-0.007305484265089035
SAFB2,0.06803815811872482,0.0736316367983818,0.06996866315603256,0.026239866390824318,0.019626343622803688,0.057990651577711105,0.09902722388505936,0.03866350278258324,0.07586705684661865,0.0467878058552742,0.08897434920072556,0.10845831781625748,0.07015690207481384,0.06777024269104004,0.0050592925399541855
SAMHD1,0.32249340415000916,0.3341473340988159,0.26310983300209045,0.23339581489562988,0.18152901530265808,0.16294950246810913,0.20339955389499664,0.22445723414421082,0.07277607172727585,0.14737260341644287,0.054112039506435394,0.06669380515813828,0.013415273278951645,0.01154470257461071,0.06902395188808441
SAR1B,0.04772302508354187,-0.0016619865782558918,-0.014352015219628811,0.0059623257257044315,0.06654233485460281,0.08909229934215546,0.09555309265851974,0.046780794858932495,0.14688831567764282,0.03207360953092575,0.13009312748908997,0.10322251170873642,0.16210874915122986,0.1081913560628891,0.16819776594638824
SCGB1D2,-0.0025706994347274303,0.0246044360101223,,-0.028418200090527534,-0.02515561692416668,-0.015779461711645126,0.02047613076865673,0.026721658185124397,0.24557791650295258,-0.00250943168066442,0.16133107244968414,0.1500757783651352,0.18729469180107117,0.18179087340831757,0.015887688845396042
SCGB3A2,0.01599140092730522,-0.017072372138500214,0.017446573823690414,,0.01828291080892086,0.030948759987950325,0.0015999632887542248,0.02478392794728279,-0.0002951806236524135,0.040291693061590195,0.02686048485338688,-0.007351572159677744,-0.014767169952392578,-0.005664772819727659,-0.030042387545108795
SDC3,0.08366021513938904,0.10059869289398193,0.07439323514699936,0.08177465945482254,0.07252512872219086,0.061004888266325,0.08674672991037369,0.06180458143353462,0.05579089745879173,-0.035122547298669815,0.05183228850364685,0.030524782836437225,0.1117100939154625,0.14128899574279785,0.1548767238855362
SDF2,0.13044627010822296,0.022967224940657616,-0.009320380166172981,0.002760322066023946,0.1598851978778839,0.18117356300354004,0.3155674338340759,0.18012337386608124,0.18647150695323944,0.0710560604929924,0.14081694185733795,0.1294882446527481,0.09035854786634445,0.08638165891170502,0.08848951011896133
SEMA4C,0.0683341845870018,-0.00960251409560442,0.024148646742105484,-0.013617227785289288,0.201767235994339,0.2327880561351776,0.2662065923213959,0.18685530126094818,0.1093015968799591,0.1976708471775055,0.0862019956111908,0.10937796533107758,0.05454031378030777,0.04016450047492981,-0.056881122291088104
SERPINB5,0.37664148211479187,0.2592519521713257,0.2488204538822174,0.1876286417245865,-0.00209796242415905,-0.020916130393743515,0.015058177523314953,0.007275079842656851,-0.018633058294653893,0.02773994766175747,-0.008044433780014515,0.025786392390727997,-0.02255288138985634,-0.005240369588136673,0.03420069068670273
SERPINE1,0.21868285536766052,0.17715032398700714,0.2598024606704712,0.24932603538036346,0.06641979515552521,0.07375488430261612,0.01207889523357153,0.11186246573925018,0.10188063979148865,0.02399795688688755,0.025248374789953232,0.0037106559611856937,0.04481881111860275,0.029873518273234367,0.09261724352836609
SFRP2,0.44029363989830017,0.4341783821582794,0.48573726415634155,0.4222758412361145,0.23659300804138184,0.20000338554382324,0.20337024331092834,0.33438417315483093,0.4953451454639435,0.1216992661356926,0.24041283130645752,0.18895122408866882,0.30164915323257446,0.22998416423797607,0.41778090596199036
SFRP4,0.4337911605834961,0.44399958848953247,0.4229468107223511,0.338929146528244,0.20044966042041779,0.13859224319458008,0.22896812856197357,0.28649163246154785,0.42763739824295044,0.18546192348003387,0.1964995265007019,0.20172825455665588,0.24738413095474243,0.19057214260101318,0.2587149739265442
SH2B3,0.15465432405471802,0.16710025072097778,0.12296527624130249,0.13540950417518616,0.058148059993982315,0.05037759616971016,0.15833638608455658,0.17178423702716827,0.14765812456607819,-0.01971503533422947,0.04187341779470444,0.019949650391936302,0.07427812367677689,0.05475122109055519,0.06603796780109406
SH3TC1,0.12380421906709671,0.12446154654026031,0.09848739206790924,0.12117292732000351,0.02431177906692028,0.04657159000635147,0.08777003735303879,0.0697183683514595,0.028731204569339752,0.011659516021609306,0.03839525207877159,0.0573546439409256,0.029270539060235023,0.02233210764825344,-0.062329020351171494
SHLD2,0.0961117297410965,0.06651533395051956,0.01993050053715706,0.009640471078455448,0.03422009199857712,0.049924541264772415,0.058158375322818756,0.04329494386911392,0.009323718026280403,0.036759328097105026,0.04730788618326187,0.056364238262176514,0.06452626734972,0.05771654099225998,0.078026682138443
SKAP1,0.09519782662391663,0.08329256623983383,0.04735434055328369,0.04322993382811546,0.06819862127304077,0.03735147416591644,0.03670141100883484,0.005550789181143045,0.03863435983657837,-0.010290706530213356,0.03867664188146591,-0.004402985796332359,0.05281422659754753,0.044747985899448395,-0.07349229604005814
SLC15A4,0.06544867902994156,0.05860777571797371,-0.017134008929133415,0.00603016372770071,0.062008850276470184,0.08002432435750961,0.0663561001420021,0.00395225640386343,0.033678747713565826,0.05081566423177719,0.04346641153097153,0.03242260217666626,0.07362627238035202,0.0229488592594862,-0.0029031974263489246
SLC25A27,0.08785201609134674,0.04830080270767212,0.04066435247659683,0.048975665122270584,0.0006397331017069519,0.004868718795478344,-0.022936921566724777,0.013966194353997707,0.030844470486044884,0.004061792977154255,0.024421291425824165,0.0017418927745893598,-0.03164783492684364,0.012385216541588306,0.007870696485042572
SLC29A2,0.09575912356376648,0.08429288864135742,0.09811248630285263,0.041132282465696335,0.04762253165245056,0.055063582956790924,0.0801653265953064,0.045029591768980026,0.0986139252781868,0.06437644362449646,0.04684906825423241,0.03711859509348869,0.07634158432483673,0.052286673337221146,0.20847682654857635
SLC2A4,0.023285329341888428,-0.007988247089087963,0.008885140530765057,0.013896756805479527,0.00513445446267724,-0.011862627230584621,0.02052910439670086,0.011434945277869701,-0.0002967584878206253,-0.014255103655159473,0.009523754008114338,0.008144713938236237,0.017538757994771004,0.02406860888004303,0.026470419019460678
SLC37A1,0.0022485973313450813,-0.008002257905900478,0.0037622966337949038,-0.010064984671771526,0.06439033150672913,0.09165498614311218,0.1432841718196869,0.08005718141794205,0.042752284556627274,0.07028061151504517,0.09200602769851685,0.0749535784125328,0.07454574853181839,0.08316201716661453,0.0076701706275343895
SLC4A2,0.14247646927833557,0.08611112833023071,0.04752049967646599,0.07226332277059555,0.10571099072694778,0.10120870918035507,0.12348128855228424,0.028177253901958466,0.12982667982578278,0.14248482882976532,0.15182077884674072,0.13231170177459717,0.08195745199918747,0.11594069749116898,0.009346631355583668
SLC4A9,0.003762150416150689,,,,,,,,0.017951417714357376,,,,0.003911694511771202,-0.01509870681911707,-0.00921042449772358
SLC6A16,0.008084071800112724,0.018186921253800392,0.030291736125946045,0.03572181984782219,0.072122722864151,0.04566777125000954,0.06873749196529388,0.06274666637182236,0.030571389943361282,0.009519309736788273,0.026427149772644043,0.0047663371078670025,0.031977392733097076,0.025716131553053856,0.02912105619907379
SLC7A3,-0.00839189812541008,,,0.0016869385726749897,,,,,,-0.0020077817607671022,,,,,0.061698876321315765
SLC7A5,0.2624216377735138,0.17848645150661469,0.16523852944374084,0.13284769654273987,0.14318908751010895,0.1659269779920578,0.29590415954589844,0.11868990957736969,0.17921924591064453,0.1338677704334259,0.1898706555366516,0.21778975427150726,0.1485081911087036,0.1456524282693863,0.03639129176735878
SMU1,0.19394844770431519,0.15781410038471222,0.15017449855804443,0.11634162068367004,0.12303820252418518,0.12801198661327362,0.135488361120224,0.06415433436632156,0.1635696291923523,0.13865478336811066,0.14531219005584717,0.183571919798851,0.13273321092128754,0.12742912769317627,0.17719322443008423
SMYD4,0.04068969935178757,-0.009655822068452835,0.01344718225300312,-0.004956134129315615,0.0077414317056536674,0.005872424691915512,-0.01412739884108305,-0.018679963424801826,0.008251335471868515,0.03856576979160309,0.00702396035194397,-0.014534838497638702,0.005853381473571062,-0.04003781080245972,-0.034058474004268646
SNAP47,0.05987686663866043,-0.007886429317295551,-0.004851945675909519,0.055960021913051605,0.029546597972512245,0.02819281816482544,0.12430061399936676,0.04691888391971588,0.11419220268726349,0.09527002274990082,0.10490317642688751,0.07859277725219727,0.11042635887861252,0.10395922511816025,0.10746340453624725
SNED1,0.14040324091911316,0.11997369676828384,0.20192845165729523,0.16919471323490143,0.02310463786125183,-0.016226351261138916,0.0370415598154068,0.00984544400125742,0.04454910010099411,0.017666401341557503,-0.0038046487607061863,0.010108472779393196,0.02521473914384842,0.013881495222449303,0.18889331817626953
SNRNP35,0.1096682995557785,0.05480295047163963,0.07606387883424759,0.08942613750696182,0.19995371997356415,0.19461922347545624,0.06820479780435562,0.05369928851723671,0.06453998386859894,0.03650610148906708,0.04817419499158859,0.05090200901031494,0.021658986806869507,0.03223447874188423,0.01689590886235237
SNRPG,0.3852553963661194,0.28559696674346924,0.3143988847732544,0.28708717226982117,0.27527326345443726,0.28064221143722534,0.44571810960769653,0.42841094732284546,0.39177507162094116,0.1309458613395691,0.25581663846969604,0.23602448403835297,0.3160671591758728,0.2658053934574127,0.2829805016517639
SNX24,0.029831063002347946,0.00806922372430563,0.02681702747941017,0.0006928718066774309,-0.009096714667975903,0.03871423378586769,0.02960602566599846,0.0661897212266922,0.001965687144547701,0.0008032680489122868,0.007332365959882736,0.021516531705856323,0.036294031888246536,0.03686347231268883,0.016415126621723175
SOX17,-0.018807174637913704,0.021864281967282295,0.009880243800580502,-0.007227739319205284,0.03840537369251251,0.018556781113147736,0.014858381822705269,0.01947360672056675,0.04996678605675697,-0.03383077308535576,0.05544762313365936,-0.01740987040102482,0.01585216633975506,0.05803249776363373,0.03210240602493286
SPAG5,0.09954943507909775,0.06918882578611374,0.048959460109472275,0.07009226828813553,0.10875516384840012,0.14576657116413116,0.3039044439792633,0.21474160254001617,0.1508904993534088,0.09928546100854874,0.11803007870912552,0.10102711617946625,0.13176849484443665,0.08769474923610687,-0.06006644666194916
SPARCL1,0.2041078358888626,0.2383449822664261,0.20515690743923187,0.2105109691619873,0.13096293807029724,0.11279323697090149,0.13320764899253845,0.22234265506267548,0.24127879738807678,0.054376039654016495,0.08141368627548218,0.07390870898962021,0.20375655591487885,0.19310437142848969,0.16346721351146698
SPEN,0.04811001569032669,0.00513745890930295,0.0460360087454319,0.0122690349817276,-0.0024129985831677914,0.016988737508654594,-0.02944938838481903,0.03165729343891144,0.037558089941740036,0.08803502470254898,0.033275652676820755,0.04440655931830406,-0.0022267221938818693,0.0638207271695137,-0.0067746276035904884
SPG11,0.03041202202439308,0.05757660046219826,0.018894266337156296,0.018208572641015053,0.11551710218191147,0.15187108516693115,0.14079008996486664,0.0665520504117012,0.08751105517148972,0.05113641917705536,0.09982365369796753,0.08750998228788376,0.07222287356853485,0.09884599596261978,0.08630921691656113
SPIDR,0.1437004655599594,0.09139028191566467,0.054801084101200104,0.05062028765678406,0.08634193241596222,0.11919264495372772,0.13865332305431366,0.07891834527254105,0.04333335906267166,0.07527042925357819,0.08617161214351654,0.01919979602098465,0.08509034663438797,0.020084435120224953,0.02534235641360283
SPINK5,0.004107775166630745,-0.022848516702651978,0.006371235474944115,0.012258472852408886,0.04703075438737869,0.051843851804733276,0.04776924103498459,-0.002233388600870967,-0.03208708390593529,,-0.008455352857708931,,0.019181974232196808,-0.006997770629823208,-0.014584985561668873
SPP1,0.34127578139305115,0.2732410132884979,0.42857980728149414,0.379856675863266,0.1926201730966568,0.16094523668289185,0.21140286326408386,0.15834356844425201,0.06371279060840607,0.07875709980726242,0.00911748968064785,0.002813861705362797,0.013153922744095325,0.04868350550532341,-0.14277686178684235
SPRED1,0.07712358236312866,0.05947869271039963,0.1147964671254158,0.10492133349180222,0.02902510203421116,0.018541868776082993,0.10667045414447784,0.132075235247612,0.059538960456848145,0.038357239216566086,0.05719967186450958,0.023917345330119133,0.08700641989707947,0.043355174362659454,0.03501966595649719
SRPK1,0.17610123753547668,0.15132738649845123,0.1095280572772026,0.1631997674703598,0.021351447328925133,0.08197325468063354,0.13041606545448303,0.031677067279815674,0.06198810040950775,0.05607159063220024,0.06786060333251953,0.03757622465491295,0.08654871582984924,0.01943899691104889,0.25871121883392334
SRRT,0.1780770719051361,0.1465444713830948,0.10134284943342209,0.09627942740917206,0.10958557575941086,0.12886010110378265,0.20887769758701324,0.08801422268152237,0.11646822094917297,0.09633789211511612,0.12434505671262741,0.1288064569234848,0.09831617027521133,0.11331379413604736,0.05439816787838936
SRSF5,0.20617495477199554,0.22695067524909973,0.16387604176998138,0.13058117032051086,0.07681754231452942,0.1530897319316864,0.15029379725456238,0.08779816329479218,0.18698836863040924,0.15467515587806702,0.1953517645597458,0.17666153609752655,0.16545918583869934,0.17858588695526123,0.14718613028526306
STAB1,0.23933060467243195,0.24534407258033752,0.3395598232746124,0.29354649782180786,0.12354258447885513,0.13389834761619568,0.16543793678283691,0.21634265780448914,0.19100740551948547,0.07147792726755142,0.10017149150371552,0.06786473840475082,0.16630969941616058,0.03735973313450813,0.37058910727500916
STAP1,0.010944661684334278,0.009300850331783295,0.009106948040425777,0.028149332851171494,0.0251298975199461,0.004668218549340963,0.006470872554928064,0.00024286509142257273,0.027888191863894463,0.005039424169808626,0.03806084766983986,0.0007137680659070611,0.00549281993880868,0.022898264229297638,0.049090512096881866
STAT3,0.027468176558613777,0.07492104917764664,0.0660916417837143,0.027761492878198624,0.017122728750109673,0.008537301793694496,0.04176861047744751,0.04703591391444206,0.04564502462744713,-0.005973993334919214,0.05917549878358841,0.05632221698760986,0.04661501944065094,0.08247235417366028,-0.01724359393119812
STAT6,0.035733748227357864,0.043299272656440735,0.03605957701802254,0.05764453858137131,0.033428870141506195,0.0715235099196434,0.07556510716676712,-0.02790648490190506,0.05545385181903839,0.030989447608590126,0.07679398357868195,0.0819351002573967,0.013723274692893028,0.03876834735274315,0.06608593463897705
STMN1,0.4966672658920288,0.40034547448158264,0.44224420189857483,0.4011531174182892,0.0719374343752861,0.13423292338848114,0.26453036069869995,0.17960987985134125,0.2648864984512329,0.10999468713998795,0.1813676506280899,0.20158158242702484,0.15442141890525818,0.15180328488349915,0.22489944100379944
STUB1,0.13222582638263702,0.0703359991312027,0.050024256110191345,0.04079569876194,0.23940852284431458,0.24871408939361572,0.29733917117118835,0.1688041090965271,0.14186450839042664,0.13940246403217316,0.1387733817100525,0.15885905921459198,0.12751299142837524,0.1459103226661682,0.15632858872413635
STXBP2,0.10044620931148529,0.0663415938615799,0.06812875717878342,0.03492358699440956,0.030364181846380234,0.06316182017326355,0.13569015264511108,0.021020302549004555,0.09033282101154327,0.037956126034259796,0.10556218028068542,0.1158425360918045,0.08227662742137909,0.08648207038640976,0.032876770943403244
SUPT20H,0.13046489655971527,0.13893382251262665,0.07824558019638062,0.06781138479709625,0.08291605859994888,0.09716753661632538,0.10428433120250702,0.02978261560201645,0.008974604308605194,0.012888286262750626,0.0031148851849138737,0.05265709385275841,-0.002066476969048381,0.026167595759034157,0.0012055198894813657
SUPT4H1,0.21195586025714874,0.1219533160328865,0.11696366220712662,0.0949375107884407,0.24258136749267578,0.37049227952957153,0.42290011048316956,0.37360674142837524,0.17705269157886505,0.08556778728961945,0.11190669238567352,0.11422359198331833,0.0822942703962326,0.11662818491458893,0.07333072274923325
SURF2,0.1995207965373993,0.0981871634721756,0.1785869300365448,0.11253564059734344,0.1075739711523056,0.13513322174549103,0.23993386328220367,0.08982502669095993,0.11732485145330429,0.1806272566318512,0.13518944382667542,0.11572056263685226,0.053752999752759933,0.09986232221126556,0.17346841096878052
SUV39H2,0.052808117121458054,0.08026270568370819,0.05775758996605873,0.04633767157793045,0.01493870560079813,0.032423894852399826,-0.0004083671956323087,-0.012066623196005821,0.013228866271674633,-0.000797081389464438,0.02114490419626236,0.033346064388751984,0.010126953013241291,0.013218916021287441,0.02093835547566414
SWAP70,0.042501311749219894,0.005201877094805241,0.03528408333659172,-0.03311794251203537,0.020538736134767532,0.05334417521953583,0.04966713860630989,0.03872905671596527,0.025368550792336464,-0.005566584412008524,0.05191129818558693,0.05129816383123398,0.03874978795647621,0.040813274681568146,-0.05416552722454071
SYNJ2BP,0.05185403674840927,0.00722608994692564,0.035859689116477966,0.02541983127593994,0.07706839591264725,0.050477899610996246,0.06510192155838013,0.053463250398635864,0.061347801238298416,0.03219841793179512,0.12462487816810608,0.13472270965576172,0.09405699372291565,0.11389271169900894,0.12787845730781555
TAF11,0.1102474182844162,0.09958700835704803,0.06057743728160858,0.10294216871261597,0.07919786125421524,0.07608512043952942,0.12082082778215408,0.04121880605816841,0.10355155915021896,0.06413562595844269,0.07721082866191864,0.03445195406675339,0.06476666778326035,0.040810778737068176,0.01638169400393963
TARS2,0.09213273227214813,0.058189116418361664,0.018456311896443367,0.0013932216679677367,0.0678858831524849,0.09708532691001892,0.17020662128925323,0.11344627290964127,0.11025221645832062,0.09413483738899231,0.04625406861305237,0.07150532305240631,0.09988562017679214,0.10561662167310715,0.08826272189617157
TBC1D10C,0.15855367481708527,0.16182257235050201,0.04051373898983002,0.08135534822940826,0.07809249311685562,0.05985717475414276,0.1029757410287857,0.07977665960788727,0.12401647865772247,0.09812011569738388,0.15226584672927856,0.11302731186151505,0.15429352223873138,0.1122545450925827,0.012824857607483864
TCIRG1,0.19794954359531403,0.12037360668182373,0.11824432015419006,0.12317813187837601,0.020328305661678314,0.04865561053156853,0.15751226246356964,0.08068022131919861,0.04088301956653595,0.043271277099847794,0.026669269427657127,0.05607779696583748,0.05480613559484482,0.06552201509475708,-0.08626843988895416
TDP1,0.0773220956325531,0.06814050674438477,0.07175340503454208,0.0855269581079483,0.04999936372041702,0.05529194325208664,0.03867574408650398,0.0535288006067276,0.04825904965400696,0.008665073662996292,0.05876598879694939,0.03547237813472748,0.026166563853621483,0.05629526451230049,-0.021861910820007324
TFRC,0.13738010823726654,0.10595490783452988,0.11918256431818008,0.08523693680763245,0.14445838332176208,0.14575828611850739,0.31275510787963867,0.1887776106595993,0.25114330649375916,0.06766021251678467,0.19782185554504395,0.20743915438652039,0.25962701439857483,0.2584213614463806,0.10790915787220001
TGFB3,0.013101299293339252,0.0046761916019022465,0.027199242264032364,0.028491929173469543,-0.0017259498126804829,0.03716229274868965,-0.019857823848724365,0.03581387922167778,-0.0009162841597571969,0.005981083959341049,0.021642837673425674,-0.023162854835391045,0.04472024366259575,0.1037917286157608,-0.08657357841730118
TGFBR1,0.1804894059896469,0.09898781031370163,0.09316519647836685,0.06513041257858276,0.06215314567089081,0.06724853813648224,0.034040071070194244,0.01058172807097435,0.021375034004449844,0.07078342139720917,0.044919759035110474,0.05163029953837395,0.036268386989831924,0.07188558578491211,0.02633894979953766
THAP7,0.0796273723244667,0.05553453788161278,0.07265257090330124,0.027762463316321373,0.06306716054677963,0.09569741785526276,0.051395971328020096,0.03314764425158501,0.06368614733219147,0.18218214809894562,0.1500312089920044,0.11372989416122437,0.11060532927513123,0.15032437443733215,0.02894521877169609
THBS1,0.4239087700843811,0.35906878113746643,0.5590143799781799,0.5073295831680298,0.1803668737411499,0.202758327126503,0.4626886248588562,0.4749135375022888,0.577104926109314,0.19728799164295197,0.36527490615844727,0.3525736629962921,0.23452803492546082,0.19035115838050842,0.14200863242149353
THBS2,0.39940643310546875,0.2956470847129822,0.5321281552314758,0.47327011823654175,0.22464099526405334,0.2206527143716812,0.33464062213897705,0.31270480155944824,0.47389161586761475,0.22147566080093384,0.3459765911102295,0.2656420171260834,0.29104083776474,0.24417603015899658,0.422725647687912
TIMELESS,0.16888174414634705,0.1377382129430771,0.13947343826293945,0.051838602870702744,0.0868736132979393,0.07201496511697769,0.15504705905914307,0.045771628618240356,0.16774208843708038,0.11756186932325363,0.12660956382751465,0.11874604225158691,0.11390785127878189,0.06673738360404968,0.14072124660015106
TJP3,0.03778795897960663,0.027849353849887848,0.04427080973982811,0.00291372649371624,0.160707026720047,0.1420959234237671,0.320388525724411,0.11875903606414795,0.20293495059013367,0.145172581076622,0.1526222676038742,0.14545771479606628,0.13116048276424408,0.1516188234090805,0.15141232311725616
TMED7,0.06427697837352753,0.02998949959874153,0.0011804189998656511,0.011544296517968178,0.043140947818756104,0.028283022344112396,0.030379392206668854,-0.02764706313610077,0.11061951518058777,-0.025199171155691147,0.1469942331314087,0.089340440928936,0.09900517761707306,0.162750244140625,0.18557336926460266
TMEM131,0.008981063030660152,0.0416058786213398,0.006052741315215826,-0.006358596961945295,0.061663392931222916,0.06790469586849213,0.08821198344230652,0.012933360412716866,0.05237913876771927,0.026828257367014885,0.054010070860385895,0.04751570522785187,0.03276225924491882,0.025891775265336037,-0.030404482036828995
TMEM132C,-0.01421644352376461,-0.0063102589920163155,,,-0.007017570082098246,-0.055849507451057434,,,0.009670515544712543,-0.016389282420277596,0.009219788014888763,0.0018099612789228559,,0.02929074503481388,0.12198860198259354
TMEM150B,,,-0.00506855733692646,0.03884556144475937,,0.01830613613128662,0.006372916977852583,-0.01747521571815014,-0.018429256975650787,0.004467053804546595,-0.016708221286535263,-0.009786825627088547,0.018520241603255272,-0.022689254954457283,0.051165953278541565
TMEM39B,0.06285932660102844,0.021392064169049263,0.029412025585770607,0.04285413771867752,-0.030464302748441696,0.037459298968315125,0.045993413776159286,0.008359941653907299,0.019864249974489212,0.04941004887223244,0.002058391459286213,0.024286525323987007,0.0003760739928111434,-0.0015883796149864793,-0.025025783106684685
TMEM51,0.06967855989933014,0.11075743287801743,0.11161568015813828,0.09076042473316193,0.07750339806079865,0.08563485741615295,0.09518344700336456,0.09341292083263397,0.05610809102654457,0.041781798005104065,0.04548466205596924,0.035728372633457184,0.056940071284770966,0.04408899322152138,-0.03840562328696251
TNC,0.11729423701763153,0.10461000353097916,0.05995339900255203,0.07147438079118729,0.07540702819824219,0.01989971287548542,0.08578994125127792,0.1780962496995926,0.08544029295444489,0.009735045954585075,0.055125169456005096,0.04149330034852028,0.009654005989432335,0.02808590792119503,-0.12386538088321686
TNFRSF11B,0.053398117423057556,0.0871415063738823,0.04935092478990555,0.040302567183971405,0.019239092245697975,0.0019320130813866854,0.08302998542785645,0.037339791655540466,-0.038028135895729065,0.04858535900712013,0.011394764296710491,-0.0038479629438370466,-0.0055725788697600365,0.03546229749917984,0.022710612043738365
TNFRSF4,0.09605284035205841,0.1328815370798111,0.13806553184986115,0.08810152858495712,0.014331268146634102,0.0251841489225626,0.15202032029628754,0.148010715842247,0.13481885194778442,0.05172846466302872,0.10609963536262512,0.08982080221176147,0.0747048631310463,0.060736797749996185,0.011378161609172821
TNKS2,0.18176911771297455,0.10779295861721039,0.11720885336399078,0.0766996368765831,0.03943079337477684,0.0754435583949089,0.07622334361076355,0.03859638422727585,0.04399926960468292,0.05863785743713379,0.05183921009302139,0.04560932144522667,0.029861710965633392,0.033378396183252335,0.12617695331573486
TNPO1,0.16454537212848663,0.061964988708496094,0.02153354324400425,0.08001241832971573,0.045778196305036545,0.03894895315170288,0.0838056281208992,0.05024871975183487,0.1163845956325531,0.16207057237625122,0.14605729281902313,0.18932799994945526,0.12083835899829865,0.11877851188182831,0.04223243147134781
TOR4A,0.03262711688876152,0.060989849269390106,0.06512049585580826,0.09453652799129486,0.003318194765597582,0.016411298885941505,0.027668042108416557,0.04977113753557205,0.005298074800521135,0.019593266770243645,0.0026176907122135162,0.030715597793459892,0.025951828807592392,-0.005451777949929237,0.052788786590099335
TOX4,0.11335740238428116,0.12903085350990295,0.08440200984477997,0.0345148928463459,0.08517396450042725,0.0841299295425415,0.1206386461853981,0.03790562227368355,0.15417848527431488,0.08520716428756714,0.14048561453819275,0.07781244814395905,0.12184478342533112,0.1166992262005806,0.15386909246444702
TPM2,0.255286306142807,0.12450161576271057,0.3093574047088623,0.3006117641925812,0.12090246379375458,0.08310458809137344,0.4168461859226227,0.39381080865859985,0.16627533733844757,0.11378660053014755,0.06931940466165543,0.057871606200933456,0.11027730256319046,0.08332409709692001,0.10100287944078445
TRA2B,0.15735889971256256,0.12027173489332199,0.10965906828641891,0.1480254977941513,0.1137213334441185,0.18021231889724731,0.18045607209205627,0.11392873525619507,0.18127042055130005,0.1238245815038681,0.18178953230381012,0.1581716239452362,0.12034071236848831,0.1166815385222435,0.1046973168849945
TRAF4,0.2273058444261551,0.1414780169725418,0.1305968463420868,0.09297330677509308,0.27615877985954285,0.28163450956344604,0.44078734517097473,0.22873668372631073,0.26844754815101624,0.2330482304096222,0.23625525832176208,0.21273155510425568,0.17442436516284943,0.20021449029445648,-0.019125208258628845
TRAK1,0.050667259842157364,0.054723042994737625,0.020417403429746628,0.017231067642569542,0.06294822692871094,0.07369394600391388,0.07018449157476425,0.06205066666007042,-0.001556858536787331,0.0003832418587990105,0.047148220241069794,0.003103659488260746,0.025727933272719383,0.033884815871715546,0.20131929218769073
TRAP1,0.2693326771259308,0.2066221535205841,0.22233951091766357,0.17844952642917633,0.15894822776317596,0.20658916234970093,0.26175516843795776,0.13804082572460175,0.13240502774715424,0.12071514874696732,0.1622764766216278,0.1617632806301117,0.09223287552595139,0.10733023285865784,0.06934721767902374
TRIM26,0.06507594883441925,0.05186642333865166,0.007505116984248161,0.05223952233791351,0.04579625651240349,0.07819540798664093,0.10832816362380981,0.018787527456879616,0.1262335181236267,0.09593500941991806,0.11584846675395966,0.08646557480096817,0.05920528993010521,0.07170563191175461,0.1922234296798706
TRIM38,0.09132649004459381,0.10164812952280045,0.022868528962135315,0.09111081808805466,0.03796161711215973,0.027208583429455757,0.0440613254904747,0.054363541305065155,0.018493622541427612,-0.020220598205924034,0.05332188680768013,0.06548889726400375,0.007015900686383247,0.07340963929891586,0.038887426257133484
TRIM65,0.12891581654548645,0.12191727012395859,0.08651965111494064,0.019931169226765633,-0.00569324241951108,0.024090396240353584,0.031128384172916412,0.010669242590665817,-0.026874959468841553,0.02669897861778736,0.03922606632113457,0.0030120909214019775,0.022938918322324753,0.04125380888581276,0.05556343495845795
TSHZ1,0.11182045191526413,0.04808483645319939,0.03691469877958298,0.0138505008071661,-0.030997851863503456,0.026908939704298973,-0.018065432086586952,-0.005413478706032038,0.02503097429871559,0.043498165905475616,-0.0036789244040846825,-0.013920027762651443,-0.011730073019862175,9.369944018544629e-05,-0.018184738233685493
TSR3,0.06388026475906372,0.031345829367637634,0.0792686939239502,0.03564003109931946,0.1279018372297287,0.1493360996246338,0.1068381667137146,0.05764058232307434,0.05275688320398331,0.11264373362064362,0.0787954106926918,0.0830409824848175,0.0021904006134718657,0.044888004660606384,0.06324509531259537
TSSC4,0.1003408208489418,0.06441103667020798,0.0404747873544693,0.059090953320264816,0.09528335928916931,0.0890527069568634,0.1220298781991005,0.054671939462423325,0.03779398649930954,0.08160685002803802,0.10794606059789658,0.09684698283672333,0.12239804118871689,0.08107724785804749,0.04434698075056076
TSTA3,0.14104801416397095,0.057640451937913895,0.022375287488102913,0.06219794973731041,0.0781249850988388,0.08680112659931183,0.15488332509994507,0.05482377111911774,0.18996299803256989,0.07087253779172897,0.10953158885240555,0.11284711956977844,0.13308686017990112,0.18030007183551788,0.4257497191429138
TTC5,0.0979480966925621,0.07120640575885773,0.03821789100766182,0.06216726824641228,0.06363363564014435,0.03314235806465149,-0.008010046556591988,-0.039467114955186844,-0.012645252980291843,0.02554784156382084,0.015453651547431946,-0.013867322355508804,-0.031211163848638535,-0.0008339564665220678,0.016777783632278442
TTC9,0.01292051374912262,-0.0030401370022445917,0.05482114478945732,0.007940661162137985,0.10029996931552887,0.13117428123950958,0.20206041634082794,0.0648716539144516,0.1342051774263382,0.05701535940170288,0.10736352950334549,0.11528990417718887,0.09951424598693848,0.11151712387800217,0.12781274318695068
TTK,0.0780300423502922,0.06122474744915962,0.06051669269800186,0.06623560190200806,0.051104892045259476,0.03781246021389961,0.10687785595655441,0.03744255006313324,0.09136278927326202,0.08414892852306366,0.09341129660606384,0.041508447378873825,0.06366971135139465,0.052792035043239594,0.10622674226760864
TUBB,0.27165308594703674,0.12188038975000381,0.2196207493543625,0.11754395812749863,0.26587140560150146,0.28111034631729126,0.2400820404291153,0.13315607607364655,0.2917864918708801,0.2559199929237366,0.26646852493286133,0.23714715242385864,0.24254851043224335,0.3039722740650177,0.2516728639602661
TXNDC2,-0.0255245640873909,-0.042918093502521515,,,,-0.010524610057473183,,0.03549226000905037,0.027147797867655754,,,0.002110149711370468,,,-0.006010586395859718
TXNL1,0.3394217789173126,0.2192121148109436,0.2293323129415512,0.21026697754859924,0.020481498911976814,0.04629075154662132,0.019779564812779427,0.009909025393426418,0.14004485309123993,0.1048007681965828,0.07168051600456238,0.07431861758232117,0.05245283618569374,0.04876699671149254,0.0727517157793045
UACA,0.152422696352005,0.17994889616966248,0.16742941737174988,0.1995185911655426,0.06493353098630905,0.0829727053642273,0.1894669234752655,0.22286802530288696,0.10333006829023361,0.03710965812206268,0.011290875263512135,0.020314263179898262,0.027987465262413025,-0.001388722681440413,0.0422273650765419
UBA3,0.16785389184951782,0.10396723449230194,0.12129770219326019,0.04632149636745453,0.006187892984598875,0.10964979231357574,0.15648937225341797,0.09622464329004288,0.045454613864421844,0.07039816677570343,0.09697863459587097,0.028986504301428795,0.08063460141420364,0.07106530666351318,0.0065056500025093555
UBE2A,0.12348512560129166,0.05950593203306198,0.03816802799701691,0.0951286032795906,0.08680812269449234,0.0851440280675888,0.11550529301166534,0.035768017172813416,0.1046280786395073,0.1559840589761734,0.14274099469184875,0.11209695041179657,0.05953642353415489,0.09737981110811234,0.07348743826150894
UBE2W,0.04596569761633873,0.04942220821976662,-0.0457887127995491,-0.0018584397621452808,0.022185491397976875,0.03323976323008537,0.14012925326824188,0.09586231410503387,0.061113789677619934,-0.029960131272673607,0.046224240213632584,0.04548162594437599,0.03442882001399994,0.04910394176840782,0.1429305076599121
UBTF,0.16866089403629303,0.09591048955917358,0.1005588099360466,0.09789897501468658,0.07728002965450287,0.06850239634513855,0.10646168142557144,0.00032969468156807125,0.09630849957466125,0.15034709870815277,0.10263281315565109,0.14426971971988678,0.03844508156180382,0.10347822308540344,0.10676170885562897
UCK2,0.1724831759929657,0.16139298677444458,0.1465330272912979,0.0981440320611,0.08114324510097504,0.11594772338867188,0.10460186749696732,0.06669946759939194,0.20072419941425323,0.14478015899658203,0.1969766467809677,0.1765357106924057,0.20757006108760834,0.2225872278213501,0.3089984655380249
UQCRQ,0.3596532344818115,0.22649197280406952,0.2633116841316223,0.2771427631378174,0.2919735014438629,0.3604906499385834,0.3904275596141815,0.3127390444278717,0.34566232562065125,0.12925685942173004,0.2845483124256134,0.2641569972038269,0.3487076163291931,0.31417107582092285,0.2642139196395874
USP35,-0.01701526902616024,0.03960731253027916,0.0034783948212862015,-0.022495212033391,0.034001316875219345,0.02440321445465088,-0.015885129570961,0.0030941094737499952,0.03017367050051689,0.006045074667781591,-0.006640316918492317,-0.0030941932927817106,0.011520647443830967,0.03133826330304146,-0.0019065921660512686
USP9X,0.07102517038583755,0.01155024766921997,0.004638464655727148,0.06501220166683197,0.08143536001443863,0.1468409299850464,0.19006948173046112,0.07926607131958008,0.16271202266216278,0.0550583116710186,0.1484832465648651,0.14827480912208557,0.21572090685367584,0.14564324915409088,0.11663231253623962
VASP,0.07784007489681244,0.04931597784161568,0.07255902141332626,0.05486157536506653,0.11851063370704651,0.1266387403011322,0.1906333863735199,0.09231783449649811,0.11674688756465912,0.08603359013795853,0.07442840933799744,0.11543576419353485,0.03834293782711029,0.03518269583582878,0.16224080324172974
VCAN,0.13949784636497498,0.1747405230998993,0.09043782949447632,0.1450321227312088,0.1645251363515854,0.1436350792646408,0.28716030716896057,0.35616204142570496,0.40877190232276917,0.08915228396654129,0.22135582566261292,0.1708822399377823,0.17661860585212708,0.2014632523059845,0.25072306394577026
VCP,0.2499246895313263,0.1902690827846527,0.12465429306030273,0.10765799134969711,0.3079945147037506,0.31189513206481934,0.3016030490398407,0.1944122016429901,0.3238071799278259,0.27359214425086975,0.2708224058151245,0.30426275730133057,0.2662557065486908,0.3347555100917816,0.253052294254303
VIP,0.001284484751522541,,0.04611875116825104,0.008743388578295708,-0.005973696243017912,,0.011684583500027657,0.016453033313155174,-0.01590925268828869,0.00885287020355463,,0.00210513174533844,-0.026229174807667732,-0.01603279635310173,-0.01336484681814909
VPS26C,0.04210727661848068,0.03123040311038494,0.0051605538465082645,0.056564733386039734,0.017410770058631897,0.04256410524249077,0.050443995743989944,-0.005780884064733982,0.02275380864739418,0.00027714495081454515,0.034498777240514755,0.006153025198727846,0.0349980890750885,0.06504998356103897,0.012277559377253056
VPS4A,0.12987259030342102,0.06318248808383942,0.023505378514528275,0.09685719758272171,0.08011674135923386,0.08694903552532196,0.1585123986005783,0.052796266973018646,0.05669122561812401,0.1512308269739151,0.11872485280036926,0.14609207212924957,0.08835720270872116,0.07210766524076462,0.06309443712234497
VSIG2,-0.0027440558187663555,-0.004216788802295923,0.020285209640860558,-0.012202519923448563,-0.0009456399129703641,-0.04628220945596695,-0.004487957339733839,0.019878795370459557,0.03197016566991806,0.016135547310113907,-0.0006249712314456701,0.02443096973001957,0.011350571177899837,0.011692292056977749,0.021970218047499657
VWF,0.19101905822753906,0.1805732101202011,0.1110476553440094,0.1386096030473709,0.18117450177669525,0.12496832758188248,0.16508325934410095,0.1763123720884323,0.14988544583320618,0.018091391772031784,0.08486275374889374,0.08266254514455795,0.13194894790649414,0.11191364377737045,0.053764328360557556
WBP2,0.10425762832164764,0.07348804175853729,0.010211526416242123,0.030020294710993767,0.029187802225351334,0.027377216145396233,0.06592413038015366,0.023855917155742645,0.09405317902565002,0.05401475727558136,0.028600554913282394,0.02030203305184841,0.009892548434436321,0.04940327629446983,0.03360331431031227
WDR36,0.14765681326389313,0.07850905507802963,0.06991197913885117,0.06528890132904053,0.03621002286672592,0.03411639854311943,0.07053603231906891,0.009284241124987602,0.044690266251564026,0.02289668098092079,0.05902251601219177,0.019910352304577827,0.04669858515262604,0.030145462602376938,-0.04989250749349594
WDR90,0.19972443580627441,0.16506266593933105,0.11784595251083374,0.1114627793431282,0.10246594250202179,0.09921496361494064,0.24993915855884552,0.154316246509552,0.17626868188381195,0.15824557840824127,0.14041273295879364,0.1262279897928238,0.09155948460102081,0.09346656501293182,0.06914999336004257
WFS1,0.0152256079018116,0.02100254036486149,0.04881218448281288,0.02306401915848255,0.11390089243650436,0.12327691167593002,0.0676049068570137,0.041540373116731644,0.19119425117969513,0.15306811034679413,0.19667726755142212,0.18177556991577148,0.14664708077907562,0.20149575173854828,-0.015649285167455673
XAF1,0.11343266069889069,0.155554860830307,0.11377615481615067,0.10479561984539032,0.02325320802628994,0.038144100457429886,0.10593002289533615,0.18542379140853882,0.010993090458214283,0.01178776379674673,0.018278123810887337,0.058945439755916595,0.007245693355798721,0.1062396839261055,-0.002984583843499422
XPNPEP3,0.08048872649669647,0.03340353071689606,0.02827565371990204,0.0009886538609862328,0.04574544355273247,0.11363652348518372,0.21202285587787628,0.11259648203849792,0.11812940239906311,0.10010747611522675,0.0855834037065506,0.08171386271715164,0.11731838434934616,0.09510605037212372,0.04019657522439957
XPO1,0.18566690385341644,0.13547126948833466,0.10931476205587387,0.06085802614688873,0.11435700953006744,0.148685485124588,0.16877278685569763,0.05743338167667389,0.18113058805465698,0.16629263758659363,0.1569955050945282,0.16525301337242126,0.11936570703983307,0.14072895050048828,0.20558854937553406
XPO5,0.1225874200463295,0.11545231193304062,0.08229813724756241,0.021682556718587875,0.0851578339934349,0.11586195975542068,0.13735312223434448,0.06527653336524963,0.09698197990655899,0.07662078738212585,0.08969296514987946,0.07111746072769165,0.08007892966270447,0.053550757467746735,0.10244254767894745
XRCC5,0.30077898502349854,0.16602636873722076,0.2257395088672638,0.17092923820018768,0.15515540540218353,0.19981224834918976,0.1892552375793457,0.11180368065834045,0.247101292014122,0.18286073207855225,0.22647449374198914,0.21928684413433075,0.21145986020565033,0.21262226998806,0.21836981177330017
XYLT2,-0.0017181687289848924,0.0013498917687684298,0.04771862551569939,-0.02329500950872898,0.2368178814649582,0.2701670825481415,0.26330921053886414,0.1637876033782959,0.17451557517051697,0.16398568451404572,0.17813365161418915,0.15958037972450256,0.16948828101158142,0.18046075105667114,-0.0055610304698348045
YIF1A,0.1258346289396286,0.06808702647686005,0.01404533814638853,0.04731054604053497,0.08193021267652512,0.08778808265924454,0.18510675430297852,0.07199922204017639,0.17528754472732544,0.10776988416910172,0.13686904311180115,0.09863109141588211,0.10684370994567871,0.1873597502708435,0.09297897666692734
YIF1B,0.120332732796669,0.09314128011465073,0.08313771337270737,0.08417723327875137,0.08587890863418579,0.07842552661895752,0.09027240425348282,0.0036218345630913973,0.10664711892604828,0.0771993026137352,0.11870025098323822,0.09520035237073898,0.09148339927196503,0.13726557791233063,0.1095326617360115
YWHAG,0.14361834526062012,0.09095380455255508,0.08840584009885788,0.07303626090288162,0.13004924356937408,0.20506422221660614,0.1985565572977066,0.035998664796352386,0.1350511610507965,0.19224488735198975,0.180568665266037,0.15693821012973785,0.19304974377155304,0.16591902077198029,0.1448909044265747
ZBTB22,0.04088050499558449,0.02594158612191677,-0.0015950369415804744,0.011919702403247356,0.04791967570781708,0.03934688866138458,-0.0329023115336895,-0.019536081701517105,0.08435756713151932,0.01167399249970913,0.05619210749864578,0.05010732263326645,0.024742422625422478,0.04273558780550957,0.08286037296056747
ZBTB7B,0.13908284902572632,0.03534120321273804,0.08058226853609085,0.05911250039935112,0.18335787951946259,0.15762914717197418,0.2416030466556549,0.11509611457586288,0.23047104477882385,0.25358399748802185,0.18120308220386505,0.2368064522743225,0.24585163593292236,0.22903285920619965,0.15372994542121887
ZFP69B,-0.017908520996570587,0.028317902237176895,-0.017721304669976234,-0.03078165091574192,0.014203104190528393,0.027819449082016945,0.0246265921741724,0.03144187852740288,-0.02381233684718609,0.008973843418061733,0.007690088823437691,-0.01200955267995596,0.019860606640577316,-0.04348055645823479,0.03760772943496704
ZFYVE16,-0.02212429605424404,0.0012093106051906943,-0.022870754823088646,-0.011820424348115921,0.01844652369618416,0.044076550751924515,0.05310333892703056,0.022904716432094574,0.03830815851688385,0.01450445968657732,0.019897080957889557,0.04316656291484833,0.05851942300796509,0.01602059043943882,0.010886326432228088
ZFYVE19,0.040769681334495544,-0.0018782566767185926,0.021685361862182617,0.022691598162055016,0.05053611472249031,0.05859123170375824,0.10762014240026474,0.08138686418533325,0.11371911317110062,0.0434950515627861,0.11809521168470383,0.07800991088151932,0.10116518288850784,0.040426433086395264,0.061009008437395096
ZGRF1,0.009992093779146671,-0.023282073438167572,-0.022101107984781265,-0.0490790493786335,0.035620059818029404,-0.006122649647295475,0.03891972079873085,-0.0021927470806986094,0.010667135939002037,0.03364475816488266,0.012159093283116817,0.005859148222953081,0.015432696789503098,0.006316490937024355,-0.13791608810424805
ZMYM3,0.020313335582613945,0.05692268908023834,0.04047246277332306,0.038406018167734146,0.09455214440822601,0.14995832741260529,0.14273487031459808,0.06538016349077225,0.05188604071736336,0.06331639736890793,0.06390058249235153,0.04418129101395607,0.05084870010614395,0.004045763518661261,-0.08293578773736954
ZMYM4,0.10303376615047455,0.03600542992353439,0.023592334240674973,0.046748701483011246,0.0381518118083477,0.028868114575743675,-0.017819032073020935,0.0043447888456285,0.057661447674036026,0.07965553551912308,0.06763609498739243,0.046667542308568954,0.05013879016041756,0.06664931029081345,0.10564146190881729
ZMYND19,0.19505959749221802,0.1639019399881363,0.1331545114517212,0.09722063690423965,0.10240776836872101,0.1312834918498993,0.223835289478302,0.08135408908128738,0.08274708688259125,0.18134209513664246,0.14563030004501343,0.16579167544841766,0.100274458527565,0.10221836715936661,0.04297134280204773
ZNF148,0.001890153274871409,-0.034002430737018585,0.025107812136411667,-0.0027634184807538986,0.05748678743839264,0.04586097225546837,0.04665549099445343,-0.00128341862000525,0.05210711807012558,0.06087768077850342,0.0455482117831707,0.03551987186074257,0.00868160929530859,0.02466839924454689,-0.042423494160175323
ZNF330,0.013837355189025402,0.012937209568917751,0.012467856518924236,0.025134598836302757,0.013284287415444851,0.028017161414027214,0.032715603709220886,0.008209556341171265,0.03890484943985939,0.01143876276910305,0.014888125471770763,-0.026399150490760803,0.0033738557249307632,0.01670650579035282,0.0653936117887497
ZNF331,0.02671552263200283,0.002070198766887188,0.019294515252113342,0.03078167326748371,0.014918162487447262,0.06369920819997787,0.055077675729990005,0.024146245792508125,0.016914313659071922,0.039214447140693665,0.04301877319812775,0.06208239123225212,0.03859355300664902,0.010265792720019817,0.007400301285088062
ZNF33B,0.15241582691669464,0.07664408534765244,0.10551784187555313,0.11095748096704483,0.018336359411478043,0.042516108602285385,0.06664381921291351,-0.04462416097521782,0.037821222096681595,0.03396809101104736,0.04262349754571915,0.031148934736847878,0.053518861532211304,0.021560346707701683,0.04156948998570442
ZNF358,0.05641816556453705,0.01901673898100853,0.035530462861061096,0.052580755203962326,0.09450951963663101,0.10784158110618591,-0.001151725766249001,0.006560790818184614,-0.03674299642443657,0.07594402134418488,0.07399827241897583,0.04715424031019211,-0.0008373192395083606,0.04357089474797249,-0.0014775115996599197
ZNF396,0.06304392963647842,0.03284324333071709,0.05416415259242058,0.027445966377854347,-0.004442376084625721,-0.017094317823648453,0.017091721296310425,0.024253685027360916,0.02857699990272522,0.005167917348444462,0.006006889045238495,-0.003926487173885107,0.020350905135273933,0.023715736344456673,0.027604861184954643
ZNF410,-0.0163633543998003,-0.0013049176195636392,0.0206453837454319,0.04986759275197983,0.02051488496363163,-0.006739088799804449,-0.02861998975276947,-0.000519345689099282,-0.009442739188671112,0.003509538248181343,-0.010124798864126205,0.014056585729122162,0.0006312251789495349,0.009740825742483139,-0.06382879614830017
ZNF496,0.11018287390470505,0.05701141059398651,0.042152807116508484,0.005218584090471268,0.033464282751083374,0.05061626061797142,0.11421389132738113,0.03203976899385452,-0.0009151812992058694,0.03889676555991173,0.05451773479580879,0.05613253265619278,0.02147996611893177,0.028986960649490356,0.03987865895032883
ZNF511,0.09077265858650208,0.062067728489637375,0.027417045086622238,0.03822674602270126,0.07305526733398438,0.06353320181369781,0.09430276602506638,0.04050332307815552,0.03134765848517418,0.08898236602544785,0.051771800965070724,0.05016050487756729,0.038366448134183884,0.04738505184650421,0.03468003123998642
ZNF524,0.06735796481370926,0.04932984709739685,0.02088761329650879,0.043358948081731796,0.06175757944583893,0.04549682140350342,0.06189240515232086,0.039255477488040924,0.0157462228089571,0.09617520868778229,0.07085762917995453,0.08527527749538422,0.030966265127062798,0.020207669585943222,0.053498975932598114
ZNF556,0.009150556288659573,0.015272119082510471,-0.011117394082248211,0.017613328993320465,,,0.00554859172552824,-0.03241119161248207,0.017017371952533722,-0.01768152229487896,-0.000827391108032316,0.0006650611758232117,0.0018753610784187913,-0.013732331804931164,0.0128136295825243
ZNF557,-0.014414171688258648,0.0362553596496582,0.00966335367411375,-0.007866947911679745,-0.00801782589405775,0.021108509972691536,0.01864921860396862,-0.010710838250815868,0.0595790334045887,0.005651514045894146,0.0033207153901457787,0.023138385266065598,0.004088743589818478,-0.018919335678219795,0.027397077530622482
ZNF587B,0.011553032323718071,0.008657705038785934,-0.004377986770123243,0.05284310132265091,0.00447183707728982,0.0027993579860776663,0.06929071992635727,0.05584501475095749,0.016988886520266533,0.018374444916844368,0.0015558553859591484,0.022537168115377426,0.00930506270378828,0.022548940032720566,0.13613492250442505
ZNF707,-0.013405553996562958,0.029213517904281616,0.034016575664281845,-0.011652138084173203,0.009284820407629013,-0.019606417044997215,0.05565362051129341,0.028404787182807922,0.00760994665324688,0.014190132729709148,0.016758175566792488,-0.01553657278418541,-0.015066990628838539,-0.01186714693903923,0.026936231181025505
ZNF716,,0.014296517707407475,-0.016866054385900497,,-0.001571713131852448,,,-0.018902737647294998,,0.023572389036417007,-0.04024851694703102,,,-0.0084926662966609,-5.5466312915086746e-05
ZNF787,0.07466376572847366,0.0325256809592247,0.024964651092886925,0.004645610228180885,0.05461416766047478,0.055041953921318054,0.06244480609893799,0.04166291281580925,0.09998281300067902,0.11714586615562439,0.12598998844623566,0.09291131049394608,0.09503571689128876,0.08915115892887115,0.0540795624256134
ZNF84,0.1388988494873047,0.12084336578845978,0.0758810043334961,0.06415186822414398,0.09458940476179123,0.1320435106754303,0.1721731573343277,0.10942238569259644,0.09016426652669907,0.09834708273410797,0.05420290306210518,0.04746786132454872,-0.008050831034779549,0.014337234199047089,0.02780754119157791
ZNF90,0.02843502350151539,0.06413504481315613,0.011055790819227695,-0.018624844029545784,0.01943732611835003,-0.004685493651777506,0.02932867594063282,-0.022689398378133774,0.023503579199314117,0.00786556862294674,0.02169308438897133,0.0033758324570953846,0.03920203819870949,0.02359306812286377,0.10723137855529785
