,V19T26-012_A1,V19T26-012_B1,V19T26-012_C1,V19T26-012_D1,V10F24-112_C1,V10F24-112_D1,V10F24-113_A1,V10F24-114_C1,V19T26-031_C1,V19T26-031_B1,V19T26-032_D1,V19T26-032_C1,V19T26-032_B1,V19T26-032_A1,janesick_vis
ABCA8,0.041930201422121165,0.03660707365887965,0.030846709019274634,0.008581332012148751,0.02731487368609743,0.024590292892440205,0.02265580326388366,0.010491592770952355,0.02486453896668864,0.02436475552815463,0.02843076444363473,0.02155956903281114,-0.016364622945599486,0.023712584797698884,0.17270709621729372
ABCB7,0.09645654435963535,0.03382929258626488,0.05342078580958429,0.050574025858804994,0.0487350903958886,0.07888122150167985,0.12677447462316474,0.037862813753154013,0.1287757172642348,0.04329862941181755,0.08196778974082769,0.07628021114958304,0.06784693272284098,0.04402240340534863,0.031092476129249563
ACAN,0.10988564160534287,0.08205617995098452,0.09629927822521099,0.05369572807710373,0.02879872373366198,0.028481067528454106,0.1445735661355474,0.14538820339551306,0.05656792777046647,0.04506098654244864,-0.006229653950204439,-0.014764436458343109,0.021597011552821427,0.0013634296173250311,0.010916557767525092
ACAT2,0.15389441999240677,0.12768961986803645,0.08367338986855163,0.12309939109653908,0.06623070603734273,0.0477474391037609,0.17373029156673336,0.08483939885495481,0.22931165393582426,0.09663406021774348,0.12465790520236746,0.1044347414372722,0.15776586413083454,0.1440347859705255,0.20018990802608277
ACBD5,0.05188517930255398,0.016997473171984294,0.008511578448829766,0.01081417129817847,0.03743999362360679,0.060622884493696974,0.022293620258993396,0.04706001561855879,0.0690256354544182,0.052075493788350274,0.04310788392488167,0.08234270265696056,0.06058552426117955,0.030568843567277456,0.29472996219309866
ACP5,0.33753793538409915,0.2914493413095409,0.3417916601865382,0.3200034216745573,0.0952800796732883,0.1292970112415119,0.20957645803705524,0.16437816673672223,0.17812585926645574,0.07820211302519499,0.0833127421496735,0.02277450975685453,0.01118436417650266,0.03607023420403353,0.10371447985281966
ACTA2,0.3582705203398045,0.3492882583877368,0.5121462041682471,0.4855398158770824,0.21129736851773315,0.23608954616570405,0.5041599045862998,0.46758034157076006,0.29194694800389837,0.18779834869758105,0.268616116029687,0.19315416575398867,0.15272511786959053,0.1431901156828656,0.12388210733878162
ACTB,0.3539385080148131,0.28072653689502847,0.5494226191983955,0.5251911547830658,0.06972135966203903,0.06589923197638077,0.2329982169472974,0.30882859080795244,0.16210111219478057,-0.006767747168279416,0.024508552216077027,0.05222085309767774,-0.029036522250994456,-0.04738594481404784,-0.025796152831012244
ACTC1,0.033196131674146215,0.0409071041115336,0.009822657071749147,0.036106051391964294,0.023252608296061558,-0.023597669075547202,0.03374900164504452,0.039124490541517246,,0.029404705664598615,,-0.0008452381953423474,0.013249610211505848,-0.005133030093462767,0.024457082368295368
ACTG2,-0.021514833138222677,0.0200361561723863,0.0004315786863154275,-0.017870885221285833,0.0420357009999867,-0.002261348072263444,0.0065649235178475715,0.0020840657216982536,-0.028946084041612453,-0.00010352889271122732,0.015760182767025333,-0.002930976914712235,0.05045383371137319,0.021831232141254483,-0.008289815888529168
ACVRL1,0.14122082820162002,0.15571076984271442,0.14030456006410963,0.1594706597283852,0.06620939915893372,0.0635090492731444,0.08744060031822397,0.12637872233399441,0.07079135889251276,0.10602670630810432,0.07180325597006874,0.03616871679825127,0.09225236414114135,0.05732158754309406,0.21063617808380836
ADAL,0.005832844399451941,0.02750740442180146,0.031143423057692826,-0.018022059152031318,-0.01699446146886759,-0.00960285793794537,0.009258361067162149,-0.008345738367039253,0.007288159848603132,0.03577221128747657,0.04737952993673628,0.0029401524980059318,0.04376147431885596,-0.002556918908868715,0.0799378876211106
ADAMTSL2,0.05896122926427061,0.07779738081174814,0.15794176174793964,0.1257990719775072,0.006159130270510416,0.037666410724677225,0.07476545162556515,0.09318664904936895,0.05844978181393553,0.036987865718610825,0.020609525531954092,0.013366008008742396,0.00985274426355667,0.03294559886972697,-0.0821156787226475
ADAMTSL4,0.07406285906621475,0.07290629906358906,0.11482477954770776,0.13777045672269556,0.010324117140612463,-0.003012875855962014,0.044666121429005945,0.036200067641948386,0.013936382175445182,0.0027336421672793025,-0.007501509449077329,0.004261281389455099,0.0006163334253892419,0.012872531194908356,0.14501812487090052
ADGRD1,0.05420693333075481,0.059920460029678414,0.033353102941107764,0.011260422964741798,-0.0008526083536566106,0.0019803973853349762,0.02718337057939293,0.027892732571163696,0.05057579873296255,0.050095957792090015,0.016045169606897457,0.03856380944263978,0.0415974413142462,0.05488311867185546,0.10863029401746166
ADRM1,0.2258300696820235,0.10324764424504594,0.14391679127179738,0.10941870820425639,0.12150335391410187,0.15856007914127254,0.27778447151904684,0.09009149708369533,0.15642834752363427,0.08137217653211251,0.10641024960257785,0.11586311042180118,0.09150846733034199,0.06118210958098493,0.24082087021275514
AHSA1,0.26548776443276745,0.148866595349821,0.14666549074883306,0.1685573713085012,0.09102300213635105,0.14035157243248697,0.24825331987981314,0.0741816186707711,0.19007127756642947,0.07801560288977599,0.09632949631339152,0.11105575723986807,0.13993727275612342,0.1141887226465696,0.3818509468978604
AKAP8,0.15066302392383768,0.04465009563916888,0.08078743385547808,0.0560940196856901,0.06321090389166902,0.05672848158616523,0.08483208925259823,0.038342587103060884,0.09294481170994842,0.030073060835155572,0.09945073559669476,0.06392347645115877,0.05722975887112582,0.06389912902609436,0.05393980806439641
AKR7A2,0.10964507986447783,0.025134413278348342,0.07656063557088454,0.04274202025401723,0.0990609051447153,0.11658444797443253,0.1583230596232045,0.07300840213325652,0.17906607496854055,0.10335740244769513,0.099469715234241,0.08026601664938413,0.1219484361770023,0.09756844460637684,0.11024793581955623
AKT1,0.20703875417493217,0.14815004007353,0.06779296959976572,0.08993101967843399,0.15102803008220303,0.16152915474395352,0.2549588447313985,0.03895147535273753,0.2502209248783607,0.10722715161670324,0.17552316655783975,0.15503736898267775,0.2015422806208949,0.1301779962593946,0.4591831091075342
ALDH18A1,0.2345350516879937,0.12423123829073447,0.14460272621454726,0.1157426375531114,0.06718026342676969,0.11129777362554508,0.1792881350285717,0.08595432395943653,0.12917634117009227,0.0755675118878481,0.10730079442920892,0.14075730725298183,0.18038722319266112,0.10546838156916596,0.3358704634385019
ALOX5AP,0.19976987994618334,0.23076683372617887,0.21776183836283958,0.2142286882644239,0.05129118637705379,0.07785940758897399,0.17071319285153266,0.20855980777609087,0.1572339948300624,0.03830856945488028,0.05526462768697029,0.025751922509002857,0.054299017048165206,0.08744728297168104,0.21698884683542652
AMMECR1,0.031963323631437765,0.014067703159830382,0.030854543113202466,-0.006703955307661281,0.07214251132795768,0.019623335223684753,0.03849295553869542,0.0036726400951729104,0.12980048351874449,0.018142632379630527,0.053308616691396374,0.028913409701779635,0.09949282219530126,0.061399497084393774,0.22251088472471256
ANAPC16,0.17236486317822242,0.044023339002989006,0.1160432329446426,0.07975716118687909,0.08202783833342744,0.08637994489226866,0.1571467233473157,0.06494236733478909,0.09941438784082017,0.07618237728871931,0.0810716890676903,0.07986648409097973,0.07553405985755433,0.07573915319565175,0.3321280612321167
ANKRD12,0.1838200634682089,0.15637258634919862,0.22839270342509976,0.16240241322860624,0.007589199292125725,0.01622410771688529,0.0947959375827288,0.07978510040027288,0.20659837312902238,0.14930234581730648,0.057048744232394255,0.06095872034624796,0.04470962723962344,0.03667006036154442,-0.025695532088186118
ANKRD30A,,,,,0.0013617208738075004,-0.014845547002678972,0.12615290921442615,-0.017938567448258624,-0.06015274025729222,-0.1632505884247717,0.020157448583910498,0.05810396108028371,0.03734792509890279,0.10002060799024992,-0.5995583256500387
ANP32E,0.1633809137840757,0.11093099686223272,0.07988046315810177,0.11177521755173069,0.02208014642797204,-0.0018206997971811647,-0.08618103307194108,-0.05983720566733564,-0.02132521404745083,-0.020775689787631797,-0.004388619238618887,-0.011420789569692072,0.009314235211708367,0.010011390912220709,0.08709906808667923
APOBEC3B,0.07021697776858508,0.01660437024767817,0.025944251618664912,0.006457201218078123,0.062395931892028675,0.07086041769094327,0.11906448223171404,0.09349689879643061,0.0742851566941902,0.032478223521725316,0.02733109807286868,0.08307290843851961,0.06705768203012104,0.06055836326486994,
APOC1,0.3889688481398066,0.3625785198676185,0.22988364690405072,0.2523906701078831,0.2140620581910205,0.25441379074396436,0.338247368005595,0.41496251520028893,0.3724609970454379,0.12662617180192193,0.1375257867882922,0.11242010984895065,0.07673534130935522,0.09062078112985679,-0.16536887827755328
APOL2,0.07831127343464099,0.06030337295812737,0.08602411556801244,0.08017061687493844,-0.01144141919207574,0.011637275604695954,0.06420795793873285,0.05128731181812956,-0.0412267887882939,0.03268867524059699,-0.03429228879840136,-0.02560735206486275,-0.05164570784851536,-0.08861386505412373,0.11089979308227893
ARFGAP1,0.0021970016736403194,0.015006970346865212,-0.05611401125427579,-0.04814877239130736,0.07836602438634759,0.09482019144867819,0.1281663963888511,0.04752310894118367,0.04107263730524178,0.11561512554601522,0.0815164716521772,0.10307447752081104,0.07586496091181794,0.03602821545728781,0.05304024580671514
ARFGAP2,0.10750220800217629,0.06291508740426768,0.059393199381969665,0.03749225341465589,0.07894740678300421,0.06951518090414771,0.1227149666335387,0.06971538495755138,0.1298225987489015,0.06975646647271581,0.10674310827916551,0.09061752457056467,0.04989512453385388,0.05996868827532123,0.2389198866886384
ARHGAP12,0.09757715618023097,0.11017029836138999,0.07481750957252178,0.039442012437977715,0.10649869998521289,0.11889220735441891,0.15876877228090822,0.07527315901533199,0.09784690844420138,0.015027759238365766,0.033859362502162246,0.05541318937181854,0.06256798914764741,0.041002727696961026,0.3756224099312518
ARHGAP21,-0.02822584528827827,0.0016308671264314682,0.037321358713470455,-0.014465271187750078,0.02807787293902848,0.00013223557471427283,-0.01436567366449788,0.009135031979066345,0.0501871693903376,-0.016433804890730434,-0.008294746149229005,0.010436558502278126,0.050259503714221124,0.0571566338189686,-0.115026890033463
ARHGEF6,0.09550233314511125,0.09972246311065322,0.06759705372559938,0.09230317308863144,-0.0039379349022452504,0.02701026654759893,0.028030052178613457,0.02550370718471337,0.10317282183652825,0.048098680606179944,0.04337824327269607,0.04659868344200996,0.034416412862255774,-0.0053070996180948436,0.22142123917610945
ARID5B,0.019973848120159867,0.06832649733821228,0.016932106965602094,0.0031140144468514348,-0.03301768207072325,-0.0213722209697515,-0.05380415733705105,-0.02973243816136673,-0.039411701449822124,0.0006044116672562755,-0.007192070379531428,-0.04109530634736453,-0.03486081058505172,-0.028275939213752842,-0.055075077215297294
ARL4D,-0.03997267540892423,-0.011726438567735777,-0.02242201338478721,0.04613222069858522,-0.06709922500853298,-0.012115607807264934,-0.04699788646459788,0.013941411832276826,-0.028101799129750336,-0.036890225054951375,-0.025721728617213453,-0.030053796312038788,-0.01765837064130796,-0.003783583213204246,-0.03139326128847346
ARL5A,0.03370408264569211,-0.02198276412960011,-0.06029568947686861,-0.0036423747148506174,0.008578548303245698,-0.0023782950406505336,0.012350078469989438,-0.019576795124373294,0.014869482639599314,-0.05138593039018085,-0.0075169328820036355,0.0068128821944034,0.010791029362589221,0.005579282194920978,0.025596069602597554
ARL8B,0.07977935133742001,0.06808283353305636,0.035001765127731115,0.055492295492617076,0.06950287446791598,0.15115995370729596,0.1593272527266978,0.0909464027824762,0.09504918192810533,0.05758186024454241,0.06641051659422038,0.08765161684771366,0.1256149719082474,0.10208980366326562,0.15469308619562475
ARPC4,0.038010604101628445,-0.004075011014204527,-0.05172990826362442,0.013161388850400123,0.08521019417465801,0.1060964549669769,0.13308920469408064,-0.028830222337836612,0.030452767018082947,0.005331495553143615,0.011770530963510755,0.0638367200531254,0.018704269026356173,0.037068535859496654,0.1626543522400807
ARV1,0.12066784586665899,0.05240292714824983,0.04689967435912328,0.09035336235048448,0.034148163878265816,0.05066717394522858,0.026827419470135196,0.024920904001081733,0.22970707320965067,0.04214012951542526,0.12688183951513413,0.11173646169486798,0.14677650147351104,0.17276608744437982,0.3510917181990745
ASXL1,0.14740360484452653,0.08808899054987439,0.09682017546664506,0.06978168374592843,0.009634128705599744,0.01712188844810386,0.04994523737128321,0.02183825615918869,0.029457152676063914,0.03737060969412609,0.028812766172069175,0.04362381080767717,0.04681427511491243,0.04428966631371113,0.04301438750796497
ATF2,0.09774340431046821,0.06089566779632151,0.029593690728748154,0.017094566854324002,0.04102818954212214,0.05357979530096302,0.10439622329325039,0.02610214364448606,0.050649558174884105,0.023046172300729053,0.06112503440674169,0.04679524510766623,0.022683536776582407,0.04119701299784968,0.12608980132586908
ATP6V1D,0.114070233729587,0.027806815242096168,0.10777433543965084,0.055862611202296915,0.038557671018685326,0.07503776372718403,0.1552509740840914,0.048487946477030544,0.08457894141328108,0.027349592441914445,0.10990592398613067,0.08067588500747151,0.14153442001976313,0.1132939151369506,0.2344991370632742
ATRIP,0.05237896152758663,0.03493456465171649,0.0003459428507121238,0.009428413483678283,0.020513312758527694,0.04581501149493574,0.09003012662014273,0.019573251723587794,0.079196311592733,0.06462139881204339,0.060842374621259604,0.037859866364679015,0.04135404233618388,0.024322216661719576,0.16463950717792697
ATXN10,0.22589200589013841,0.13323520854255833,0.19393985657351806,0.12882848074992917,0.06998586016440485,-0.0060648699228990745,0.03138102871141297,-0.06626311412966485,0.2256260964706412,0.050836461048110196,0.08284626622140531,0.10991986022457798,0.17124652511203148,0.10223946550621921,0.0034380687012796427
ATXN2,0.0070628019353489975,-0.034073858756513,-0.08041536400209122,-0.021827489241592758,0.037795979363291626,0.09604502404998258,0.0352758965317047,0.030694127033518988,0.033376477446474546,0.026353685340581613,0.04090054486839211,0.05588586612461153,0.0051171603926632855,0.009938163313343379,0.07776903221642814
AURKAIP1,0.26838438855506436,0.11020657452197745,0.1602971546539131,0.13840243373637695,0.1960632446357367,0.15620619463580887,0.27933143411547967,0.09003208593991295,0.19305862019826556,0.10576801383852216,0.1111774172512444,0.14802534433826403,0.15994413871173646,0.14320375226398305,0.16121497800818826
AURKB,0.1445437586951283,0.15279836033426727,0.10767652904736458,0.11120157471431487,0.045866704324244494,0.0758419217560544,0.1879211671776887,0.0707850927564489,0.10268313255443007,0.06902572487212061,0.06452661374142782,0.07653199032368281,0.07927273532099233,0.0724018109176966,0.3544736824774452
B4GALT7,-0.011267641391138835,-0.023991011184792268,-0.029979218264086633,0.00016813772371308556,0.057364041867833095,0.02040330881948952,0.004602464037792506,-0.027257899676348743,0.04006384640100642,0.022026183795573893,0.024847170150955052,0.027795034537003063,0.048447667931677964,0.020592851499519532,-0.0062404248601301065
BANF1,0.31972156922376543,0.20648185824980825,0.25043149132855935,0.17291493861195714,0.16141516138934886,0.18464847164145767,0.2929220439993924,0.15809249049987337,0.2645770719265292,0.08361454422477435,0.2051367073490455,0.1866997221692739,0.23060938056607247,0.17933006349811914,0.16808453563152864
BAZ2B,0.07106897124637021,0.06564274748417608,0.060824146310558,0.046736796015330394,0.04935995603517891,0.026054273832576278,0.030271574370193333,0.01378440057960891,0.0454250660372993,-0.041565033408664374,0.037839282414637965,0.0497655173141633,0.06140788088031658,0.013613985098692405,0.06479072759794914
BBS2,0.14241018059796196,0.09722985594865595,0.06303270323725647,0.1378854503097184,0.03843603156025564,0.04015972847535765,0.03067353327496965,0.00780781935160707,0.14067744158530537,0.05382003042920162,0.08721143663752513,0.05536304042075257,0.10339489140787908,0.07782344500798742,0.048811731492114305
BECN1,0.09025678336840255,0.045887746113002864,0.07375425865588679,0.06635959100802111,0.04140412075495177,0.01085884542744912,-0.020012589115712666,-0.046289468652743304,0.056039044687258885,0.032850555863995656,0.058450719567949685,0.04037713933209709,0.03950640165999678,0.043161854427602266,0.0903796411599199
BEND3,0.12653697153343882,0.06304178271943944,0.11011783708577862,0.11280242398045004,0.014148184298654847,0.04679237474234861,0.15390749669754766,0.0539398883702379,0.07684333064227243,0.02757872963518903,0.024551707020151185,0.07615031004558424,0.04758879934700368,0.03563277464354238,0.10305141303639281
BMPR1B,0.235066717304848,0.14966374505630123,0.1606152081633444,0.0884287484213886,0.005110846035724695,0.002407017852170884,-0.004784805927915924,-0.025675988459797922,0.012742352951869984,-0.009135337076733297,0.011838180571253928,-0.0010859199888079566,0.02119512335599898,0.013485914502092237,0.0687453155173257
BNIP2,0.04454035646347061,0.03425056431617908,0.03685933815828137,0.04950720105770812,0.02832312953697916,0.0349629195517222,-0.025056876696010224,-0.014522796332046322,-0.000319928971508461,-0.018002931675149464,0.00868755719368641,0.008414487950136178,-0.00778673692568891,-0.03874201516570069,0.11166433319620817
BPTF,0.003227407782187306,-0.03219804297551386,-0.029108768793684004,-0.04665438969286044,0.1778497641672502,0.22398986015103073,0.28374024384762925,0.07703957370281203,0.05552348859511177,-0.05665077848127,0.074415617677064,0.11574385091196736,0.11352158512876553,0.08708013690366277,0.15635735548668458
BRMS1,0.030679347395235264,-0.026934360033330107,0.027570974570524025,-0.018194123021251788,0.05661290832176017,0.043622486149249,0.17395877108518196,0.0003183460263466401,0.02964734144879224,0.01462139330181029,0.01869614259827256,0.04799577763551675,0.034759990320279,0.05043654708206757,0.22233412589715984
BTBD6,0.13273796916077807,0.05262296988151331,0.08479635706734785,0.060375378257617685,0.08603484848015465,0.06438452488324235,0.1193469622476752,0.02201129475268602,0.12402163097245424,0.05701109547786726,0.10596386504259594,0.08935542274137837,0.11799609300658613,0.08399857144920779,0.16094651514060976
BTN2A1,0.09243055461787449,0.04370564246721388,0.06047120852031884,0.0024927240751788176,0.019334751135801135,0.03007972893937379,-0.012544214539515179,-0.002821072556552906,0.014111104152405792,-0.024189037440157556,0.041087142896528185,0.005286847570626478,0.014573394644393247,0.02083918283470106,0.02989210899221173
BTN3A2,0.00344107710212684,0.027572849449343448,0.026664452322356157,0.00670241175287001,0.017844560345882853,0.0234460045856842,0.09330466469939554,0.11599127021131211,0.07638955759711434,0.07282541722816942,0.02229886891276953,0.023034771787869883,0.031867296518969745,0.06281994179284003,0.18953981396041064
BYSL,0.1656180211754173,0.07894702573638343,0.09874504423595386,0.12365746900319724,0.04521295810159006,0.04743384738593613,0.12050099780344917,0.032352624041306385,0.12414432963375882,0.09749267094024686,0.09951588294699702,0.13078725818414724,0.07837214440617898,0.13107757264218853,0.2781836015007709
C12orf54,-0.01430284657289255,-0.03660541822682985,-0.03248054081338488,-0.02829233389521227,0.03412973465397501,-0.02390307844540752,-0.01960508793326007,-0.0052666679341863126,-0.010199461481673142,-0.006659741525505854,-0.008156666842041927,-0.011997516446589149,-0.020057551489129653,0.00917380646935019,-0.017827638656193988
C14orf119,0.09126562259380525,0.06941876046502457,0.08078528679326161,0.07539408219097844,0.04177094579712078,0.06054444530552223,0.07045132210152251,0.0336281911364964,0.15694687590456644,0.07738797899102291,0.08510257627980168,0.10900145734024595,0.06334956631631548,0.07999143163043136,0.07311158663809618
C17orf67,0.012879981097049471,0.0056382808834161535,0.025368420507322523,0.0499942555774229,-0.04492702895545372,-0.02089059579953313,-0.012855932036251126,-0.012548139509318641,0.026626115745546772,0.02715829031962356,0.009590500401083864,-0.012100896372917684,-0.011296673953344456,-0.01635371596824313,-0.02673143340068631
C19orf12,0.025155477122131058,0.015985537577857256,0.042288484493552776,0.049513943678460307,-0.02001179491326489,0.0039022511873256717,0.04873471202072021,0.06567252310555076,0.07295218411613373,0.016416918813736362,-0.00704077193449229,-0.01146151347588626,0.012442405539298446,-0.02079215893710642,0.07740299655723465
C19orf48,0.2484591915924136,0.12419761824655526,0.1567909023026226,0.12425380119944969,0.07974520300725792,0.13782275264609628,0.23400594344944206,0.05617816956493576,0.25665467006183307,0.1555615035550308,0.15641922716711087,0.17244038380075657,0.15417360052232842,0.13738626898268938,0.35890200093957175
C1QL2,0.03077505081434799,0.026293805122419023,-0.003791086431352313,-0.004710887501763961,0.010099764569990524,0.03326165210012574,-0.014525574358386136,0.010368219307474218,,,0.008561537054041828,-0.012719954469489593,-0.013393247759161325,-0.027438961459171646,0.02990933827140195
C20orf27,0.1110097627260705,0.07384810632857824,0.06871330401548191,0.07352577222927682,0.02759740370340509,0.029091068579701528,-0.046048367458145084,-0.019319118142394467,0.06811378911327783,0.04907998444273327,0.04274817827967782,0.12139995536140803,0.04404837648576452,0.025694524477645427,0.11685279170437066
C3,0.588172621658636,0.5160208642200094,0.5230651849465734,0.5268937938524554,0.22698369205351515,0.23443761696031734,0.2457442567543757,0.4257530447916382,0.5090471828124776,0.21309983530421292,0.256303361002678,0.2479032678732888,0.2891460500530537,0.2520049303015741,0.6648083075114157
C6orf163,0.023665114661536604,0.05234162775754293,-0.03418375301525213,-0.00773224733329565,0.005192234837321235,0.02064914210743358,0.0004986725943585163,-0.024899717764774617,-0.009308322005058964,-0.041869710368009676,0.010053318361839186,0.02008156497733537,0.030926198794331575,-0.001441869296546764,0.04426639290929405
C9orf16,0.2278257385757606,0.09203653483349392,0.11375529977486318,0.13837092027881523,0.07606828114167836,0.11241532242377031,0.3490391854660737,0.09707422625637087,0.11545864037770552,0.0554192087161875,0.08684316437733973,0.08407377736576102,0.07672621340455427,0.04391814002564406,0.09673793008059378
CALD1,0.18571370594930797,0.1721155225757477,0.30826395334192824,0.31751748823596326,0.15751501237106663,0.1739851438483684,0.44807775132694305,0.3855342058960082,0.3798146372127906,0.1623623504077647,0.18480936208899928,0.13357467683165722,0.14136711596767154,0.12397845551883685,0.5125042278999463
CASZ1,0.1473804322045827,0.12377305793287924,0.11849624933388703,0.07925466665248639,0.10081750435085142,0.1357908387118187,0.2624129440992965,0.13051008402112554,0.25444863138467055,0.09489775126236133,0.1678124482176773,0.18267512999553792,0.2031937007675128,0.15404020957405767,0.423120323687351
CCDC125,0.11703917468053142,0.04569504998134879,0.023705903745738676,0.021928822194888904,0.09887854480740506,0.06312186137837196,0.13808393448346964,0.06086907203638387,0.14355764256705983,0.03350735086678283,0.11575151842733267,0.07778076553815232,0.14291888734919356,0.07589957029701909,0.4481631015130677
CCDC134,-0.0006900677459074633,-0.01583689293542246,0.021450750412389596,0.009261987236433093,0.04008143712364427,-0.008640390382213946,-0.015822823319379963,-0.04434650327227085,-0.020942443610669586,-0.013738532422210261,-0.026712474608868057,-0.001794466386958088,-0.011103886361886096,-0.02536535187872711,-0.04518346720295642
CCDC142,0.02068118027731476,0.04596595062565463,-0.00180738128866916,0.011083008778684587,-0.03433016077231287,0.007580292479774452,0.004839162600307133,0.017143286706500276,-0.018702239131605417,0.02120340917178235,0.027996445736438037,0.010683415179958506,0.011215862409398022,-0.03059761141531094,-0.00607461497999647
CCDC167,0.04379623306377045,-0.013386204807812526,0.0005762019458896209,0.04456284786462641,0.09754106768210533,0.11674779747753593,0.3577091284362847,0.14674953641495125,0.15022454581707026,0.06111040781528871,0.09266881199491944,0.07004369435441035,0.05288861275005103,0.03492079159959488,0.18458563444106885
CCDC30,0.04481611395686527,0.032033109551585066,0.02967298760059494,0.043672205517165365,0.05962498075142454,0.05282957032056362,0.08966229343717656,0.032477487282693236,0.061829244703247875,-0.023682833823841985,0.044558990646710504,0.03500452526874524,0.05064205819792639,0.05279162787600915,0.038122916224352446
CCDC80,0.3790823179788114,0.3353952917468536,0.4229078700339003,0.3794251830363569,0.17307691335616238,0.16429460035107624,0.3748767162148611,0.3024140942666595,0.4243527425400051,0.19243799856361984,0.24964273157964026,0.24922654005271366,0.26585278309235677,0.2188912885482814,0.7175106733434642
CCL19,0.294515126388628,0.369311971794821,0.12548268044304187,0.10317265256467606,0.0003037013312498346,0.029757291353745396,0.039328662360607315,0.0187777059281917,0.30372767872273515,0.12008548737274496,0.14929337171480678,0.11876808233471574,0.1088051617769381,0.07480385433139912,0.4123804009542044
CCL21,0.18626849155656588,0.2245650837773539,0.11590107473108643,0.07992382625802814,0.012541717237967815,,0.07027063518160458,0.09855885435801016,0.11323454482036927,0.04594884970096061,0.021273860124593494,0.01397427814757142,0.026264591852202274,0.025296881724827417,0.21038329762928332
CCL4,0.16519759217565771,0.18964974952693833,0.18911836041208835,0.16001443124296305,0.09551463110606125,0.049996095254091814,0.12205756320815964,0.15937899542088943,0.09918505562958936,0.028670465872729513,0.015527633395830822,0.038803455130995874,0.05816075772133846,0.03662807667072461,0.11649829068161048
CCNK,0.0863324404219,0.08966870688174466,0.06382115253516617,0.057631450978048684,0.10715666229342082,0.07397698164716238,0.1100318329079449,0.013370501791992107,0.08695117457628666,0.06522630224757887,0.04678522290396349,0.07533833730348322,0.061471867477776714,0.050867436729722645,0.3056970724273278
CCZ1,0.13510669128610342,0.08796741388458934,0.11153412035704101,0.025988823618826658,0.07925477387360506,0.07617199233959085,0.09555323014603456,0.036004981079100065,0.06811848220851752,0.019540804468346662,0.09703487847061787,0.09179363792942781,0.13321598827126058,0.08166955687338007,0.17503350777232604
CD19,0.09574439694852555,0.10333746655969078,0.05684005467701077,0.00750630788317756,0.035768288676708546,-0.004065402929774573,0.0486888712143732,0.08885442511308698,0.10026209423726459,0.007538497873272555,-0.0029867969126053853,-0.008182816129553567,0.0060530501525831336,0.030188967469827924,0.1800268633999457
CD248,0.15661304581208618,0.16080519770445278,0.1773848413537721,0.19351100744284241,0.1096632455336695,0.11576537981148288,0.12060070348200909,0.1918264511863953,0.17814075671761714,0.11524366134999887,0.08807713905042741,0.08864853986965986,0.1599361682138258,0.11704394849242462,0.41328918255783664
CD2BP2,0.09927136968350397,0.026242271862129986,0.07690049472930106,-0.007445470612450217,0.0706203353698013,0.11376312570480064,0.15491864867087518,0.013966117131878746,0.07589858444153381,0.06191347148356391,0.09486232792700254,0.09558343877347343,0.06983598464204295,0.08014488522783354,0.1349938723722463
CD40,0.17694791210589506,0.20712571171861227,0.18381403769564703,0.16901535433232168,0.08856422613359237,0.03633250692651318,0.11431994255604747,0.09886017976656195,0.1922265276226118,0.05978045224748399,0.03255161516972681,0.04234052399996988,0.0459373036326803,0.032608083111644,0.2132562393776763
CD44,0.17166926850315517,0.17523968711237442,0.17995488462128298,0.2011951361359668,0.10548964076352373,0.05803970909491698,0.22739935448298676,0.15779816494072074,0.06102849662947057,0.03825604157755617,-0.08076640562626694,-0.05810015465964308,-0.11842246738163915,-0.10193162197882552,0.18622431527531347
CD74,0.7004057994167214,0.600890556214116,0.7106401041174278,0.6624513565957891,0.3044308014487162,0.3566806187735909,0.5793103093687128,0.561027461045007,0.4627503571684242,0.20259278968069638,0.2560761408258598,0.23008261135311373,0.31391935799380455,0.2712787284759393,0.4897091032368672
CD80,-0.0012216459627018817,0.04583213383309384,0.042134896851742494,0.07624751479813316,0.05009492196051142,0.03560067904096227,0.08230413254810262,0.05562772235811353,0.05490603405916423,0.017338208916247676,0.003883639969129349,0.00996062015850669,-0.009502992901182415,-0.012846329933467392,0.11469954153631032
CDC123,0.23417607349024303,0.1944024077387565,0.196362460031146,0.16930248733651154,0.06652650218156049,0.07345509277294585,0.11051980857691876,0.03065505315394537,0.08179698844990081,0.07896641823478374,0.12071039902464126,0.09484567260265583,0.11098854672812866,0.07530711193233243,0.19492949863191167
CDC20,0.18810778002539646,0.1050223776021837,0.14048835960461775,0.10141697154081189,0.08730504140839297,0.10384305498882464,0.21959921642319694,0.08604582039813342,0.1857482048441835,0.10657744030228168,0.12504644163564613,0.11220644236024681,0.13559067181727383,0.11360151101344648,0.28508870495411576
CDC34,0.18919829262925905,0.055311825972865686,0.0991665600891758,0.07150827131699138,0.10009195790758228,0.09722843045750179,0.25538845794636494,0.05574263509780164,0.0757444725085341,0.05807861364676144,0.1171556688849212,0.10763155898759974,0.06886379637663356,0.10797304246506638,0.27905771326532625
CDCA2,0.05188188973118265,0.0369032947202126,0.024814468071597956,0.017215516078948966,0.031136819626205667,0.06100588237682572,0.037753873172622535,0.0029817586139479465,0.01637909716180928,0.00933646189573255,0.026623640320135998,0.027647565845301363,0.05232970365029938,0.05173335942794108,0.3582979234412544
CDCA3,0.14030210594237094,0.09747794344747177,0.1710334570311392,0.09319276514007557,0.10929277789982778,0.0914773070976469,0.20692768928581703,0.11686545973556191,0.18730936752941646,0.06777534655739216,0.08444533232562279,0.1288715162903235,0.11331390637014542,0.0813061914394634,0.2808697711895759
CDCA8,0.08363195021950565,0.04783464618622878,0.07940138140676883,0.045464444385069074,0.060428979238155704,0.062035706250512,0.16307437722275536,0.05101893178774906,0.10003335798658464,0.026383030273093105,0.057271774412924345,0.051014334942437095,0.06461002015210722,0.04085135135234814,0.2825983588164235
CDK1,0.22622026173554294,0.1109874383912337,0.16233855255320406,0.17000546286893262,0.04542564820406808,0.08040473001965892,0.20968623635849612,0.09503092653640789,0.22734539137089263,0.12758707435373814,0.14918740459322205,0.13783905474252348,0.14599022250759003,0.16088257838514683,0.5819132021447185
CDK12,0.07042830762451577,0.04945572561681513,0.08095933462102306,0.05391905897276865,0.2068087602357481,0.23112881562302112,0.44864297848672074,0.24502349189354067,0.16301777572251222,0.10584947214590543,0.1282405678991528,0.10495606998785956,0.10934223028265469,0.10581588986034478,0.2050776174390891
CDK3,0.07146685167879546,0.07484856717229008,0.021968911055051703,0.05339334848198159,0.031240595348850122,0.011399933162241423,0.04086854593528296,0.0028628976846072226,0.00821263473616958,0.011392607262846645,0.020816978535410206,0.022303998813815715,-0.0034065714300353968,0.022157619777795543,0.061811941731119015
CDK7,0.1379097070093397,0.1178862698585938,0.09754509518487228,0.12969542937509665,0.026025094092767213,0.03509801788179553,0.09424968338172565,0.04637362829907944,0.14751946911827832,0.04827418646610769,0.10303968684583584,0.12099935783685958,0.14917765106897227,0.05098987147391255,0.14668134875368138
CELSR2,0.1902843313542822,0.1770024683882068,0.17752212598358597,0.12922575491897756,0.07609558875064083,0.08269351194351787,0.14198825273935362,0.06233714593083575,0.2095066580351193,0.017960761169307754,0.07928647607782102,0.08778570879883396,0.11375372898784161,0.0918968562896622,0.19681525341998732
CEP164,0.04072842247986737,0.025230802091916818,0.02196525725703656,0.025554852653497735,0.034060444453664074,0.0346674056809916,0.07858122928408187,0.008152617773583778,0.046843178869108576,0.01608940743702582,0.06085634025814257,0.036805022047581896,0.007823713724898023,0.01924252577858279,0.007747224793368472
CERS4,0.03784552719829855,0.034170547899962586,-0.00320511314331298,0.016330233166208866,0.10771165972440197,0.19012820752450713,0.3117859933599902,0.12327503409298839,0.25063296482739594,0.18461735574853838,0.19203786801549255,0.1251107340547618,0.17625267220149604,0.17454005040363071,0.16755366220038348
CFAP54,0.005126110535911048,0.012272994738851324,-0.002708181594975981,0.001331261977650615,-0.006570291637491566,0.018178181773720388,0.041858753043707994,0.01580649941284716,0.023030267156920522,-0.02526318048230411,-0.027776119109595394,0.009202825249924234,0.02735489324311389,0.039946101014624424,0.04323466974940351
CFL1,0.19937660111756622,0.12424165346433384,0.06398201956951388,0.022028905460424485,0.13783845027361255,0.1610151207526329,0.20480494836197882,0.0020177638592747725,0.16649710279010194,0.11548212525707979,0.12315134162300632,0.13382164522293602,0.1086813853323537,0.10776504529684694,0.11991188637494671
CHDH,0.20206345434506523,0.15648358952411706,0.13805948119597275,0.1475013322887617,0.1087024047486396,0.09592799301410328,0.23831549675279104,0.09258873228221023,0.07930189708622438,0.038062958533770536,0.07188045806210526,0.06992339378735242,0.11844730278214438,0.08473190318640836,0.3779782806181531
CHEK1,0.1615001519215819,0.09694720526259025,0.11177719310193214,0.13630619755205137,0.05752613441832668,0.07747075621552255,0.1697923101694192,0.0747409616577729,0.09392696678348077,0.03713722689445939,0.07653444632421949,0.09379455964324321,0.056007404087166084,0.06753669239096874,0.3238995761581719
CHFR,0.005119819090148449,0.03117070615577562,-0.01105050605145333,0.049718490124196366,0.04515336841785902,0.06873840827371606,0.10021738927026379,0.03634133465730652,-0.005364702653161366,-0.00673894929577642,0.005949272774070645,0.04647212871988747,-0.011291410361798954,0.03332679214298045,0.15436389162648334
CHIT1,0.21111406906769054,0.22960279801918518,0.10114277808345706,0.03617101530493788,-0.008959299210826622,-0.018289344421510666,0.03172893968740491,0.02107595311645349,0.2117972800181028,0.034551324225218574,0.02844194873884573,0.10583661439960557,0.029371159325095847,0.055115815144264765,0.06918931362291936
CHMP1A,0.17393175262508154,0.0773173527193328,0.03581982730118483,0.04298048994115889,0.133783726981173,0.14837478417932598,0.19011860730194377,0.027283668907129247,0.14109047419142723,0.1320708223586371,0.12241129402196421,0.09249180245529634,0.11292857482386219,0.08690264574675557,0.3052416495180701
CHMP2B,0.08763228873800377,0.0686124080886433,0.048076293004471166,0.06480060087359593,0.1059981223591025,0.08287519460704851,0.053425136145198664,0.007748518335815993,0.08827591662224782,0.019922518177338734,0.05699244649864846,0.03040230092998735,0.05733418121330239,0.035796833603237405,0.3324762589116782
CHMP6,0.05301920851163267,-0.04089249652830468,0.015619919307182645,-0.04532355005354407,0.015376593444403945,0.044898764640811384,0.015363699887506617,-0.03160970765900199,0.1303243454432783,0.10410642880579665,0.05403902907873066,0.09611510934907332,0.05425936561475493,0.05230597696716369,0.13449367769864812
CHPF,0.11667114734292044,0.12371441110820082,0.23159690097178418,0.18239564632105362,-0.03665034946756171,-0.06728497168648971,-0.001381266477672204,0.04762907294782939,0.0037676071730070983,0.06266612795098567,-0.01591721162286131,-0.03218094866107199,-0.012993324974626264,-0.01923976412089723,0.12087116576043802
CKS1B,0.24234830203231694,0.16434231400158367,0.1803945388410364,0.1957498214623857,0.15065253081817565,0.09985721495500052,0.3556334166454792,0.2155630609672805,0.2403845611308578,0.10410070506238028,0.1888625138923401,0.15967209386306372,0.22613647293917177,0.19816468729043507,0.32943672450853345
CLDN22,-0.002787274328822478,-0.010774993703683216,-0.0010011961606104017,-0.012581906592597655,,,0.029100353316239565,0.03084259112234309,-0.002722869356340513,,,-0.003478080067713175,0.042342394507047854,-0.012960548041148346,0.026196954001902167
CLEC2B,0.16518374860836588,0.17325828783603978,0.24325115321191337,0.23772896992563547,0.09442498466718716,0.08052601297217717,0.21696034983465418,0.18970954584460545,0.16459345386861296,0.07158963815059634,0.07872195334697357,0.05113373709953857,0.05279119282395282,0.035344078281639504,0.27095587702455737
CLIC6,-0.05920058531898436,-0.045376511980192435,-0.08892979952150952,-0.06416668986159126,-0.0029230268172161134,0.0189124620756395,-0.04288152371829563,-0.034556908433667315,-0.21719859194103464,0.028584372662838465,0.054878048712551815,0.04317479263888892,0.019959054068041365,0.04463748242003101,-0.0542914767831133
CLMP,0.11212153924218345,0.13526971387485917,0.16955835439866482,0.19728356241980863,0.04946985428635806,0.042262924298529354,0.11000963443499785,0.12163998444296004,0.12864540786298082,0.02657996422767005,0.0554908504363565,0.04998844472178032,0.058747312019392636,0.049136977056780926,0.3117876304542402
CLPB,0.08436657260047647,0.003801211332960419,0.06191119319772308,0.044314464075879946,0.027702272387717827,0.029049733902085633,0.03070114697366443,0.013790660716022227,0.05199733182754257,0.027409962074448162,0.06786728123165552,0.05093251015272225,0.020233192189655858,0.006452931537493393,-0.0044072609452915435
CLU,-0.1181848156663932,-0.13068197118512104,0.005489768088747246,0.0258511258111996,0.054889700831144916,-0.028970282070249154,-0.1951641327171631,-0.0124492124469333,0.032605550837894216,0.004673751511949471,-0.0038918521076859985,-0.006274337350029817,0.01030550336817559,-0.018415048893867917,-0.20290120508862228
CNOT6,0.27568553682325225,0.1444497128834806,0.21116159525213515,0.13275010962125702,0.06529498532652513,0.07314431174862136,0.16070801228900222,0.029579721599219334,0.20914096872162147,0.08961986731440424,0.1628183780976422,0.1396074680251,0.17208074760431083,0.12676981882022556,0.4481216148400983
CNR2,0.06459104835426427,0.04121453497700209,-0.020580947618418336,-0.015305530252301242,,,-0.021162683717485333,0.03876725238360487,0.0456588625529673,0.013600248141496216,0.02811486591102645,-0.015010211753510793,0.05457474908413913,-0.014452261626383873,0.06735290355248971
COG7,0.14579563057076772,0.1304069762790825,0.092275162661319,0.0936020876674394,0.0773614384978051,0.08218048781387707,0.14707497431346414,0.02475660178636906,0.10513920001077158,0.04318317611396087,0.09636682292028867,0.07217784357326637,0.10979855949149138,0.08123386218117715,0.2774415793468882
COL12A1,0.4422770664124057,0.4116855192922872,0.5824589340189102,0.5868560547977407,0.2248439859898289,0.18244216527829019,0.36845179498920844,0.39304526118396527,0.4870868140863958,0.19027004230839348,0.24060973149254497,0.20483529921698143,0.21771649367429427,0.1481676277757566,0.2822653503248286
COL1A1,0.7106013715871944,0.6127125880486354,0.7118695300895803,0.7064404316997522,0.3546473036825211,0.39749575937223375,0.6226398365376977,0.6009434846502218,0.7145645015215482,0.3480879507595269,0.5550469905268037,0.5507124533612033,0.48680166927347857,0.44240490614145506,0.6826105803323614
COL4A1,0.19819853386348657,0.22847675680560867,0.3386817808116696,0.33325139696146694,0.18295161144616534,0.22826170959764638,0.45710092237335653,0.43393778261007354,0.23244171573604122,0.14931083779618834,0.08736144716390651,0.0876267736352701,0.1247899215352494,0.14107204818235147,0.08813895878331088
COL4A2,0.10421385953286905,0.15855024046276242,0.29773036865236713,0.27420411263435635,0.19557284092612748,0.20545471193956294,0.3725630053873588,0.36161960772782703,0.22636651164075464,0.16105252519990354,0.10826247844074935,0.061865183535823515,0.13832620607382085,0.10855740016678957,0.22912470336818194
COL5A2,0.4030766333804251,0.4033763290796983,0.5359487340901483,0.5013308469529385,0.23000134431618868,0.2623489054260543,0.46697976298237887,0.464073950080111,0.4632481198046871,0.19060275180261416,0.21704837246044872,0.17935038093756867,0.25304368355358564,0.18177607921712324,0.5023771628167197
COL6A3,0.47691693007989555,0.4325462196583553,0.5642857369746931,0.5890611002883139,0.20998059803912666,0.2414633507683701,0.44019007431524015,0.40049388093820615,0.4904720487376454,0.16090852459282495,0.20828391752465655,0.19057166656257038,0.22939900746188063,0.2298911310156216,0.6398246906506917
COL8A2,0.22172102520552694,0.17097004710074495,0.35120159341189877,0.31996143576846336,0.12558361222898234,0.12393836954927961,0.22241606235636804,0.228700930523102,0.25720970493609663,0.09353487610888765,0.1176312577997586,0.09926161217653091,0.11832081078012381,0.05328587468790894,0.0916991559860838
COMP,0.2734438428571197,0.25874485839758826,0.3435174302491208,0.2793805959817823,0.28579117711968133,0.31250984465390935,0.454799565194483,0.42006955327281265,0.34986796875774917,0.13012346209331596,0.08287090790451852,0.045454077706059755,0.09391780970331569,0.05976805351272074,0.07221404322897915
COPZ1,0.21274897571472384,0.1112389422513344,0.18922970591568827,0.16641396999095395,0.16848679437709063,0.1586497562068614,0.2705688164546959,0.1457778960225992,0.23828701044686834,0.1020880469174631,0.1518505862237644,0.1634101111568762,0.18557550781372203,0.1465661796144273,0.30447335031733724
COX7A1,0.200199724432414,0.18774669010676626,0.2678825966937854,0.27376851557552634,0.09625905933201424,0.0963575559303624,0.2570803330949715,0.26181457947708253,0.16705325048558858,0.06390621040027859,0.04073247379421821,0.08093507963435727,0.10168777059406703,0.05539104936708836,0.21117285912945344
CPE,0.1849037001132018,0.23399994298586585,0.32097562788784717,0.29438754563510633,-0.11462721944020539,-0.1009754103692301,0.07761501860921208,-0.022785659177500684,0.16823789672782888,0.13280985201207274,0.06482281204280918,0.09303286520377656,0.14024541810334937,0.09714561856972688,0.40202929148387057
CPNE3,0.16110525770574413,0.10019459384818338,0.11978250460695533,0.06603968464336404,0.2114988093295971,0.2229798063573894,0.38196207371731716,0.22230921090727912,0.18342986488007776,0.06356236184129405,0.10658584752013271,0.13302282471307983,0.16720318517796762,0.13219591407600254,0.2799813847761299
CPNE5,0.09213986523925105,0.08982864280226549,0.03473419615939757,0.07762917007454377,0.028894526984480747,0.02639505623739048,0.05107579442086575,-0.010056946306302078,0.12292868346453999,-3.078715259060603e-05,0.024240207073994893,0.030405844599159567,0.04288183799521464,0.03626790275838701,0.14767209252518068
CPSF2,0.09986041814475682,0.04754272976764254,0.030193505958252997,0.08084665548781514,0.04887350343581148,0.08241861879639609,0.06310358351082482,-0.011037163934112856,0.10551872517253275,0.018452948820418882,0.09342426177261362,0.10738171729779449,0.10615424564164698,0.11775577451807824,0.22959302270527132
CR2,0.1078862165064538,0.06263605300153055,-0.02155068568327242,-0.026280832234435173,-0.008330838393094932,,0.0171216817494856,0.04551090461779523,0.06946790379921004,-0.017473136095410527,0.0017646351822350748,-0.013819525241279903,-0.021212061513823616,0.0447981889714152,0.059549334232898044
CREB1,0.061183282377187495,0.012513728323058582,0.0031884826219200726,-0.011018922735211335,0.06708225259011891,0.049504333818862156,0.06701031398691581,0.0447688536103928,0.055891787356840084,0.010826287076486021,0.049412681629079414,0.04093356737637262,0.046161059522918636,0.004257861584341896,0.05869408730036028
CSF1,0.1463408473623087,0.2002200042027101,0.25722450112423906,0.24091323904606554,0.03892120215937719,0.04136197498101488,0.014453789295125415,0.0300160470109373,0.11667406147871816,0.05164698480564469,0.05937121385132854,0.049895842910448227,0.05949197388490148,0.05604144434416566,0.3108596851208932
CSMD1,0.06511556356818506,0.02981228836002084,0.04636360499200682,-0.0016918624551882878,-0.017739376618945438,,0.022139444174964107,-0.011852926192878161,0.0269897925171432,0.005347395487966254,,-0.014742459527480472,,,-0.02976160642023821
CSNK1D,0.1565931550053,0.07587632595847209,0.05394945421868432,0.048542789492179605,0.08391627142357021,0.10331513320078976,0.14157695430306433,0.04276293478170677,0.10154417396159378,0.07250117150726357,0.06747857315174191,0.12032131237057567,0.07552980737905268,0.05722504083141675,0.2570760147766953
CTDSP1,0.02759308259687214,-0.012765516425238939,0.008354347715376787,-0.07604728659637384,0.08323063268089076,0.11810282484950908,0.09387061608676611,0.07696449073816987,0.023055379727861133,0.01412457755147342,0.027392482798060957,0.009979613768886019,-0.012806751677246838,-0.04045850440146299,0.09920587050375161
CTDSPL,0.08765410255386616,0.06675554461567468,-0.04862580969281852,-0.03625233775898199,0.07975780556372505,0.061966381236205285,0.08085928260297592,0.0163281678887451,0.015128165325188963,0.031437146269188906,0.040064871741924676,0.025339690889565263,0.06583728448169222,0.08372280705910029,0.2357354168578312
CTSK,0.41326467711392334,0.3855180700287022,0.49754086670963726,0.4638123846559531,0.13142509505517944,0.09807055485337211,0.20268150748928335,0.28763371150885225,0.4052714559785684,0.1278795511045161,0.2131021979009369,0.15615145586642548,0.27167219713410434,0.20859109038537543,0.6252116249989339
CXCL10,0.20798654171241063,0.20291778909960317,0.22248839579909144,0.22960771121429244,0.06874383088416706,0.11509307267808379,0.1390293762920958,0.2012635941462171,0.19235087983579832,0.05333173853846239,0.05621944536869421,0.04859373341892052,0.062178042261159305,-0.0007194518071200785,0.08426876719726327
CXCL14,0.20013347571796314,0.20788495064792278,0.13089052332340684,0.08370414730898101,0.10567759836800358,0.1295919382138965,0.13045435354243634,0.14172868108328462,0.38786073357000017,0.176664323694033,0.18749734960069178,0.14984965325777572,0.1845900691802416,0.16649141011499363,-0.1056957546648443
CXXC5,-0.11545941786424344,-0.11427855412604929,-0.16532692235021468,-0.15776632236110952,0.020490937128207758,0.0420578821424973,0.0008515572438457234,-0.04915821560545641,0.2570896844982485,0.11132866382215678,0.19982784544242604,0.16324058259120347,0.15940647740313726,0.12976873116835905,0.21641677795566475
CYFIP1,0.1178104836168641,0.05254947067194529,0.045669284672378886,-0.0029437490511859577,0.0327837851001975,0.054378140010123206,0.040087211254478776,-0.02137519366393001,0.04084955936624507,0.026122774742060366,0.11378236421685123,0.06682449366897943,0.10701035920883813,0.06757604157239631,0.2665734417467807
CYP26B1,0.08270143735610155,0.07080751524954863,0.13728742458301793,0.10069785499896763,0.026741379591636548,0.003019995889705346,0.06497344138143961,0.043572085961819385,0.05967970707978537,-0.025168349106543492,0.05432494850680489,0.03477793271975049,0.05064916220819448,0.02191883048132613,0.040709762703171115
CYREN,0.11698217662296231,0.03505253436350785,0.08815225711287387,0.03489505896128881,0.09887848351226745,0.059534737792385196,0.19908890265019025,0.00771311985625372,0.06477764673898616,0.058164852342797085,0.08106367233016026,0.12132426328812297,0.08816700661756612,0.10471939502225021,0.10908712926768438
DAB2IP,0.12088053880575281,0.042768320238088936,0.046555914468686316,0.05358285589050756,0.07763351292681046,0.046684404768102414,0.10765131451816211,0.02113236864460172,0.036845643212897065,0.04318645093269609,0.05708434389823465,0.032455695397113,0.0363442508415903,0.05178427000975151,0.04731251681091192
DCBLD1,0.06555123525285324,0.05367152940451272,0.004686916045956344,0.025962842722665917,0.038432359854232524,0.05563626937487009,0.006046730495831745,0.0257407308024452,-0.041355833959656994,0.0006029226195024783,0.04902251875244086,0.0184531533143093,-0.0053699311748362615,-0.0475645560395394,0.02666309483907384
DCLK3,0.01940247019819407,,-0.020289980571687925,0.006089772136988817,-0.012933122295050236,0.0602034999332653,0.007987047203377201,0.015506160700091403,0.017385000517103705,0.012709637155105964,-0.015201582647689416,-0.013418679903496064,-0.014235831117653691,0.023408140763218354,0.004998319360835061
DCN,0.5624642559291673,0.5244364542501232,0.6468129827317007,0.6333867519503733,0.2606671181521787,0.28322829531334837,0.4653771109436176,0.46810623951971075,0.6240738928540138,0.27083806307297464,0.33316024719966564,0.29839622270109134,0.3640747323405121,0.337345926680005,0.7771926284607649
DCTN6,0.1579405707729964,0.1151097887957416,0.1141716969634333,0.11236255242729454,0.0631778439143956,0.07257173793461685,0.0485609182604899,0.03035403239093723,0.10828660502316007,0.0612568457784628,0.15753284952248137,0.13338961903684973,0.08013500478694424,0.09143927990489449,0.2783858888333896
DDT,0.3544670227057437,0.20914403162358203,0.28919325415200986,0.25033986674213304,0.2004441050007891,0.23052083973686346,0.43945750616745965,0.23416042548333116,0.30249517594057906,0.06283847571218061,0.18122284501986058,0.1695928357504432,0.2270515561158582,0.216156192605934,0.06595684835401143
DDX41,0.13475535429367763,0.055489545353624915,0.023389324364080866,0.00696590289704239,0.09917407459998813,0.12507796026231702,0.13240476064651496,0.016925238290002628,0.04393243893798519,0.0779400257934581,0.06201752102822419,0.082662095550847,0.08976049914858997,0.04811885908123253,0.1390761138833163
DDX55,0.06416175671676055,0.08897074402730326,0.10121880094514212,0.050725515460883976,0.0852946322691187,0.06062443192454281,0.14822936536527206,0.05556374424398731,0.05265234410137588,0.0524875584990835,0.07998029203199886,0.061003552601889555,0.03792611264262992,0.06773767169552074,0.23484794240002926
DEPP1,0.19691240054459658,0.22340595176075573,0.29311754614611607,0.26335745179537456,0.06826478532567942,0.09668218455258623,0.13611292904150302,0.1569802373466851,0.23417106192811737,0.1088248559748737,0.11611449574710947,0.12265089242529101,0.1385513382868752,0.13076511618896638,0.32408586646692705
DERL1,0.07179176114377714,0.016476917925832547,0.024273806732880734,0.014946247276249077,0.04015159034928246,0.032138851879289346,0.09812285329712199,0.03088430012520784,0.18603296837958797,0.10637075113837322,0.14047523645235993,0.16090111215278138,0.21208001080292843,0.16268548044068917,0.12348725923643004
DERL2,0.08536612602229622,0.08567363160562184,0.06133201593097964,0.08726944984024725,0.021679533563302208,0.07147175366986086,0.03316355224736583,0.004022949958902343,0.09244443930735322,-0.0018845744214619053,0.03908912259156926,0.03645277536950117,0.035448591368857085,0.0017261287230788806,0.024565747740327742
DESI2,0.13981208729319494,0.030327445954350146,0.044433123369741805,0.06053939361576625,-0.0035746858505118543,0.017435703837345683,0.09399866397045505,-0.009596359734711048,0.11238701928373494,0.03534815313937296,0.07791851269523502,0.04005183821032524,0.08649413565983269,0.07381510476302541,0.13854812996340293
DHX15,0.25620001972760853,0.19389450812248085,0.1937597821893614,0.1835306475485914,0.11212478027757394,0.09687677169156403,0.26235237416294693,0.1060911941944183,0.21742330532839121,0.05523205412074662,0.14114385489184988,0.12200996067774812,0.15844426263832267,0.09380210679620353,0.4445006818841918
DHX34,0.07390158011188169,0.07118853952716349,0.07559764082988707,0.024765231303672627,0.06196961499059133,0.07378730009323617,0.10071319815115494,0.02426708720456444,0.08520934897879652,0.012163554358847717,0.09241122104901028,0.092509220237352,0.0672921030853755,0.04859305929678539,0.10760707815651377
DHX38,0.18136532671158345,0.08848175302813187,0.07153446735947483,0.09698006662295056,0.06451385777280914,0.06807249692446676,0.11987934333679745,0.04010983745676852,0.058472534737524035,0.03706910545307653,0.062412530106977115,0.0582078109152607,0.017061075043713993,0.049815030973757606,0.12527531574239306
DKC1,0.2310568286029424,0.17429239977488634,0.16687409236846637,0.14548648067379427,0.07022296919327005,0.0802712847155458,0.16743403965344728,0.10563510525914205,0.11882577935874794,0.08328911826082706,0.10542757799341237,0.09678947447995938,0.12433361641157609,0.08188434522691185,0.3275148193205919
DLG3,0.16305612411550544,0.11970574306820371,0.13686049806804013,0.12699249020747855,0.12580547962096175,0.12428625567708555,0.3427850323779766,0.1309538871613263,0.17861358386174925,0.09811818359719868,0.1623751800609512,0.15291184065510727,0.13826467885364227,0.14416848583937739,0.5160886997944131
DLK1,-0.017072543669795635,0.005885960339358412,,0.05378397928527468,-0.052850410426935876,0.00715637459923527,-0.02359324613538979,0.022006387344520057,-0.013549256598392283,0.002173580430742366,-0.0032681031729294226,0.028220136884652816,-0.001917180710336667,0.013324925080265192,-0.06403632353222717
DNAJC2,0.08376296578281825,0.02276425228130288,0.003165796118759771,-0.013910961542041978,0.059729400891694144,0.06522079399372534,0.11408820965462917,0.010440878234710443,0.016601576212754755,-0.005226576190936992,0.110543739267546,0.04498850797028195,0.08165867028773816,0.06303303583243029,0.24735982272419652
DNAJC27,0.023457707879173964,0.0007794776370931903,0.03147340499638971,0.0877637366717405,0.00860731668317037,0.050912553934618944,0.06221977406626477,0.008373131824940372,0.02349114511027634,0.0052796372020337485,0.0508476878868795,0.036359415309081856,0.015794179778981544,-0.009718408020570347,0.10176580247045836
DNASE2B,0.010289001817395133,0.04630280479812576,,0.050059463837168444,-0.005398010097406978,,0.01968306517883988,-0.01196281322514575,-0.03345331558363018,-0.020688497681460687,0.03404902015785195,-0.020123997306471447,,,0.03433909575919328
DPM3,0.20422633550346062,0.1051756225113292,0.14989364545346132,0.1324911928951828,0.18423926173682456,0.18456386284249418,0.43319030149339766,0.19112805318622822,0.13560008152150752,0.020613890169373622,0.07679413583601893,0.0851622859434421,0.06152703197329598,0.06650492182887323,0.16130209777636667
DPP3,0.22073293394666227,0.11053057684281399,0.12315592993743783,0.08113857118228475,0.08488300978649191,0.14864749341705363,0.2221719398320651,0.08207882745177682,0.18384851346170064,0.08559144169392614,0.1400454981353106,0.1464968798948244,0.1418849824705909,0.13576347402753022,0.2249545581098996
DPP4,0.03143257287298553,0.06493475745167762,0.02374768452929599,0.05766804544304603,0.00632864795316317,0.041571708742702516,0.037260275302934,0.03486330710556747,0.08734779439378614,0.016330756369936424,0.03094504631695534,0.05086674014275139,0.046544802334637876,0.05317726721854552,0.20169329887307552
DPP9,0.03266072527532535,0.03786502628108039,-0.004387895801019945,-0.02280487283270501,0.07205545384640342,0.04630564515886741,0.08289342971262466,0.017093394226757763,0.02074751265615086,0.009403018480649434,0.0724112244270241,-0.00043422113209357267,-0.0014480781651683746,0.01181256138166811,0.1394218934072044
DSP,0.39959405645178503,0.2395719748425459,0.3385021474415991,0.2809156230936877,0.2187759347505083,0.2168195552097581,0.4533343974155357,0.20633330473692785,0.35524789417061386,0.07477190304798777,0.2783706563550584,0.2515347613905771,0.2952074700184889,0.2398846156015194,0.637523509197649
DUS1L,0.1837180815899112,0.1146980236478219,0.0988117572274751,0.09093204266296318,0.0827050257351761,0.07922000017708038,0.17479703281576636,0.00858363590973824,0.01537083491076579,0.0403460456673604,0.061435370373659974,0.045445911496261135,0.05200487713371588,0.03365394754846765,0.34848303316314555
DUSP12,0.06161609950226207,0.07885870226364096,0.10048296435633686,0.04929228886533008,0.003883452023163728,0.07605767336953391,0.0137310052502191,0.04343213132414031,0.18349731531567973,0.07455761890316859,0.1241937836206681,0.10862378741355401,0.11322188404636775,0.1281227062853161,0.3127116859414364
DUSP16,0.1662113983434913,0.08436898271298943,0.09263750893706062,0.04341086620479595,0.09969561331975553,0.09248170220292025,0.10805593903628098,0.07491519352935773,0.16730735532886995,0.11638615872704759,0.13787562496951727,0.1448778532470044,0.10916734460368333,0.10133670998468998,0.26968060426024154
DUSP27,0.01493193860672407,,,,0.004693679176924141,-0.005341895775213193,-0.0036858632543753673,0.02458766540855742,,,,,,0.019527785427251244,0.016526101027830732
E2F3,0.11258780303053186,0.025249455200656117,0.10278078206169433,0.11547946996120864,0.022484359238365788,0.06348524470686846,0.09764019522006787,0.029803013829764743,0.04737958873263631,0.04215073442929514,0.054932688873584816,0.07596105244896915,0.057441422064169516,0.036292564297290254,0.24276024617433878
E2F4,0.20217867427415462,0.13301885773752842,0.1590801906990384,0.15657181770036285,0.1184076046904779,0.09524545466277183,0.04581381757973949,-0.001004924979910967,-0.0024873545444353217,-0.0048134150672774784,0.013671631167135653,0.054089901892776106,0.011620008156271781,0.013203970332790249,0.24316415762558002
EARS2,0.12690252377225353,0.05415374865193739,0.1265364853531394,0.08374242638740706,0.020030923626984082,0.067344703656389,0.05078807085937563,0.01119464039325831,0.08576094902487302,0.07791897996131425,0.08199973816518291,0.06875141821733081,0.09751375408049927,0.058668320802561125,0.22963358120592034
ECHDC2,0.2053675575627735,0.17774400264068252,0.14684692203757949,0.11335621315445524,-0.00013106993972203588,0.014546104330127412,-0.012476870910079133,-0.03608241431227189,0.08926631466573613,0.07064713756778374,0.06973047468788844,0.07986706901167032,0.10825449997730084,0.053234360871547134,0.07459619018918708
EDAR,0.002752671566445734,-0.004888713192371231,-0.031366623219307624,-0.035594876861562395,0.0033160498186168663,,0.0016782800400234857,,,,0.0027482252121288245,,,,-0.039045806775421986
EFEMP1,0.15750228541076555,0.16819615601455049,0.1944799884005524,0.13667753905512098,0.11148241498801842,0.1208035055630893,0.22806049691532063,0.2622702447901988,0.1689079281062792,0.04275980046811884,0.07167129359431751,0.031099056352202066,0.08014467879992147,0.06707018247999814,0.5190238697270343
EIF2S3,0.2371607418828462,0.14302399788727935,0.15087001530014332,0.18717932279248115,0.06386479987142667,0.04767574996091053,0.07870856871894624,0.030605851569813852,0.26534352421197094,0.1424850071984819,0.21487787184817647,0.1585902448258938,0.2235538735079176,0.20219149590613728,0.0873597177288365
EIF3B,0.2726232627968744,0.19095439558668426,0.17653791938877197,0.1478932242050563,0.1420349912540637,0.16831265272716128,0.2918890217124456,0.08457906376083149,0.16158166438372393,0.1630119273840068,0.18210721985920492,0.17009802011598624,0.16179574101377284,0.11083802346053882,0.2616491996314966
EIF3J,0.07883682545826895,0.010891803950669564,0.025976861617936588,0.05763187787506884,0.05206891234478782,0.05995218836037853,0.09773405095050682,0.01969877500047432,0.09581488453561916,0.025459339053919946,0.07115024976472718,0.061226236232229884,0.11151994303210924,0.05441944492612952,0.3409197161208013
ELOA,0.15776598792836086,0.07207242426808082,0.1057520997537892,0.09117090999664773,0.08392351232865855,0.024869296418050035,0.14687814478673694,0.05193189406060936,0.07334877947158487,0.030356191823204974,0.0696203907186098,0.048280204889273155,0.06497634428018959,0.06221283550291081,0.20642255298327594
EMG1,0.12189693917917785,0.025499881377917907,0.13117968356524795,0.0654680678799214,0.02823443052515545,0.07860707178750882,0.10920427911644556,0.054404251360522585,0.11331780045994347,0.0302450261431952,0.04059940107571732,0.05298735804704792,0.06433205221143405,0.07860186248956098,0.14620900576370507
EPCAM,0.45207899812134145,0.3493123674526013,0.4296686425411536,0.3759464711506456,0.25017785849602975,0.2572167939174645,0.5454443629366449,0.28286268711760504,0.3953650819565701,0.1847483396074356,0.224985834965083,0.23616201193320774,0.31541162075007967,0.2580852736690633,0.7268906379633586
EPHB6,0.052562271775325874,0.02047872009475307,0.03393629453684188,0.017595810780979677,0.03663294080290809,-0.010945292869572333,0.027509298465446006,0.035251431350460626,0.054350128237811345,0.04921308493965318,-0.015889474092903665,0.009463734386867026,0.0521669129978539,0.010230385146856535,0.10356525305109684
ERBB2,0.27494073314533984,0.18997504215561148,0.18467765892343294,0.15104965053589567,0.31211429441164995,0.3012081074604696,0.5712752117315261,0.2948464379326307,0.4417954806155906,0.2917275024713863,0.3486647174928392,0.3345948555174194,0.3265840510259514,0.2836019240676352,0.6516476038054626
ERBB3,0.4007656883355724,0.39949680942194815,0.3977985921342195,0.3872195633597915,0.4086540523516895,0.3939029490127782,0.5600302103032185,0.422290126819882,0.46752861009527263,0.35335162674854437,0.4516949974615208,0.3998677784469676,0.41966088192098927,0.3441099655709339,0.7002950640113952
ERGIC1,0.02916026253320667,-0.03482742810791835,-0.0023145588984584513,-0.06469152414401418,0.1366512365972953,0.15919038416828918,0.14437816296888428,0.05809005553273359,0.23743740162547072,0.12232132949166281,0.14146881917849408,0.12932630138836193,0.15406962161401136,0.13131870034328447,0.5091026097826425
ESYT1,0.09357138652986707,0.01692884954209269,0.0460394465612641,0.04150563932517464,0.1075264540072155,0.0892263978852844,0.14283768020039958,0.05880086795311286,0.11662838188395944,0.03454414330546779,0.0998949797320916,0.06423560918930891,0.06191626596213516,0.0450914292973231,0.05240147173012385
EVI2A,0.15781529600795421,0.18080963909486938,0.20498329297931814,0.1739114312070863,0.04294510122555006,0.03894734617505618,0.17437029494116327,0.13662792171559587,0.14526731446516794,0.06254775568255545,0.06045932963701353,0.016845608184286518,0.07285269395458052,0.015562998564975512,0.2505600420119397
EXOSC7,0.18919676135971664,0.1504514041921242,0.10752304144789653,0.14058514138693032,0.12636985803969616,0.15411788569329515,0.20583295242580324,0.09753373603313838,0.08307422599530304,0.036606918474704125,0.10636015116993358,0.11010924331097399,0.05849197888823983,0.06861801875019245,0.24713851028120964
FAAH,0.08204334970951563,0.06950299561869938,0.04744566705206372,0.02464999997468238,0.10986890148924626,0.13245170663839853,0.31857087289447544,0.07324301055888575,0.14647786916652655,0.08801774692585847,0.11247887815205572,0.09420029801522914,0.09968208065165417,0.08440643890168517,0.36879930304302405
FAAP20,0.1989511930334037,0.10978943608050046,0.10457775996821976,0.06727549549673476,0.09419674131175965,0.05327035165312264,0.08171503346123489,-0.01281961798309381,0.0914049749959028,0.013493126747962625,0.07175662440898459,0.0947219416317679,0.0733392568902034,0.03368313104977713,0.02708622162763204
FABP4,0.08368058369794935,0.10881577810838784,0.07977245670668118,0.046972396394424965,0.07239040010711827,0.1086469990941587,0.03494716585681716,0.09224298033188275,0.04963036789321987,0.03943872442346515,0.0502566671854019,0.04617846863395742,0.05389055291187085,0.06496964034864056,0.2533266512430659
FAF2,0.08834388388027255,0.0445836267850001,0.040938730663620214,0.057177729891041806,0.03735154851726481,0.08604346800192351,0.1326312003768284,0.026241229391629296,0.1421227338340064,0.05800195191567579,0.11407422866692325,0.08891990376415265,0.09893854597739403,0.09395230951165366,0.19810501720968882
FAM110A,0.07380930855362383,0.05955888492510825,0.06487367156407563,0.050945662299674996,0.1277183109438584,0.1011207687004071,0.11313726302643344,0.09476907992082219,0.14514245819106258,0.11933223717911164,0.14495183301629644,0.11843534029073273,0.10889444960226909,0.10922639733461759,0.2259345778888475
FAM151B,0.008783323344042535,-0.020425751606168028,-0.0016850657972402683,0.022429116532560998,0.02306362978114828,0.047392628489609616,0.03317612166513425,0.025926978717673285,0.057451030991109715,0.02378807996621419,0.01381411483642107,0.010687844910817328,0.002100127556069311,0.0648385512061145,0.08332864148288863
FAM193B,0.08508652262834544,0.04319069535129303,0.053228464991024,0.03526539927655347,0.05584437568619743,0.09443049154396821,0.07223294129121183,-0.020844488946055405,0.06880266530525404,0.069692620528761,0.12416804964976405,0.12221009949860809,0.09527734718333211,0.037209612920245085,0.2413703760274033
FAM214B,-0.017751943333210948,-0.005861719954906426,-0.01478848883259728,-0.06264580674955339,0.051921485089182456,0.06756748711536464,0.06972334638073209,-0.01248523181339789,0.0013960071978469713,0.05708635512232198,0.0415248137822511,0.018913994636555853,0.06054716713336978,0.029793729644658512,0.04475211304542347
FAM228B,0.0028449119328270087,0.01841903087077945,0.01963080196851876,0.026560604489728794,0.03311493163804044,0.05029617404186272,0.0032718302044378155,-0.01324776418206094,0.0013191283992613938,0.006988800049868774,0.012077525340273378,-0.005791805026130322,-0.010962547976172583,0.02067679459072886,-0.011310601909369177
FAM49A,0.10455566769271529,0.06489907025907889,0.10402102136843479,0.1274383653029935,0.04913391635495309,0.04657425233303078,0.10263875347458233,0.08728558108204795,0.05599403969971289,0.014076171356172881,0.021732739889862435,0.03238074155706161,0.033059549951968165,0.020126422657497527,0.18204642188190956
FAM71A,0.00043574115251060214,,,,,,-0.001077528777801009,0.03434449858341872,,0.03721462114360915,,,,-0.001981929622056574,0.022230320246917547
FBN1,0.32846102058340165,0.31167101146589987,0.45136558514143815,0.4249431391168127,0.21793104791051246,0.2610749797444593,0.3466649839715911,0.3880577147870084,0.3754937363519304,0.16203340833148894,0.1772651759003457,0.1478942311827129,0.213019602945689,0.1464302916491278,0.5892040752264694
FDCSP,0.14741926992569981,0.16783134589430204,0.009211367192131763,0.03933419759054769,,,,-0.007417459478106389,0.09888979830522152,,0.021708469978787472,0.0413484025894646,-0.009238538506381544,0.024630871509609263,0.052491100988188114
FHL5,0.03634370753276637,0.01629384560465314,0.024124231815465493,0.03530528769645059,0.027584329958944227,0.008709468068630929,0.014320159418151832,0.0282228371932499,0.021229653184547358,0.01441866624911841,-0.0045943316012373135,0.002287360774601512,0.016816274663373366,0.002076125942282742,0.10254947423744623
FLII,0.03837166469250372,0.04850070521254745,-0.05316085718240353,-0.043024071321326754,0.06902049701452062,0.07556976663329329,0.12190105401883092,-0.007444345119316687,0.08307244594814037,0.04723033405011045,0.10003435057731117,0.06688743339423865,0.05122334508838956,0.0233542675503856,0.16859016660789336
FLT3,0.08187340965290421,0.05503849998753407,0.01048724383571992,0.003573000334244311,-0.007483550374817371,0.01977350618939848,0.020353903502670818,0.03520867438681701,0.05264679653299879,-0.007589841077097178,0.009791163062041464,0.05717515555344166,-0.02894621884578703,0.007781913118740725,0.10516744220026387
FOS,0.336948201683571,0.32987177023613257,0.3751330371055217,0.3555613821178234,0.24970644258463753,0.24225337701688748,0.2355976894965281,0.3345106837878925,0.0516612209300492,0.022253716763535627,-0.005651535186838316,-0.0017688032307092488,0.06088441345706174,0.07858199753637592,0.40253916486400787
FOSB,0.06822068418045109,0.04684156490003616,0.014839801937570094,0.06510055585712704,0.10458707970576867,0.08742372881618402,0.05545763561272212,0.1227680669793261,0.023861437166358503,0.009243156444118827,-0.011099331726898696,-0.014159886769329087,0.016539604178978356,0.055496463566915295,0.16479752473267217
FOXA1,0.00990107817639996,0.021527760501169023,0.002644760819002013,0.01146328430537117,0.19658934843916506,0.22195297778951437,0.5000065509351423,0.2505333596065023,0.4232095846003547,0.118554221964383,0.2565145130463456,0.24636172471820725,0.3479704588211637,0.2143269332148769,0.6896099631540056
FOXH1,0.06190001857329791,0.041630935550780096,0.006565307672148452,0.015279854911011985,0.034011840421261604,0.005712857647609086,0.04619447637321889,0.012342077538738746,0.028467668796156507,0.04682512689896634,0.054915761079227604,0.034769614068391685,0.061085618265247325,0.044676377534248565,0.0019127708042053129
FRA10AC1,0.07717678665740471,0.03733409790974894,0.0007897999389658852,-0.017048231604321593,0.0008628333078299158,0.008827515403849745,-0.03544793202763456,-0.02008593190761381,0.012976473443760982,0.010354284847133003,0.0347436823779862,-0.0035711759389462534,0.045962126501110194,0.03275473062381781,0.1910657235790193
FYB1,0.3510472396122678,0.321391592194003,0.3560464909949035,0.33217486273894276,0.13676449138286195,0.11312885193647985,0.2758724043534269,0.2335992663539267,0.31089364592366636,0.11250215570303372,0.08251192683581061,0.08849440754589717,0.08312574747852498,0.0583353536954711,0.30263802163617687
G6PC3,0.1477904082629045,0.061837235885450495,0.08576253399658071,0.062442089732667815,0.048337300557510794,0.02465620942011772,-0.017361780429400224,-0.05501241717656334,0.0005710974395666714,0.044650589015439654,0.05121738156307348,0.030377190027634834,0.014395720641005376,0.060022031904815615,0.29462926026434577
GABRA5,0.06022564302691087,0.03357746516438874,0.036926090479917975,0.0194410504935215,-0.008001010676139522,,0.019600332616422342,-0.0022941743873416813,,,,,0.03133005275086499,,-0.001407388327956475
GALNT12,0.03882441500427544,0.012283289985596666,-0.01150502672612693,-0.020893299554745635,0.04660805673568924,0.03511270876011093,0.025429067749423145,0.05529267782377879,0.026352421216739242,0.02304112247378937,-0.024966467240587063,0.010714421298491242,0.007680678786205427,-0.002479879409676626,-0.05391790396145782
GALNT6,-0.04200903061557043,-0.04660588106031533,-0.0813052705064516,-0.040473473346941034,0.06909838737022873,0.1500844590153082,0.21266663528893515,0.06251605013735904,0.2865366920374004,0.16702827043473145,0.20573171488248823,0.15769605212189755,0.1389274248138024,0.12451564328108879,0.4498072046266476
GATA3,-0.12261906398880178,-0.12247728921689392,-0.1014727524732389,-0.14283208574441525,0.2521709711421473,0.2525792083558745,0.4979948211800972,0.2413580305064676,0.34648164401014286,0.1667668955149681,0.2763778230737517,0.24900144926424128,0.27631094034140713,0.20261493469801864,0.5936186511281178
GFM1,0.09101129636283324,0.07373006799694265,0.011029745251558061,0.09134183824136782,0.07470439736163337,0.09168418530891284,0.20765238610960962,0.1019491329197643,0.1252006825571255,0.05842200052795458,0.10356508389487729,0.04850249204995783,0.06234819696514334,0.06105701507463664,0.40655035476963225
GJA1,0.11147075994715501,0.1377255420988724,0.21487731298826737,0.18150898353727143,0.1317003277687637,0.16571323980311348,0.2204357378522022,0.24665863268499158,0.29258414032305896,0.15868068823620385,0.14152295320898947,0.15346610684080006,0.19648389334356775,0.10824528748245528,0.3302212419255298
GLRX5,0.09414335311414707,0.02870148923565498,0.050834365127887284,0.07914969889889983,0.10108881723581464,0.07650157595929727,0.16115988870439948,0.0384921309991788,0.1831900649515509,0.12375269575221041,0.12401586267513583,0.15709740898134603,0.16736999958299376,0.15664553520570004,0.23601669561870367
GLT8D1,0.03522088058494898,0.01591490453342053,0.012552667461625542,0.020128661095699923,0.08350995617727477,0.05665830799319586,0.008984942782017832,-0.02959177208708606,0.01316956794914781,-0.00023343161686652675,0.045790408297100384,0.01772456551339172,0.04775425438146275,0.03682027816010997,0.02151325428339666
GMCL1,0.11762016844221378,0.08286769404731555,0.1040801065858421,0.13578849959710015,0.0755764430193381,0.12201613647401147,0.1217497292703036,0.09462057847725867,0.025253920167157783,0.03556226305280105,0.06466474442174501,0.02041612172438301,0.10031745421534224,0.05447986546649382,0.33756438961048507
GMFG,0.3148807971097547,0.29885258837591955,0.26087880967245947,0.2580423613618231,0.12643983578597007,0.11426463405088383,0.22251892882052327,0.22605060568077004,0.261101914489604,0.08979470581860882,0.06903735159199108,0.11080020714402472,0.09429348412528431,0.06451415298042454,0.21444364770189664
GMPS,0.15361098172507204,0.08831082283755573,0.11391911046214137,0.11947546916860637,0.09530543655337932,0.11632005429336713,0.20848077728436812,0.10085947915747157,0.1472696922234664,0.13061626423382838,0.13294056942577387,0.1376283582485617,0.19698935331357087,0.12811271479300707,0.3577613773007402
GNG2,0.08994881440908609,0.1205572037030792,0.09610320312925882,0.11375823454843176,0.07599223869009956,0.08834309019232045,0.10659703884294465,0.08726099328675226,0.1331312204797535,0.044486528160940224,0.05743907703793532,0.058830837529005274,0.08706438157438412,0.03706752014312481,0.2636312399735071
GNPDA1,0.11347682123950231,0.01363653857066975,0.10653430491744653,0.04390132606957593,0.005381753716321106,-0.009720120268891073,-0.04779388960054736,-0.02580090074896811,0.04591609926045937,0.005933783523505039,0.04435811317484465,0.05333972391435475,0.02729048746554806,0.05480643697331481,-0.011649393520115401
GOLGA5,0.03393533799825714,0.007620381974922484,-0.0052212781740642485,-0.034546726997204145,0.06798624982148117,0.04756180108014248,0.07712483686850001,0.0507264292657333,0.1362720489743862,0.04615445941077923,0.09466864321927858,0.07639400451220532,0.09938161066923522,0.08215175026063454,0.22637353068721838
GOLGA8B,0.15170453532598654,0.12940345840281509,0.10446505271311084,0.0687985457894608,0.0013341558707451818,0.03245550944979537,0.05393071316333252,-0.03148033810161593,0.04033945774384077,-0.008834269018729246,0.04488345039572355,0.07698722785166086,0.06551685239501616,0.023189784808458944,0.10803376430801578
GOLT1B,0.07432841846444548,0.0384480414611204,0.021710227432347073,0.01890652433739606,0.022379637417151155,0.04653719546446174,0.029508240022113785,-0.026416668756773627,0.05304530801829863,0.06951438299025921,0.057205080994028226,0.02670454225668388,0.06342556988378868,0.04316420802526073,0.12688680608097153
GPN1,0.1441069939940319,0.08347367411678758,0.0964872443927426,0.09332395130577577,0.06217391492163213,0.09724469700390691,0.0646597517292658,0.04072077467742156,0.043795335641286126,0.00837768576343109,0.06756673661033676,0.03617069697450557,0.029971697600868624,0.02619941256584381,0.3874121304699232
GPR137,0.06373415035822136,0.04413119870200037,0.021699999362902508,-0.04225958211057062,0.04434548826817172,0.0599691499417033,0.09803607489717213,0.029157366949235798,0.06305441631518628,0.015283647603053027,0.0515110466664455,0.0377459636147853,0.07139408739842751,0.060740624914069355,0.13423979655947277
GPR150,0.008167866364740917,-0.008563870198160788,-0.0032944344107199977,0.05399568943230969,-0.015394039620003916,,0.011657622037237251,-0.0049292940072144555,0.039073526711217936,9.361397586336669e-05,0.02361272976670752,-0.0018772083403491933,0.01729655274717392,-0.004132764730174164,0.02730749622345646
GPR39,0.04611103986886693,0.021924535576574963,0.04280577121530539,0.006952195457114661,0.029251189461431522,0.03806490619426605,0.1420221106507034,0.06710494930392887,0.06268034191236661,0.04175970204052723,0.03204023822324764,0.0704067704613073,0.0970377695948107,0.08799328406601734,0.14549378084271813
GPX3,0.22004192255083047,0.24026883555456557,0.32870497273392174,0.300250887494709,0.13653751651589385,0.14942476544044223,0.12640094014337053,0.15745390097334358,0.13300551533587046,0.09669796780212868,0.06253881655426075,0.02919152506365295,0.11160901479559127,0.07380582320463153,0.33844401533639545
GRB7,0.16431570127807243,0.11649725194185326,0.1017877014660709,0.09871465769544276,0.20952096321359498,0.2718337997524507,0.5168004722013512,0.21031087439605975,0.37566676079331224,0.22085861917948774,0.27597276376091795,0.22046716193768776,0.24150752769880918,0.21218406198111098,0.6512142903966003
GREB1,0.03168253432243885,0.020731418901082047,0.002036715288364709,0.04487616669317826,0.039487909385624256,0.018055978290144086,0.004226857974743753,0.0003400230598983101,0.27519149392563924,0.07297680792709978,0.1764676360793498,0.18562934068793535,0.17294277265805072,0.1403172550503935,0.07888332042099201
GRHL2,0.15521935943597043,0.16699930098642657,0.17784437901457825,0.18024091901523584,0.08603166427613294,0.08280483983203402,0.1960592313212253,0.10849561587673875,0.2209021319157846,0.11377795949616074,0.22308620783863942,0.20025113322242225,0.2628797287924402,0.2406184600431763,0.6585750348894268
GRM8,0.02312949035345341,-0.006826020894855923,0.04172697767812636,0.04034300472016139,-0.0029725460242325885,0.038383521769459195,0.0618866361208732,0.05753604630012775,0.041834194575736644,-0.02408675711895001,-0.021253062603479117,-0.02148261797622439,0.03223789968893412,-0.007095256118706833,0.010592030290556219
GSKIP,0.08215673497282101,0.045797954589212465,0.019797966992254182,0.029469682417306034,0.0637593278010547,0.0512080292288426,0.058310506394459526,-0.01098779633247012,0.11517434617508898,0.015558886646613137,0.05048358296152489,0.05071884257683601,0.07659017653770556,0.05554453005840478,0.2236296393481379
GTF2H4,0.016113959862613395,0.02294525135900038,0.029464613069992672,-0.012625655313622112,0.011040531619418181,0.004059519563159497,0.00817139534402043,0.0013482149765068135,-0.011965446046819383,0.003627946199563488,0.04332116388111078,0.010036136138589162,0.03176955962468215,0.055856054758610614,0.12171350424249447
GTPBP4,0.13247257647197633,0.08629783106253071,0.14539667837527306,0.07960266947114908,0.08652598900282109,0.11965019153326463,0.1788452179044937,0.07333964427843831,0.07695349404796846,0.05245030313511348,0.05698002532416833,0.09971596731081184,0.10611781801517423,0.07760462980749094,0.2835434733284669
GTSE1,0.09123546075341994,0.027424187827891654,0.05929157041903623,0.03898822476566802,0.04631936146274611,0.016929095373464872,0.029964675959243278,0.025343806298607177,0.11271802141801181,0.03986961806381836,0.07202882680595422,0.06718754905336344,0.06263792271020394,0.02724315490411991,0.215922239868697
GZMK,0.21801030190825282,0.25002170941726976,0.12424404447307849,0.11488602561006754,0.09787905961033198,0.06178084368121293,0.09659271539499589,0.08059608535355717,0.19393257945494488,0.08167574222736232,0.11851175514284898,0.06887587324270164,0.13383969826243128,0.08331265885542906,0.26399538698510233
HARS2,0.09634144085804347,0.06693418136197324,0.07649013648459102,0.04186021103728252,0.06794835342458974,0.13765070804729926,0.1158597866305699,0.055602332924488435,0.10912136439761932,0.04057404215472639,0.08416425008685313,0.08203430629235907,0.033384793421604254,0.08496130271022316,0.20811176046994298
HBB,0.039483161306705344,0.05804811976419712,0.018996099304965198,0.02102366951687603,0.08426179284706559,0.0422638649590495,-0.010349367377810519,0.07093610279735019,0.007048962693529274,-0.02906065075858937,0.01829373615150954,-2.6366757984292084e-05,-0.034654102589207765,-0.0010401982213859378,0.04927001248698134
HDAC1,0.17147889402593702,0.11084749456395158,0.1165629222196564,0.1113658166994248,0.1173026430715597,0.13603894525685414,0.1906176447491361,0.06591787964949859,0.10081395877441153,0.022721526152197333,0.027517285704322436,0.060626731176663465,0.019499430194064377,0.03460045954485441,0.20035871427954854
HDGF,0.23649814385401605,0.1205498428979661,0.1831960732374894,0.09995443927504123,0.11653010777186482,0.13716617332896217,0.17865186849767958,0.09599691766789539,0.1874395733096747,0.07120004080388206,0.1511118745509331,0.12322429470833454,0.20709122475802605,0.15821501102873195,0.34513245351637173
HECTD3,0.02893112895160351,0.003784157971757769,0.024673706403683045,-4.6460872506662804e-05,0.036926114433560475,0.02557122340123678,0.049374190258683795,-0.02992249915129743,0.011293945017039793,0.0041980420071184715,0.025128982509263483,0.060855386690683626,0.057577227559549804,0.014696665163562049,0.017516662479709837
HEXIM2,0.049271742910182735,0.012119305409075756,0.09808414261371969,-0.012518036745916864,0.003943266421345927,0.02481296227618838,0.04696063388213881,0.008257172701687361,0.026031634834537413,-0.02200798895088978,-0.02481335554206257,0.0060480335167771805,0.0055853924024119,-0.0049931311058311716,0.09465728404691565
HID1,0.08105436352223383,0.06449212185846269,0.0978995091754576,0.0417003215569914,0.11087520374882907,0.14690061021220907,0.3278737220235048,0.108539929884185,0.20285019748438504,0.12448730843088397,0.14070613853072755,0.11332751489412221,0.15963834814817768,0.09185299738470816,0.525787296486219
HIF1A,0.049773293786487226,0.0015517819940840478,-0.02044913189313447,0.010503558562663957,-0.008194425029381206,0.025957079674215514,0.003118721937463269,-0.10442470423287105,0.1199304505226657,0.01043854085535918,0.04706024021825159,0.07191812311106384,0.02768517893668202,0.027788200656216233,0.08209394226124139
HM13,0.0805115323049568,0.005911620295549069,0.01546344325022068,-0.05121845004986648,0.14092870423149317,0.12749087117080252,0.11291534642587023,-0.006136957170709378,0.18802164157471432,0.08828097676190817,0.14862165408885514,0.11897709927888933,0.09550337951116314,0.1609985572990191,0.09816389507043151
HMGA1,0.18367179720742438,0.07325878006515968,0.0991850250716476,0.09073540387775428,0.11762107855131057,0.15086820774841458,0.3174090707921081,0.0953997020498566,0.17179080661608376,0.10255391609616374,0.15183256700041448,0.1611023021781872,0.13924951541636135,0.08698129027753398,0.255559540450951
HMGCR,0.23582952113211364,0.11055984463883087,0.17975708889758588,0.15291031633363167,0.09467723228857808,0.11233077685775156,0.18532836620995,0.11318071916538062,0.25912567768580635,0.15110079412678495,0.15586252202192669,0.1581149518870363,0.2096939182241023,0.1437833012357764,0.2950396637562956
HMOX1,0.1691425337437661,0.1633405650752321,0.2484729191773728,0.2281771885659345,0.12738494788826202,0.12341114556105522,0.2189470382068867,0.2424925382652668,0.14791907486548408,0.029909709881723673,0.02671658754180343,0.027482037042539858,0.05629050338692261,0.03386051461690772,0.13457898425015224
HMX3,,,,,,,,0.010031476749883025,,,,,,,0.015215762026428027
HPCAL1,-0.04263730404228011,-0.07707996449004248,-0.07198505034936556,-0.04439152961051948,0.0206546182893624,0.036340259683370735,0.06278265177639056,-0.030270811776832166,0.0008265686850880959,-0.014688846049217694,0.04432665739125739,0.025919381180812665,-0.0017402776501054126,-0.00020167866021700414,-0.10109435324269155
HPDL,0.12496816166698986,0.04394255733913338,0.13877976407551018,0.09793291183463411,,,0.023312183612299944,0.010070266268910204,0.0013099475268310056,0.0345434463579595,-0.015026546044103358,0.024356994836195862,0.054845768196502505,0.022233882256115806,-0.034858949147677905
HPS1,0.09780963270486918,0.0475471973437676,0.10964999085178864,0.008785124289703619,0.01678238249082522,-0.009733767105210801,0.03029094010740375,-0.03885601073239168,0.016215170144472626,-0.003583427592047689,0.014312876633951237,0.006930707152462131,0.04092128356181464,-0.010783740163944372,0.01825308570051439
HSP90AA1,0.09225484901265041,0.03925833331309941,-0.10463989532281592,-0.029532830445716758,0.16348716762222723,0.2069565540663187,0.2634435159452619,0.06944255152440099,0.22763673830639106,0.08258592119430547,0.1681497888119976,0.1822810493826619,0.25808892383574283,0.19326318178543597,0.5872705884033341
HSPA12B,0.06625949355976338,0.07159957150409516,0.08430646610495666,0.060061216541313044,0.04106421359145953,0.043014559617794865,0.05771256363390069,0.07899742803441827,0.046787595681501724,0.04678277875506788,0.021436576652583025,0.05229006467401969,0.04622849871847199,0.05288879280406196,0.24625668493878472
HSPA14,0.10596933445904169,0.08391401692968992,0.10982435600798054,0.06093961598750959,0.02656639116102535,0.053332528981297915,0.07948857180494498,0.052774809625661466,0.03106765645109148,0.030335888282496972,0.02625651945133936,0.0779650157973067,0.017267033846903732,-0.007249983618394126,0.07340211628374557
HSPA1A,0.21047921760271443,0.11702460564647253,0.06578392832506766,-0.03398196694935312,0.20499447814413935,0.21852477022594444,0.4516590464896955,0.262874031743834,0.29821637808125007,0.15628314314181607,0.19928712682170585,0.159019864699631,0.15943677647678856,0.12129455115897352,0.371963221786079
HSPA4,0.14201986752518958,0.040028045725963635,0.10859025895629637,0.06966081466744525,0.06669248955024731,0.08986892219098126,0.1072274241596705,0.008816984670724972,0.19153175410418652,0.08552873279195217,0.11934198621818454,0.10872880198948616,0.14625272104290915,0.1392755365030701,0.4112889559076274
HSPA9,0.2854653258402725,0.1907187101090085,0.22016235427617178,0.21678497052797777,0.17308110224761408,0.12643590975203212,0.28393603497864467,0.19900827787493877,0.27951239672038286,0.1344491946153587,0.22312916783754455,0.20405319559430593,0.24929472039797598,0.201483967646378,0.4836928156903728
HTT,0.16356357512442227,0.0963379146951111,0.11297043930728395,0.06715783840510509,0.06671668251392972,0.05329713610259431,0.137651056807048,0.034624403569089,0.10107021065128481,0.047127952161672086,0.05133947545300698,0.0841898095694391,0.05689657741408033,0.06669045135582777,0.30235746411500086
ICAM2,0.1715631063928766,0.13110245698345452,0.14141982170403875,0.15805512515312659,0.04035505263952065,0.1126631197337356,0.15015649933075376,0.17529212862935917,0.1600665416930449,0.08101202758408439,0.07692853615082318,0.061358570535870884,0.09159734562704745,0.08196418355035962,0.17140412940626376
ID1,0.07847578137679362,0.0876179740212157,0.09166227575487433,0.09781786558013866,0.028265706474996412,0.00037463474727356057,-0.006970889448610661,0.158296973765692,0.14129170720890652,0.10469213558890376,0.060441058762520386,0.07315347276730184,0.10241903324099882,0.08972182707829399,0.10265780726686645
IFI44L,0.09296226624187034,0.10260233766122054,0.13850869605022828,0.14175041710593053,0.03187253087920202,0.011898028943408264,0.18176581133064515,0.2262310451600507,0.03623067115288391,0.04947524899235235,0.03485953043495594,0.039279468653266696,0.04636917812274525,0.02881349902749907,0.16298288181083354
IFIT5,-0.02977226714841518,-0.04224460813965505,-0.003736207982410283,-0.030156010194533556,-0.005508595256057732,-0.023961404838072072,0.05346871025837848,-0.055104181343302173,-0.00919019549673042,-0.013505771266709316,-0.061321921179149426,-0.023822839429935617,-0.034735660033089054,-0.01654849388678569,-0.04790991967213293
IFT140,0.15401272341374606,0.12286818475365398,0.12018691258569682,0.06056192363660785,0.08889152226542857,0.1167047788279717,0.20097709197931551,0.10359754451336692,0.14578794269059964,0.14632914784001808,0.1389035149410976,0.10603916357267222,0.19011553557130825,0.0977617291175086,0.04929271753517521
IGFBP3,0.16765040966606745,0.22096735412581264,0.2801508216692518,0.25000541698258466,0.12533422272801018,0.20975995911534534,0.1741749968095526,0.2573287873591826,0.287047183265135,0.09956449932336937,0.07492425911006914,0.09746057507434268,0.14017757512544135,0.13429550596123352,0.3436175766960957
IGFBP4,0.50391010374249,0.45688105113360405,0.6087429793666574,0.5650033352334615,0.25678277516344034,0.2678260802135277,0.28783310439319204,0.39874139437944844,0.523744180421384,0.25038035817806736,0.31919906646971613,0.2717843609945273,0.3024536087651406,0.2447769447552019,0.6964073638059046
IGFBP5,0.17646564236335205,0.20109853792991333,0.23724147551467292,0.2443777546067173,0.11809092009823433,0.14829622794386768,0.2764467484414658,0.29171271024206474,-0.22359436596228682,0.005615005517751835,-0.1725514943667605,-0.21286258523452348,-0.14248838905872258,-0.1742144575601702,-0.054418743090549934
IGHA1,0.35283934038248554,0.35565101781801006,0.2445298438000529,0.22683265067986033,0.2309035431629545,0.24991535737786286,0.4437429160259071,0.3284241467014936,0.5134094133751217,0.24394815523339047,0.4131676534968248,0.4147857419869214,0.40491822126065646,0.3493756275905117,0.3934971719139647
IGHD,0.05055953561141868,0.04212161931086249,-0.023191095691146368,0.024959713825529795,0.06398635839451008,0.0413641070508856,0.06416048488133727,0.026784858950224335,0.10471146992758742,0.009927073211617026,0.046641593899019056,0.030670728293495524,0.03582218339793828,0.015341936267140959,0.11619531515612956
IGHG1,0.3484195301163231,0.33337865304228376,0.27333488012975754,0.2375517976632041,0.2614470377652948,0.2967448351189138,0.5140656646237836,0.45172692034204914,0.4295662634813998,0.2112567659297736,0.3272106122870627,0.30375295863333013,0.32145326401057667,0.24446361076824727,0.48880873413095427
IGHG3,0.31829334107324064,0.3128370501332379,0.20162540558430633,0.19785189619313118,0.23845584832745076,0.25792974685453646,0.4043099029048453,0.3873349701434569,0.4006078373624586,0.2070095479385776,0.3112279843703384,0.276110474235582,0.2821830711924958,0.2413218005853307,0.2272264492284917
IGHM,0.3771452978803601,0.37638164291877263,0.2579425934716018,0.26004505158260105,0.18249838190750706,0.20993839473650572,0.3289141982228956,0.28456916118576764,0.4452454349437259,0.24333673974401127,0.29331336571833666,0.2846914857226079,0.30387624326361706,0.26696479223666864,0.3093326640962186
IGKC,0.46765432230112325,0.43755520611537035,0.33088924661642843,0.3226332653431743,0.34455014559269637,0.383835768202506,0.5588736124069785,0.45266557892410697,0.5307148940868011,0.3031509998309137,0.43185231116998546,0.4216696983703653,0.43800689769927637,0.3943902319429011,0.5122343780915413
IGLC7,0.045217221388601916,0.077014239400272,0.017922466380978924,0.010702283993559136,0.06713635409855985,0.07230323749688906,0.09999784931558417,-0.010231324095177817,0.1546369386160083,0.05762451334333375,0.0768995375642405,0.06860695614109674,0.09949528855189951,0.03641606802598295,0.030510827063631767
IGSF1,-0.004631444494769347,0.05332820123049573,,-0.02164423483623084,,,,0.027701743995541785,-0.0043887530439116395,-0.0076050047477399735,-0.014498511276538655,-0.004065526040656942,-0.004510136044275097,-0.018666912230809164,0.05064287716121253
IGSF3,0.1563201059020447,0.14083985928712195,0.20322127799270148,0.1545882403323884,0.14968297697496774,0.15028599363570497,0.3400938066299784,0.15504597379487645,0.227054923821825,0.12084154736054135,0.17857534590247923,0.12940596493704137,0.16796766580139558,0.15641857471015222,0.12991755698915625
IKZF1,0.21015622177477966,0.2519731259049507,0.10835185738185835,0.08447650200834494,0.08095909725509261,0.07517708150379093,0.11795764866568062,0.1261612324840832,0.18640440337597802,0.05334844089157091,0.04917228308708298,0.0866554209728791,0.07653400985314102,0.06799922477847177,0.3926102147780621
IL15RA,0.15410860817203648,0.15276312587197086,0.18876828790425182,0.1930855697599134,0.06385162113767605,0.09363555406861242,0.08427172709541564,0.11317471583538567,0.14183558608497798,0.021949489733283863,0.07033324656025573,0.07383661729048684,0.027418838018999407,0.021271017289113934,0.16339541586490391
IL2RG,0.2679448801610952,0.29312134250018335,0.2550911405022637,0.22032793952249013,0.07031194686418511,0.10232047564673626,0.2118398114635376,0.14668064706558862,0.2366079712079683,0.10242058978712248,0.07921511938341057,0.10923653305512293,0.10498437309418487,0.11765195104688864,0.36313236319199804
ILF2,0.37222600583703663,0.2545917481428879,0.3141393342462923,0.24475216212799952,0.08060535249566592,0.12874344016384584,0.29986093550838483,0.16296713932965462,0.27466337377265726,0.11332264080532406,0.21962341108756767,0.18441350722212668,0.20798582706673005,0.20704919740382532,0.36906595840226525
INF2,-0.047402774735022135,-0.074683389204012,-0.08702673165493127,-0.08313627092925739,0.08904767293768985,0.07192657961550246,0.24169581179196484,0.01511310717789809,0.10919021042887192,0.1004601677962787,0.10466849830201545,0.09426098968977945,0.1048592569918052,0.05122345537273817,0.2121495072730024
INHBA,0.3225645614697612,0.31685513071515575,0.4413032425279673,0.3863413118848182,0.22788273018292535,0.20423320855034047,0.3783659188757323,0.38567954395754095,0.3617005797831757,0.10333282224435592,0.12156302324494951,0.13874908267432262,0.13814125081777232,0.1437585426924448,-0.009356431354037176
INPPL1,0.17763054368823136,0.15196310787455702,0.13442139721851884,0.05977484990324045,0.12080630549390485,0.1187165110096601,0.16962661376306537,0.019522253704332422,0.04908876025522902,0.08006550282429618,0.11332296719329596,0.08419832392913558,0.09861159166751687,0.09326966323610106,0.2916942716403741
INTS3,0.08845780392899158,0.08662294176735855,0.06756497685116272,0.05209038911618947,0.0779059875303744,0.07360267445292289,0.1382309843284319,0.09781994302225915,0.11049997450264328,0.05327151369896826,0.09873649765298166,0.0831535823809485,0.10713738274714274,0.07969863311194562,0.11071911136835463
IPO4,0.19416503234592197,0.12709126575460938,0.0784109219565303,0.1101205400432546,0.09269005085177824,0.061641267171108564,0.12565277312192755,0.06539667392521528,0.16567733268049106,0.051543418388606474,0.13284706621871098,0.1379444102324649,0.15555593804298332,0.08634846538061562,0.11973678506633023
IPO9,0.21617326339957216,0.16307877321522826,0.17965024172265542,0.10169258833174176,0.12050447787017719,0.13398961669273018,0.16861894746914177,0.034222193344054755,0.21536218587664221,0.12524705388422738,0.150214238455272,0.15681729391205815,0.17812393752324912,0.14081898891294947,0.27835911619579207
IPPK,0.13111307752193455,0.10831628455799586,0.09948127806672194,0.04881745669165629,0.043425910868867414,0.05830579099114058,0.14645768945944196,0.029495594496236732,0.08936778655701431,0.030569186540413906,0.07711947687294743,0.05792137888954626,0.07415461425725697,0.08419888884631502,0.2249328287496623
IQGAP2,-0.048428757635706726,-0.03329431263838365,-0.0647781578354654,-0.08115394701116999,0.016804461724980624,0.033107423536119736,0.08359304508438495,0.03926447925210793,0.02624790806167447,-0.022030022624768327,0.01046767090702419,0.03681049463034597,-0.030692625254161467,0.0342588316441227,0.0471776390042453
IRAK1,0.14292462468783002,0.04763441352366705,0.08021630148940077,0.06924573587859126,0.07701866851591005,0.12581536182198072,0.12358827324456483,-0.03828248210957404,0.032503605345291495,-0.0009073033043131037,0.0700488235177783,0.04014477322915733,0.023715595095800415,0.041588193090378714,0.10136515383718889
ISG20L2,0.06367875346564625,0.06900901460418497,0.037601379158834124,0.026475070557348317,0.06397021834215535,0.07082122370803436,0.04817061721465331,0.09024392680414138,0.11641237833630337,0.058776873503397734,0.0532415334384488,0.09162797300712501,0.13211648217235578,0.14604232959988067,0.3356064355141457
ITFG2,0.08161971267041115,0.02873743343506517,0.08440870872625349,0.06900202012605769,0.03864798240952982,0.051842338766873275,0.06519200631014271,0.04330426416042455,0.027016645845036425,-0.0033443032968582106,0.028608531142301778,0.020977669900595106,0.04132242526818718,0.023159935968665,0.0005417048225675371
ITGA1,0.18097042309139194,0.2055792958666873,0.2144485293642837,0.25233913511445916,0.12138319096507262,0.13363845715980874,0.19586112391459923,0.24900209256252823,0.12097010528185041,0.08019068721103259,0.05894631057843126,0.05143371587035492,0.0485582703455135,0.05650165176924493,0.17270425316074392
ITPR2,0.08442950538648453,0.028452312402469867,0.04640305318547669,0.03811386037414607,0.02327089874219773,0.0031304009312801903,-0.039887856386702406,-0.005107599844332614,0.010817558741058999,-0.01569167535240111,0.029305453236596946,0.009714078934566113,0.08580423791769967,0.052485620860228684,0.21710178566946076
JAK3,0.2638011964635385,0.2653099218051568,0.2143786517940972,0.18800593712408098,0.06670076120183611,0.0620283906797544,0.13484560482066058,0.09036263898323349,0.22736812383790683,0.07970246795049885,0.10015692313751126,0.14420440986840447,0.12229072531926519,0.12302800023218194,0.2989441119776476
JCHAIN,0.3231283025285203,0.322322145562467,0.20582829695512597,0.20566806768696047,0.21528457528824704,0.2240500706951236,0.2927299999878803,0.25582268849897905,0.41756551218372095,0.21896381090796585,0.27581184386636526,0.27818586307985904,0.2942357308675586,0.24172610354089719,0.33577674568098614
JMJD4,0.08595324554004888,0.007225494548517856,0.023239950259921555,0.029404833605745393,0.05939833582543572,0.049848609980756124,0.12124859945352702,0.003761912317085437,0.17302380092272057,0.11828721907014574,0.15783106698769744,0.11010073345557328,0.1653254219844789,0.11293160519230552,0.13055861210638878
KCNJ14,0.02346185041527597,0.018491496161309576,0.014848233910761543,0.054026285799178474,0.004358020342849923,0.013987235846282222,-0.0093852144495309,-0.024764109852913104,0.033954552887661256,-0.008423871261795932,0.02288169261595656,0.003942310465415748,0.004741483300692958,0.009321182888332821,0.035546162752974786
KCNJ6,0.037540455786236576,0.0473884880412658,0.05032444348917907,0.07765868258742349,0.023085607012624236,0.025678242404633716,0.021724477864281586,0.018134767149934387,0.01896167678870531,0.010912609016390956,0.02496760345186394,0.026332529971260583,0.033298297558141815,-0.03265997343514683,0.030518583523920673
KCNK6,0.09837944432859422,0.0809417135130189,0.13336596871082007,0.06951264037649676,0.044625185076062335,0.046419604960607604,0.06064962218685567,0.03780725431147192,0.02266412558040483,0.03437652002632187,0.019168324668164753,0.016409130628008806,-0.05374982867186423,-0.02833200431778727,-0.08312464332365266
KCTD6,0.033362366730448456,0.007163089353210092,-0.0019378297991141822,0.03260586550028728,0.04875156402181073,0.07188934269283201,0.1752436674671447,0.09181208094390786,0.026175489991935724,-0.010465282001702504,-0.0038978555574703698,0.033801400394836,0.04720306856102588,0.018926549210486105,0.2776887493003337
KIAA0586,0.04656424679288929,0.023701665605186967,0.029631408689988353,0.023810986054363655,0.044729720272654615,0.02467134637685741,0.01897099467282604,0.03233258075327931,0.03963501897214986,-0.003503725078589164,0.057856957447410526,0.03513194340370166,0.046189146199574704,0.039989933784313904,0.13757919707391497
KIAA0825,0.02180652104694012,-0.03380568985713665,0.014897105345191638,0.048465463785683054,0.027693371951947966,0.05641692853728788,-0.016131369987260617,-0.01269980586761149,0.019218710100431167,-0.009190305256803664,0.030353215465720625,0.004778708714945259,0.010933369100796925,0.0017635394996300413,0.10665358371484018
KIAA1143,0.1416630095080598,0.03931235759698875,0.07128667153012744,0.08634078530997548,0.07202273502247082,0.09072220697897677,0.14446984752071543,0.06651989654621761,0.07855135112244709,0.022359958300297102,0.05877114730858997,0.04638615543379582,0.049281018696012216,0.05819649667890425,0.2417325993565907
KIAA1191,0.21422031144445586,0.11952652359094783,0.12935068977310682,0.11406345906935395,0.0424380775823449,0.0654063267539008,0.019024241990300308,-0.012089181163150725,0.04945610942990761,0.0039126111263966205,0.06279052872456753,0.0694542399700391,0.048387035767792706,0.04732360206293474,0.1474307465491203
KIAA1217,0.07045202319671842,0.03330285261057157,-0.010223897830722407,0.011842566677653632,-0.048024713559285594,0.0050650725724868334,-0.01216627113005473,-0.014887489263415843,0.03873198018258262,0.015365571909458059,0.02890283219840211,0.024792098728769207,0.04176879500789357,0.04396907433423044,0.08124837525119925
KLHL10,-0.0047146152659647235,,0.002849770130657902,-0.020206538512462565,,-0.01836562575073252,,0.021930928773421156,,0.0221715162499101,,,-0.021836308519017668,-0.012386820650560286,0.03137651810509309
KLHL21,0.21753635450177944,0.11181415631438588,0.15919931131476983,0.15123461422379,0.06454263161672685,0.060870035978714765,0.0118345645031401,0.024930211384267566,-0.025906476348582647,0.005221053991200593,-0.008139465073477516,0.007602585991950675,-0.003053364560027139,0.012955960113790388,-0.09503665909768794
KPNA5,0.008541627647567045,-0.0027278847209045954,0.010467348185719401,0.02830877841253108,0.0049153451393722635,-0.004997767370731758,-0.02764749553013946,-0.024520876841633493,-0.00452642322283377,0.01415601386573685,-0.026540194891307083,-0.04145064893866224,-0.0007127757688078026,-0.055368773846329274,-0.09335346100308228
KRIT1,0.09181467712212496,0.06872013010249194,0.09526068712440991,0.05457612706004835,0.010318558712139797,0.03393573121233504,0.04643096933713767,0.04037555202570516,0.008168783457014727,0.01230170711921442,0.05436743878463782,0.04134913564908004,0.0016090841952038516,0.04744004073344193,0.12072523163283586
KRT17,0.3685153017473708,0.2661236878201772,0.3205952949547109,0.26261160546582407,0.009909336167752414,-0.01901302277143216,-0.07243677451538205,-0.1252977682407087,-0.0136605271361756,0.006903144325173793,-0.02136301124763066,0.038623325864895364,0.05368786682635048,0.027079567156878658,0.11033724312985752
KRT8,0.49346831092595067,0.3272352867516102,0.4170046755705856,0.3338938114169857,0.2597552473857496,0.26023882254216235,0.5631584510360622,0.13705307812366366,0.505245484484867,0.2878803444108025,0.34112786062054123,0.33134785152705687,0.34531261932039514,0.306959304714871,0.6517285475527308
L3MBTL3,-0.0509290186746935,-0.025787105177218758,-0.04599519112526669,-0.0070232207814412695,0.031917372669169046,0.010334825328718739,-0.031383026278585455,-0.031130969815566616,0.012831830425347877,0.01680290433361096,0.01815308632775961,0.009731648846554168,-0.010038972502501638,-0.05078045839299417,-0.12908415130736095
LARP1,0.12970268535839374,0.10129427780964964,0.12547879636556994,0.08899151185607689,0.08065714924019181,0.08352720848376459,0.06634021391569389,0.0074686522807903034,0.162413551335739,0.120844769836228,0.11349423239265807,0.11289483131716409,0.14170796095349705,0.12806988858063778,0.18457136793835002
LDLRAD1,,,,,-0.004424853159557304,0.061288385591922255,0.05260188972069031,0.08252380585131977,0.03175208445331098,0.041152244860693195,0.0194568195577046,0.0440466657629889,0.05602409753761682,0.015391958792772538,-0.0029130786659688837
LEP,0.020654606604090544,-0.023805452465833998,,0.011535881980677287,0.024096994156944204,0.012082868936076794,-0.022513774360418248,,-0.0277659916711673,,0.0004086811866246967,,0.009046495458754278,-0.007290846457233169,0.03765671107228604
LIMS2,0.16256283429633697,0.18468971136992554,0.24221430045465617,0.18787974769871962,0.05238348913306668,0.07211024255382374,0.1416520436731136,0.14472429284654317,0.1412719819070965,0.09717768395567956,0.12674274684161363,0.10430805024531592,0.07832589723826527,0.07350916238459239,0.12269824163589178
LRRC46,0.0538877444263129,0.030825007367138117,-0.011654972375497806,0.036230979347249226,0.043379339606008184,0.024279886901048296,0.028535705887018023,0.015777009593451314,0.06691168685615773,0.07468543184896048,0.03942398720460795,0.022962435603048528,0.023889864389346264,0.01630060543483575,0.011616124771255976
LRRC8A,0.2193228212064734,0.15578832542709906,0.17973820538590154,0.13226221891865625,0.08083313218470685,0.06521341251662412,0.06157297262405591,0.0020633403220518924,0.09303652376716698,0.026688669156591804,0.05638994625052482,0.06593278833320378,0.09027732477226211,0.07769175130517324,0.057899782993396355
LRTOMT,0.05004775518092908,0.07107548195128703,0.03275342362682514,0.07164653016281297,0.038247437503060956,0.07907459870728387,0.13312444630918632,0.05708012527253936,0.12240296690103811,0.05504183986555462,0.08081426708146616,0.06482801028281786,0.11077243864930438,0.09637448446371197,0.27348238087834154
LSM2,0.24097384714241757,0.14900570289497406,0.1800104191630675,0.2091988126017044,0.16119958321532277,0.14218212846996836,0.19007336823983376,0.09487885886414381,0.19196276889245567,0.11446651455504474,0.12633988844234484,0.13732759092475844,0.13796999281442815,0.1605125363870386,0.17997111540092967
LTF,-0.01066393133692887,-0.043048966586179876,0.02714956968700048,0.039555139175239784,0.1447898675460268,0.12389737101495617,0.24203597192989346,0.03311780681902393,0.2887680870073109,0.11308834643048754,0.11525682552433256,0.11565494066496915,0.10169244399968577,0.07306858095544862,0.07249327408384307
LTN1,0.04974429471349449,0.040595128708326426,-0.0057558685687515865,0.018253774485804144,0.055108845443673726,0.07198051662576814,0.08217305416426424,0.03280804250447448,0.188124049485871,0.059466028601743104,0.09196609326341809,0.14127212351999482,0.12519160146367367,0.09828429693619303,0.005359375516898213
LYPD8,,-0.02587811712481701,,,,0.017724547821924532,0.018036305179208366,0.015389029567000853,0.004481791631307913,-0.004335707674664066,0.032963592537610525,-0.01453835210221563,0.016290373129313286,0.0104404674948931,0.019855317672802943
LYZ,0.4823262651968013,0.4485700076477517,0.47569426623394895,0.4741748555176249,0.2095116012799876,0.18984284549378602,0.34106579993190844,0.275254029760979,0.44194376890536347,0.18077054897173003,0.14998716004761278,0.1297670867611652,0.1376615447453225,0.1257282098260169,0.41253632006521346
MAGEL2,0.05071119839752987,0.019565935562444323,0.03132316850475416,0.02286716695626025,,0.03292537815214636,-0.0006338570890615443,0.01518212146197708,0.03513756876833287,-7.512623804542477e-05,0.01749578549569538,0.005335166397084693,0.019924353467411622,0.029302623379033478,0.045879154768103794
MAP10,-0.021315602353626523,-0.02098116449826066,0.008039183409001222,0.0054925905927109345,0.02280228158582963,-0.026705944503235424,-0.02092217150280104,0.023799751387040886,0.026510982969560934,-0.00038625501337479856,0.03828262569044987,0.004452671611226,0.024450379139311213,0.007939479313510982,0.11963096884243037
MAP1B,0.024631007597874913,0.03633860419813505,0.03830957979096832,0.058830040411010934,0.04479684482890913,0.10837017625645873,0.20579277198021126,0.14839634410519884,-0.020503752222501448,0.05196124073644887,0.028865123348546427,0.03647425678341686,0.08362291565097826,0.056591968606072844,0.06327749265583157
MAP3K7,0.11833818458593962,0.05345137905876548,0.04937801325363827,0.0435226750363403,0.05981346167445125,0.09026755383141596,0.12123099702961963,0.05539069759283549,0.08160694423141751,0.012662348825830018,0.0763962788031394,0.06874456206799638,0.05306586794320925,0.07789867452164885,0.18451291805650122
MAP7D1,0.03631876184967486,0.038712846561605244,0.07992003693688206,0.12749686936305007,-0.02974135018268314,-0.022186126170711536,0.0678267285875966,0.0857347166172381,0.05063637814014249,-0.02509158435613177,-0.023496109601954224,0.014371699800086006,-0.030513777491374756,-0.020159781559348302,0.13498330605465608
MAPK11,0.08021973680454142,0.08836349786958278,0.018887864747975436,0.025381491641231907,-0.006140290141091311,0.020687175923223042,0.05816074366607968,0.011462373362402163,0.03128041176429565,-0.02332077955157751,0.002203728830799268,0.015151248920120838,0.029327245119953896,0.0073919352211277555,0.07684933550930152
MAPK6,0.155718114689666,0.08526095892655448,0.07963201825321209,0.06739295631347537,0.049028077786473466,0.054003962646810254,0.088018067248431,0.019293415973972574,0.13688503603079247,0.03834667513033175,0.08714229374267388,0.07740701302846582,0.08390865065918764,0.05513823868904472,0.4133414914254744
MAPK9,0.10090086166780421,0.05795853319168112,0.06203860196636626,0.02188982765354771,0.07842533567182448,0.07883921506378615,0.12559553036623475,0.03637849223271491,0.16508349090309843,0.04903029756249101,0.08411109813327254,0.07848266132949663,0.14051995135950512,0.10743936162964238,0.3941113827182761
MARVELD2,0.14092679932290741,0.0697279207731642,0.11143245373004002,0.07860139879541714,0.0805795739646973,0.09640110196359768,0.20832426965764808,0.09229088333488496,0.2261463935461194,0.08233587855425493,0.12923987657624586,0.12502913303990756,0.13029135202624434,0.09488672979849294,0.5611201570865113
MBD1,0.2563450160363857,0.1890138905947358,0.20409758102359407,0.14474296159462355,0.009168180373794525,-0.009107532032494748,-0.03302461379730563,-0.08345958514343324,0.048821173770900866,-0.012746021542834737,0.03744460462855781,0.004600491226367342,0.03109700102102995,0.016653928120531368,0.10523322647900893
MCCC2,0.1782657813506845,0.11311356928880234,0.16387931361323826,0.14651570711229345,0.15482038695833528,0.13974245901188292,0.28626469466221205,0.1257978631975316,0.2550684550881454,0.12284117284120723,0.18625051535505643,0.1385730342345605,0.19977290343360443,0.13625700582846292,0.598173686224581
MCM7,0.33679870531856615,0.2509902166565558,0.2779847310019124,0.2522303275364286,0.11731864033741926,0.1323762864646426,0.2858442943880747,0.08836183475499036,0.15574095586419762,0.12052964915101469,0.17130110203517054,0.16866532187142802,0.18223603610425326,0.16138357632054928,0.4432851823532902
MCOLN1,0.0344507397454414,0.09550401591604009,0.12168119714640725,0.10705115508126178,-0.03936038617605689,-0.026533038781784465,0.030505610849165324,0.07725668218309685,0.03918397002426382,-0.03300239764199149,0.003413625471139818,-0.006011015676459008,0.0028486272152216147,-0.019415882235862186,0.09254439137309672
ME3,0.014772637538575667,-0.03550427605440416,0.042915216315571145,0.03503004602590806,0.02465896469103574,0.059676703241060156,0.03727517801387596,0.08468038323063151,0.013974386263104637,0.004061544531399792,0.015238662069182573,-0.008422311024489008,0.003134725202265125,0.011338119173103922,-0.061737553643281956
MEAF6,0.19832944360099464,0.12172906805212722,0.15293880978642665,0.13033729662119503,0.1075765621004084,0.1688970226106919,0.32653740862930647,0.13353654551706953,0.1350341603098678,0.1232004278310362,0.09741099893479903,0.09673913759014033,0.07645745553331657,0.09692416609947861,0.1119318952363963
MEN1,0.1325182319458514,0.08386469646739997,0.10554935891266938,0.06698308038058341,0.08756348840211424,0.06919238642742004,0.05110890439839649,0.006577706506734271,0.07016843467931129,0.08683290189737809,0.09023671412273772,0.09203991105329262,0.04677506445244574,0.08774594849333643,-0.00218890802128444
MGA,0.05533353685753459,0.05396671626599268,0.039409686042017,0.03514355923329467,0.05626996217891897,0.03566106417153402,0.06540149960432187,0.036948850378207915,0.05476427157913646,0.056482752281298156,0.050428257612119706,0.06166075573089154,0.029838268061032888,0.053646936449277115,0.00016831530003999333
MIB2,0.044455098376324456,0.01592599934585594,0.035503460406327424,-0.04315594804892832,-0.016717274543844945,0.008413162876752329,0.007780748617541807,0.0031426230087444737,-0.0068981673213462935,0.0035936365773693428,0.009104356144920108,0.01919152125833178,-0.02143399090449856,0.014290293331229517,-0.03689715504539791
MICAL3,0.221711627094946,0.1435384211940092,0.13684740170265658,0.1442539676845485,0.08899822590447361,0.09224246162309245,0.1656661527634216,0.056357206291743574,0.10889055380091307,0.04891385755966926,0.0767852139998517,0.07213951211460133,0.0804095279819785,0.06518955428846887,0.027428732848098308
MIER1,0.021912244397996383,0.038212630718104205,-0.016297150497759507,0.015461210491176275,0.00279683525494986,0.019587786190784866,-0.039835628852839505,-0.006640164545386474,-0.010038179613407089,0.029435840533328757,0.00042249260704054544,0.0004915752829367536,-0.023588514150888633,-0.017354658482291847,0.1310700775558595
MMP1,0.28038268065589156,0.24075054147253863,0.38944709609795936,0.3473027266132575,0.07109792590299557,0.09810895137352815,0.03047601625549122,0.19015320427703283,0.04534090029408131,0.00472127805911778,0.016500878977007152,-0.006065195240074803,0.0013788163302753437,0.02903102051127809,-0.01869894654157832
MMP10,0.038131510896309014,0.03520474603472734,-0.0023070839586012805,-0.023825833257647065,,,0.016126080624181548,0.06364996706020645,0.016088733169270904,-0.033554372893151774,-0.010766579743997022,-0.033551676876435205,-0.0195076246093794,0.008002098495439699,-0.020868483543560967
MMP12,0.07464159715674126,0.07833778037807507,0.12236718602382522,0.06787049020311951,0.029579878208851208,0.022159965226094425,-0.003014717850785431,0.003796208805845119,0.04369053033831499,0.005497898068798469,0.043877054769685286,0.023552942468502303,0.005829587523523733,0.01907575048138117,-0.05551790590624167
MMP13,0.11364363345749623,0.1388935877670453,0.13585478714075955,0.16749308674246718,0.08966235841676247,0.09224858986215838,0.13783604544041453,0.12095715671200881,0.05530657909547783,0.009272909285227301,0.0033788403645662254,0.004988725835832338,-0.00023160208798758182,0.027854494678055158,0.04766970761988539
MMP28,0.0106431180519036,-0.010659072150956309,0.02296672467373791,0.011911471067460674,-0.038106279033021793,-0.02190348877935366,0.008489194368355461,0.021792147596083535,0.012073638165770435,0.018312782887460764,0.010761400449079594,-0.002588546722059401,0.0621665949806035,0.008655368735379193,0.004199817877063947
MMP7,0.3402845324821651,0.23475913724923217,0.3074923439496652,0.3238813796771532,-0.015050116094695793,-0.03488194704479365,-0.012835843307011555,-0.0835753544282416,-0.12050142155207229,-0.02936096727439488,-0.02917172802339019,-0.01132209596569524,0.023898648140062942,-0.007000754298763587,-0.005422734077789004
MMP9,0.27289173782965886,0.2311667724381303,0.21877260868043868,0.19031135481092712,0.07311788976704718,0.07100905008621274,0.10774863649259524,0.12655821958067312,0.26377662894013787,0.14685487977373216,0.13475555803617684,0.1335906161610891,0.1155385186494203,0.11249392002372349,0.14762948191627795
MPPE1,0.17448217699553192,0.120998224483693,0.1327687354024149,0.1414888906876902,0.0557558125258817,0.05494530762530897,0.05332068363252193,0.04107063559035255,-0.01897313083249321,-0.0011868600765789943,0.02816854784018909,-0.014376377109720527,-0.022963120266294632,0.03400931828935436,0.08423838027403491
MROH1,0.08203313689711375,0.084554458789166,0.045636973457826566,0.046767530902673674,0.06116932510345274,0.04272607062278221,0.12743007101236886,0.028156089629270676,0.09429708942881454,0.007372214563908965,0.059041119308950646,0.0813744543124818,0.060906308280912314,0.0249674487044926,0.2896396352481425
MSH2,0.19350129110510766,0.1344183986272171,0.1377693899394307,0.15232840601941783,0.08396263474213203,0.07399986142676322,0.17045693537209158,0.12863700867351757,0.12651965579018595,-0.001092384113743774,0.10442228173701865,0.10096637573849675,0.08192026416495285,0.09118710695418808,0.40461719253740247
MT-ATP6,0.27054555532953445,0.16928716645937625,0.37831317264042713,0.30586503102799734,0.09272392996077262,0.05399262303989829,-0.18775464690510157,-0.18338596292709142,0.20686653804959573,0.045940096018134105,0.14322525122636662,0.12102153556281345,0.13721165370794416,0.1130100888531113,-0.49192742777127185
MTFR1,0.11357097401180846,0.08503658573310267,0.09700669681454124,0.0933005098447049,0.11380574058032444,0.09926380188759588,0.14976045300289442,0.10738954993583644,0.15036833269047645,0.05126036674204576,0.115303061739495,0.08739315814866935,0.10412301936527545,0.08169775475883688,0.39315103976772303
MUC15,,-0.016782060232988318,,-0.013874059198487367,0.07453721796967425,0.02076305411126738,0.01904843830158565,-0.005077465434659877,-0.0017267004713905861,-0.010549745559655299,,,,0.031558995784083464,0.041404458243780806
MVB12A,0.02905682030422794,-0.00189033675604083,0.00238937118911811,0.010080392453771975,0.017055085675546693,0.057727398711791174,0.07897491624262984,-0.012551288579449756,0.07292932957370722,0.011771145633210559,0.05434938413209603,0.05566028394081675,0.08296598766690903,0.05644594354746841,0.26166995457837827
MX2,0.1166912717402383,0.12319925237867371,0.14373794229983497,0.1541742279789938,0.09301918167956717,0.07118673621912187,0.1171236915421472,0.15316984736354344,0.1601686431065844,0.09018854619319029,0.074997470176058,0.04988525638877657,0.10411493699139779,0.0606395521210372,0.22418492081078822
MYLK,0.20920306097381414,0.18306762484855438,0.23513902949991503,0.27843704122832225,0.09661568756205509,0.1157382893077267,0.28124818940297536,0.23792153044009923,0.09253820199846721,0.09612380285207794,0.1110815848640048,0.06307703672845043,0.11806325540711486,0.06923639605172037,0.06463245112589219
MYO18B,,,0.0008187282574414824,0.0024986848848841552,0.00010588310360996191,-0.042680316377191954,-0.024492217747733063,-0.01648447504022346,-0.0008907138999504684,0.003181318825265126,0.04006618462784746,-0.01553513879642962,-0.004236403025554055,0.03257846866947537,-0.011930445678652412
MZT1,0.1682895787345673,0.07186626140862508,0.10425618286979511,0.12181296623696437,0.10551990478196656,0.13494659090647426,0.23157404462942305,0.12399444838333377,0.10062969872508538,0.04629834051788759,0.060537838576308595,0.044112849102798134,0.08995484900189948,0.07590990427628706,0.25754654082919737
NAT14,0.2080128439973721,0.1123022976589137,0.09334576995662182,0.08529667865438137,0.07298697775565695,0.08661635317486194,0.16509531925469356,0.02746173485747237,0.0526570725470743,0.04934240361841895,0.14120521841270778,0.09249858191655233,0.08115349081944852,0.043378430936583785,0.12252128028272156
NCAPD2,0.14956353295686192,0.09112042425173092,0.14853825161486797,0.08846743168635346,0.05747508361318947,0.07869849855612629,0.2266226341709933,0.09996937133836652,0.14952093234658925,0.043104871352255575,0.10461530383105633,0.08686549232648942,0.12732351067408493,0.06968071198966924,0.3242635188357265
NCAPD3,0.12486981893946059,0.09073686818043433,0.109805546113512,0.030652893288727934,0.04133727870340135,0.05439190514366797,0.08556093612981464,0.04135242665034016,0.1430416929261167,0.10252649595547249,0.11240010741247851,0.07580591609362991,0.10402879635975712,0.09364341416649936,0.13777102512751419
NCOR1,0.03862627933017927,0.07058667821775981,-0.0001519200911342581,0.06902236331754466,-0.021380095994758753,-0.018464492869222675,0.029843590325802624,0.031959075706555186,0.09106199084833888,0.0714295051638085,0.04323767944151566,0.055001773543733326,0.05193416666797802,0.028584467301359412,-0.22583762229488913
NDC80,0.16530860955720483,0.1158070157720961,0.09551770787505288,0.08264684546117479,0.06623474592571937,0.03850867163529801,0.09791316347469593,0.010003552551656938,0.06251301844264237,0.04647171174710118,0.03653358067675487,0.01754712433508481,0.037711277985571404,-0.01862702512784744,0.3027214088483182
NDN,0.13551895142192863,0.1401042947726378,0.1523480088654543,0.19260403037041865,0.031962395170697266,0.05047902116541413,0.08906585949068674,0.12040678804201514,0.09517836159940386,0.043453212377653226,0.03375051171482452,0.04891188065721556,0.09031277318507028,0.08115821751076882,0.22903957285886895
NDUFA2,0.1986622417385832,0.09831866150075069,0.1622785872101454,0.13476300589034737,0.11848698223096087,0.16199706015961474,0.2982935965482518,0.14589834528876222,0.31210113775480636,0.11822395059704094,0.1814988244390226,0.16253711539079047,0.2168380511517982,0.2081016432393877,0.3183054704788066
NDUFC2,0.27659953380082375,0.16269142366614103,0.18258643906880437,0.14540118681877884,0.20435169060449637,0.20904585165612566,0.31679148581841715,0.15771329692799438,0.2502440076934883,0.08234530010823542,0.14749059291464034,0.17547584487106285,0.2217303460884009,0.17181613068540896,0.09260014055668378
NDUFV3,0.09440600734798249,0.0247102386623543,0.03324135261741208,-0.00026615509319203267,0.07115017784257363,0.14644214870991246,0.17761994507107084,0.00974970948724797,0.21827418013612934,0.12053368354229801,0.1896142554394318,0.1498915457247846,0.19742123464190192,0.23266231628206246,0.2534849899312931
NECTIN2,0.07504597826031859,0.017731724899817836,-0.06339809724947951,-0.04406109287082578,0.10090542897508353,0.12733019418512398,0.1688989554210365,-0.013226987223762761,0.28785430289063607,0.09603468058315652,0.12102724093486786,0.11869971857356276,0.12814384103907803,0.15468939531397283,0.3543590812957773
NELFE,0.09879613961931921,0.013417503740615592,0.05398562092043324,-0.011621711105843452,0.06771708508002111,0.11791145102348292,0.13383810541830246,-0.007636613317491595,0.04404357550676011,0.047316912336049205,0.024758441621099313,0.06302334457431337,0.10459594259178479,0.05099087069781957,0.11775901385562029
NKAIN4,,0.019607546863090276,,,,,0.018203977331224093,0.020761053052861116,0.0086211131947387,-0.0005477835226531384,-0.008986472365200731,-0.019494141265120883,,,0.026500414322895356
NME8,0.0529170710155866,0.02887416898362545,0.01147032099151204,0.01690933113901343,0.015826572243447534,-0.01705477229538657,0.04464180720428329,0.01871068623538298,0.050889140748595234,0.0024661047826206772,0.001436982621456636,0.006522249152697902,-0.01764680745224388,0.032677499631739645,0.063488196110914
NOP2,0.1483756358281606,0.08921165538515155,0.1293604083456296,0.05988253569062703,0.08041630544240413,0.03395097627817714,0.1369500173968681,0.04390456976636757,0.09637929237105905,0.08567118675087795,0.09947194745705476,0.07483478197996733,0.09294128334289098,0.08698101701342857,0.2985751331212187
NPY,-0.018640231189809585,,,,,,,0.03889106945208691,0.03792612647194866,-0.009351081656219548,0.011344821172384263,,,,0.0005412163330570634
NR1H3,0.1817823693596419,0.173938854339783,0.1773826281978252,0.2051829017686675,0.08495437204297288,0.08456474780976238,0.10584389712718113,0.08475252395862985,0.21224328570235948,0.06034312930880657,0.0239844088420587,0.0735733909830626,0.03764805318973733,0.07479344233898637,0.09115897763183732
NR2C2,0.09463542105101665,0.08965927057980978,0.057488696500649784,0.06522161400312998,0.05851104188629881,0.030764292614287075,0.058464324006271225,-0.005222219502288465,0.023709753067876566,0.01002217187591888,0.014441002438778501,0.00034144251451375285,-0.0007448896509327802,0.04111525105526664,0.12821509109198445
NRP1,0.13638489116224056,0.1351669025138656,0.24738327426052503,0.2586482528222611,0.03160220476620539,0.06042356577768188,0.1650541964657027,0.14974618440834225,0.10564273400094341,0.06573700608275565,0.06594114527305744,0.05400917370803326,0.059173331965028636,0.07664704312684374,0.19142910172037758
NRP2,0.1745910252779029,0.17862281980507308,0.29000276340335707,0.2905079852759183,0.08706968299472598,0.11274268277585138,0.18979257999538832,0.1692960465175557,0.16208950372642894,0.08636665449156171,0.07638466745653447,0.07142794495440147,0.07885737994860946,0.05104477412057808,0.14675153711663974
NSDHL,0.10848605238780071,0.01593387791549085,0.05278840453346577,0.04282722048511207,0.06884261582334232,0.08208425171105647,0.19535692426196913,0.05972145774843882,0.16601749789553413,0.032655809590093204,0.08249390097918108,0.06995976441054337,0.14498785695818248,0.07530058859754951,0.14314999137686146
NSMAF,0.0582220440441256,0.0368573992558229,0.015423438554819266,0.04323754591501895,0.020057037928791623,-0.0199345423131257,-0.013198129368228294,-0.055931784096253497,0.031608794322118224,0.02841795471818503,0.015925815594462267,-0.002287585574387371,0.007405467277732397,-0.008575538354407157,0.0066689649518805886
NSMCE1,0.20332151051337957,0.09379050145006718,0.18019101974557472,0.19074172220229102,0.10066322020883418,0.09980132373028124,0.1566314180876886,0.0375216946354473,0.17410322976748255,0.0778506517196108,0.10349976318598428,0.10792001143001234,0.09878245256809645,0.14713087989356907,0.22805933972312065
NSUN4,0.0616728748930856,0.02894113738247346,0.042407891752226666,0.02962569153650145,0.081633318302153,0.08911966690444248,0.1286020531391657,0.05863717763278998,0.0032167695833499412,0.07126016397017326,0.05676149627655653,0.04331653128919236,0.06345544280985799,0.030363551580821595,0.026590448749620403
NSUN6,0.08385834448813838,0.051132091773761074,0.04778830444530235,0.05292273432704251,0.04800879808706651,0.05978306254451044,0.04469595774621115,-0.010488050308012763,0.034268403566230066,0.004485061997984971,0.040764220654327395,0.03182539509401499,0.011814404782527358,0.05577316701102964,0.10179437520180708
NT5C,0.16388766480763925,0.11227813523187581,0.06557123384632581,0.05328714638459338,0.06594126845988767,0.05874674602122573,0.0829309881996285,-0.010460432335583665,0.0022294730974810177,0.025882184576992606,0.03192002750705519,0.031082295459279197,0.03486123196405609,-0.01144669556527548,0.1265243565876591
NTM,0.11189751321411892,0.1380332923523287,0.18524457700985722,0.17766585683135513,0.052206930009933365,0.09152488564933506,0.17964752739555867,0.12251934477448116,0.14076763376973253,0.06157719208331836,0.03812859319527773,0.020798658990199146,0.04118071660515242,0.024092225841490365,0.045382020417352995
NUDT5,0.17865045585163034,0.127220656476931,0.14741504661996896,0.1514367667774923,0.10453769675173642,0.06779538499178049,0.16499026920893833,0.07732075911582359,0.1440338813995777,0.0344210641349937,0.11255038516563866,0.07785505352589964,0.11683579369799725,0.09112799574088433,0.2008695518580185
NUP93,0.18573588125900298,0.12052722996707674,0.12110446391260878,0.05436044457584335,0.04144256492929561,0.06643546540285718,0.10134170996473535,0.036264507434305725,0.12803841995544324,0.1045989363146092,0.07729585909831413,0.0833153136025312,0.059333127821131704,0.0722132453999111,0.22977783810587984
OBSL1,0.2500514582247426,0.19796825709378343,0.15142771222299806,0.10780381924730284,0.14018746318992242,0.1611350575366834,0.2838910646240311,0.0681533379491945,0.14611021294153595,0.07787484494194878,0.10615505458211097,0.06796812194434325,0.09665708855384635,0.051599308484976424,-0.02412890053377684
ODF2,0.20599337668410622,0.14625696633840024,0.15092200423149701,0.08145216528077323,0.13584738765109794,0.10577142262780713,0.1429113263419189,0.09605126173705483,0.21246120640371896,0.15668673419398232,0.15768035361772723,0.17178154001465007,0.1681152229263386,0.13942097020849228,0.3447243148198832
ODF2L,0.005268539221500876,0.003686378425355805,-0.04153034181662097,0.028895938375791075,0.014721011753643475,0.03711484756351124,0.032649527457757496,0.013606729509784072,0.028545562629834348,-0.044203835662200604,0.016395471224948478,0.05441931895333353,0.023027767993676822,0.03028265374472857,0.010601972517909748
OLFML2B,0.23835334348691253,0.2420349956983389,0.3222694615278104,0.3266334985944098,0.1309663050788922,0.10873162418160938,0.16341595236691447,0.20924449599181413,0.18028508666417647,0.09764679310491313,0.11837529562572842,0.09118890874384897,0.07376925412370272,0.08638013070772253,0.30364062211734205
OR1L8,-0.015131939037755763,,,,,,,,-0.01905573494012367,,,,-0.007331239906507156,,-0.040872589099263876
OR7D4,,,-0.005366099182813469,,,,-0.007214643291000112,,,0.009093900789773273,,0.021965010589067798,-0.014015147970538292,-0.022420877281878113,-0.0051761443877027325
OSM,0.056638859044464376,0.04071987841495751,0.03216037049993469,0.002572332207732344,0.08253352391177013,0.06414441950317896,0.14848062883996674,0.11302686287202279,0.04838073564060111,0.011364751104002728,0.02049100304225701,0.03800941749479272,0.010138627612128187,0.03115884937816564,0.026863182414568077
OSR1,0.06504103999038635,0.1442586060943828,0.18788213817552585,0.11871955456739251,-0.009244224367746542,-0.012657708401123478,-0.00503693771605324,-0.02029005939506057,0.0035219145168236842,0.0002589346147384063,-0.0012179168605059923,0.033930326313789685,0.02409695353656305,0.0270692817958247,-0.23715278076858917
OTOF,-0.0010367148400279053,0.02695261645350581,0.024158148304605626,0.0063192501472913495,0.005052336046754791,0.015676171842847284,-0.004511729498503245,0.02932541818100219,0.025676005714583384,-0.008633450328893988,0.01862256475170413,0.03635170494987203,0.026073128737183336,-0.0068077669340974875,0.018248338689195082
OTUB1,0.2234604209584146,0.13559686826473125,0.09510437064148955,0.13900989049040235,0.1446875119960852,0.1189423036308988,0.22041913005825042,0.06770240551345517,0.1914955718836391,0.12249735323290084,0.15148966625814497,0.12960010980105688,0.10790001540817352,0.1226708196046858,0.1261059678877559
OTUB2,0.04003912730758165,-0.00032510898179763034,-0.015146529607370273,0.013071959780942789,-0.005330712802334082,0.01684809099284116,0.022050377283349496,-0.025364745107689178,0.08393721225221931,0.02549100964087813,0.06712929673651132,0.05538339043172948,0.02231379460639464,0.0554992561914718,0.11347976259026074
PALMD,0.07449327132948302,0.08678218176809838,0.053778726164091524,0.0817693391936764,-0.04179816205585194,-0.015212200992270632,-0.10540638469016624,-0.03604252081432413,0.0273692122595558,0.01880944918092517,0.01752893295661037,-0.013030538974756993,-0.007309523454348943,0.034343873025567385,-0.06205316304547105
PANK3,0.1672666559134248,0.09606909067732404,0.12037503074623822,0.10459173543443845,0.024188000448284057,0.06267500322927533,0.09192205595845598,0.03957372496957302,0.22357362821044502,0.06481498761484704,0.12277185518358219,0.09760667028081654,0.15619598678955443,0.12262633160600242,0.3221821281439686
PAPOLA,0.18727438046342543,0.11571547302886008,0.11974217922306453,0.10162052517992576,0.09038534992931592,0.1485116544385124,0.14937743857878585,0.05748276135115189,0.09911801878250537,0.06570139420464811,0.11259548209511502,0.13142146101704433,0.15264302842298655,0.1219884172828275,0.26858572605708564
PARD3,0.12656526579158117,0.11087907870667768,0.07495498461867414,0.09536430810300471,0.08355073768040097,0.03732126502700725,0.21643811473864605,0.09198247036937247,0.007314736793839821,0.026396163698906183,0.021699859616800606,0.007474159637486031,0.02594092408588373,0.036677267408652396,0.29832953138142043
PARD6B,0.12916089217516824,0.08776519968759444,0.10867411527767408,0.10241284108797238,0.031635714998594466,0.06743300980225463,0.1601830616873549,0.11358675414510158,0.17653110076846723,0.033104301772853305,0.12837054083521285,0.0659563306929594,0.13194802184580684,0.04216017780485579,0.16238471987947112
PARM1,-0.013728489991242456,0.04420276426054626,-0.013693775862945947,0.026258802199743792,0.025603405955430696,0.01358547045264068,0.029037688056481756,0.022372117096003775,-0.015722864005211477,0.013464456009553698,0.01178231377492771,0.034064930450606073,0.012128944053169721,0.02649771967247889,-0.0984261010443733
PAXBP1,0.13267983686238644,0.12910585184714155,0.1066643354961537,0.08532991256673804,0.017651189778758597,0.0726785687714443,0.13830119286823625,0.04868237528893094,0.11725911354206399,0.045946983391621725,0.06693690026087633,0.06834277377455195,0.09379538295263651,0.07060577855109491,0.3158262388269624
PBX4,0.06199729820168822,0.08791797506981838,0.021397550237264047,0.016099566860199834,-0.0003092661721418818,-0.012383344700097465,0.0026222930416947487,-0.012007278296512078,0.03944675124209981,0.0439730840767421,0.030610288286492614,0.005313847699432954,0.008728764541564887,-0.0018939847727044744,0.10204614301010019
PCM1,0.09738070195481335,0.03613188907279548,0.033638030390762796,0.03728964858950793,0.039965752905747325,0.06912201942167359,-0.016548569328222996,0.03269512553985884,0.08487283628354,0.029612760576202147,0.08624733395786852,0.0655373698549011,0.10872780553701648,0.09664509874305742,0.09689902948408229
PCYOX1L,0.07159318820506855,0.017801044822997894,0.04203641904648881,0.04717390130433306,-0.007462168413364518,0.006258350969096659,-0.038922864621108,-0.00043219118377814397,0.0024167119618481725,-0.0031877339991947464,0.000794673713270245,0.020509959778175855,0.024996945299967537,0.02910306139334211,0.06616020022046058
PDCD1LG2,0.07476596286180727,0.0705988195186769,0.14799977065064704,0.10479810500525409,0.02531226664704024,0.05052917671263947,0.0692057421284274,0.0558479971825332,0.11760335946777907,0.08556540878023496,0.045913572450548154,0.0466521540621425,0.013555954100510782,-0.01071676388322615,0.12843207930974504
PDCD5,0.3140013190279788,0.20820126643577552,0.2279635338863902,0.21982133283118566,0.13749282512582356,0.1369274509788124,0.21752739866719387,0.11739587231390748,0.24601814077878253,0.03569500423330119,0.13901845809328464,0.15165094497804665,0.20706886944051872,0.1917194399072264,0.10338193888152222
PDIA6,0.17286618570340187,0.08295351032568125,0.07877299314792655,0.059625642171594356,0.12560815677163478,0.1259025521117616,0.04895254976450283,-0.017693842351948815,0.18448405596346912,0.01362850651088754,0.071408663244118,0.09437509456444165,0.11788175309846904,0.06570241690435243,0.29893158327313246
PDLIM1,0.1362304798563525,0.03554022256044836,0.14923008107946728,0.08671921524727658,0.0948112502584465,0.08218066848278811,0.1570045110149872,-0.004606628527251572,0.11747970021362521,0.0932925894279666,0.1154928986212609,0.12207300756855599,0.08951087030865293,0.08529990378587635,0.19362797856138472
PECR,-0.0033732824249517847,0.05683407851359307,0.02697544101485311,0.04257348728800304,0.04485460240256396,0.024115230373796176,0.019624347085843603,0.05173136552567991,-0.018420133993740827,0.04542111610495623,0.0027386663723090545,0.008990560692681152,0.014802369805313647,-0.011743611029831288,0.020400138229961555
PEF1,0.1995841746811684,0.12824212196251625,0.12076221035687544,0.08297284261828261,0.03907133932553958,0.07800491537423687,0.06383990302621913,0.0036475201253689726,0.07387289726252318,0.058130757344100836,0.08056262269654635,0.062064460453157395,0.06479239369620972,0.03533248788307186,0.17613379011078384
PENK,0.00042424333158224765,,,-8.649914582971686e-06,0.037079126820532854,0.015528991907053542,0.024563043206647386,0.02215485349090168,0.04833444492310528,-0.006621425085390897,-0.01328020543555845,0.0038819881833250303,-0.023514146653305867,,0.2620572004339098
PEX2,0.1852795899755031,0.13123046369376884,0.12600277383748607,0.11479130454138418,0.01213546626280181,0.04510831078769182,0.06730590282822543,-0.007137738524864135,0.1320549860161621,0.027100307010241485,0.08792406715317932,0.060838708600908134,0.0764939467420888,0.07542322105965936,0.2966088278957134
PGAM2,-0.017693459636180867,0.009420821046276066,-0.009325050923203524,-0.015994417102957934,-0.023156818222278514,0.004504283148333401,0.03937716488663524,-0.02135879728944018,-0.020672692213424843,0.022627261627214748,0.02864791729237373,-0.010813377210156213,0.018318043870231716,0.049494425554182236,0.0042458600926007315
PGM3,0.13113855974726982,0.01736639092486557,0.05864900004393642,0.04929232373944372,0.06077664200899748,0.08014879073792437,0.11088140613153227,0.035424082008634256,0.1592526899480498,0.059053526021927046,0.1020866097074046,0.10814427460286706,0.16026289494003626,0.137313300775841,0.30709850669605565
PHGDH,0.39361337823593484,0.23811845845068275,0.2658517444004406,0.24972562600447595,0.07503356703781568,0.07274578043343602,0.13041321814369133,0.0072236984810885784,0.24260053401262752,0.1375581775062419,0.17442643376426165,0.14905103506915504,0.19028533892942637,0.1668633373971279,0.49208348683353287
PI16,0.05684259851951829,0.06231100141482154,0.025426212638228713,-0.00395187399434911,0.028202070323400205,0.009740925486740895,0.004433889920414973,,-0.01616639971641822,0.0415208137650581,0.012761540117833835,-0.028252715349019814,0.04504316805803187,0.05143960708977277,0.2227491772580902
PIDD1,0.09099310657043919,0.06994768251433224,0.03933903519598598,0.07614498938936698,0.03290616026250701,0.049245576685512465,0.05067129106118289,0.022133709265779844,0.09859637644015641,0.10621966158674243,0.07418297344290882,0.06942349614208564,0.061577460932235865,0.04427560508746487,0.08735544881514788
PIGN,0.21883948300725745,0.140737988520971,0.14740466292904883,0.13962192533455248,-0.0004312298836855247,0.02099182472307477,-0.007862588248578183,-0.03327369739858418,0.09564605807327972,0.040535068776582035,0.09498988105266572,0.06955348889689035,0.0962448621335566,0.06601243780536131,0.2911265506753587
PKD1,0.12491261623755806,0.10610123342593376,0.007231603990039463,0.021433160784984896,0.09700909316332403,0.09081774258508687,0.11972965488245867,0.03280869123061269,0.11023550935316816,0.03853187231907953,0.07535935005377539,0.06877259060267293,0.04513560608031096,0.061486147029072846,-0.04356991987936412
PKP3,0.24550099672425094,0.15399323812705024,0.19003446917353128,0.13460094506598036,0.14851593907157154,0.15087658925239586,0.26141947209596994,0.079953404316759,0.2514773590959784,0.1691448473342127,0.2037410574662653,0.226062184074617,0.22426741631881503,0.2136395437317655,0.4666651956653525
PLCB3,0.03314482468134427,0.002326717144579485,-0.005827273655088129,-0.05161702082742195,0.0875008328673752,0.09081739261794623,0.1645467558390414,0.08023276868902195,0.06430395990079499,0.08280097682973991,0.04384454705054137,0.07148050780034387,0.057522436538565515,0.11471476484991089,0.1730276162594459
PLEKHM1,-0.046878387438165726,-0.0119826040541909,0.0190875842722984,0.012394622382012216,-0.010523182130838851,-0.012597507426041737,0.0008592843301285096,0.02091026635033473,0.03701937717388695,-0.007233276727504035,0.011763654300812599,0.006868979333392579,-0.035467552676722934,-0.0024911108428594085,-0.01665832892145233
PLOD3,0.04939775974363477,0.02242648272787242,-0.058494786854089376,-0.011158801279351746,0.0567518936111902,-0.009718819365101777,0.015242131431536384,-0.04422591540739235,0.0006212674384304236,-0.028405488071836286,0.043945284019284166,0.03943613502164806,0.007534552359204049,0.023383611656224247,0.09337429692345244
PLVAP,0.20827103154342091,0.22704955886959963,0.22040287808073075,0.2390590167864182,0.10246044479070444,0.15649487955144714,0.1853048320373526,0.2464430270815573,0.15304764267825688,0.11763551003389781,0.06873071858582176,0.05853028306518177,0.10290906273445348,0.07351923644035802,-0.017047815459263094
PNMA6E,,-0.013925870842496487,,,-0.0005994483772181477,,-0.012716289788812113,-0.0007871823026464996,,,-0.015838304617054832,,-0.003686995958254235,,-0.014204751515512919
POLQ,0.09918238181798819,0.05315296940504165,0.041464012501290344,0.051484583930033766,0.04583419454614236,0.044553579031054696,0.11165111356859443,0.03891388633008118,0.019291135870272272,0.05127080672583921,0.06522543809518848,0.026136788957199418,0.07243831685061347,0.03019537038869861,0.2194110036321177
POLR3K,0.19584101591536268,0.11576178892340228,0.17165189949206966,0.1507499081251256,0.12161904134352026,0.12884490748994687,0.2887924054435491,0.15300875422781554,0.16689684580605138,0.10828770556726822,0.11053492140055138,0.11338283678652113,0.13146363863993643,0.09192356764864493,0.3402342818446206
POP4,0.08402415609803864,0.03536381754492759,0.08254883561728266,0.08046203539064839,0.043767658567916985,0.05812070867629512,0.04816958583497604,-0.011170006538121205,0.11436857914304564,0.021769410143081105,0.08199064689472232,0.05218780979271706,0.10009598628168799,0.08222482232890631,0.23572792992647576
POP5,0.20286929057613762,0.13663527554752575,0.13686706378750116,0.1243049476085551,0.0835243790277329,0.08131344540147382,0.1821702297006906,0.12079305309704455,0.13585155280275707,0.04965272019780681,0.10902558676043438,0.11945875763721187,0.0953223432015235,0.12324883142334321,0.1415413047687165
PPFIBP1,0.09188091043613397,0.0500940600990845,0.036982159685722195,-0.013513816663760867,-0.02352228558612242,-0.03545473000885379,0.07021335243877513,0.001385259221370589,0.0562922158584101,-0.001111166112899694,0.006684523278010085,-0.012443656974050425,0.05117077132382109,0.02541792271231485,-0.044478504901769564
PPM1E,-0.009313489106782497,0.003019762599173287,0.02121999950120406,-0.024754360245318976,-0.00819662745357267,0.017065218764485045,0.04126364481887828,0.037539811778849255,0.018962188593947934,0.003974436576364805,0.02285158294185121,-0.006204213429283582,0.012015852777534272,0.045194821101600134,0.14794065602107
PPP1R12A,0.04421272639250228,0.06126598195273375,0.02500324587910643,0.06000371631933883,-0.042193363857951714,-0.06487291385976729,0.017883549448772955,0.03106393794406937,0.025657255828028462,0.024004211668648637,-0.00033417814601816725,-0.0021980311511807745,0.02157781921582377,-0.006202588143199194,-0.10092529853265339
PPP1R14B,0.2838228571939328,0.11991971271406875,0.16717823082068517,0.17987994232840332,0.15522285449291215,0.16991658527015832,0.33642651740665536,0.13132923995074383,0.26707021982784385,0.1331044795448902,0.18733607224092322,0.16602194947912102,0.16833685928333247,0.13871016455427407,0.31008251359050476
PPP1R32,0.02189228472442338,0.03200733559630994,-0.011961480443403652,-0.02894867938917905,0.03917048885890388,0.038534322856863444,0.08841926879325299,0.04641394260500217,0.043930420247931826,0.025416072416755066,0.0274395302222945,0.058815906429449206,0.04268615974970905,0.007277560616048228,-0.02907454401368014
PPP1R9B,-0.03858117242490951,-0.09126577524915691,-0.09420079742299206,-0.07393145445926831,0.10799854310958469,0.09165920603035091,0.169777185548422,0.057133877763012875,-0.023716332509888263,-0.016474320261651285,-0.00992999591719066,0.005650310974239617,-0.04198401222556317,0.008239605716744548,0.061950897349530396
PPP2CA,0.18116844259043358,0.054039809407009226,0.11388570608745714,0.10889270684507246,0.08899982502487017,0.07030534760784851,0.10201480372391297,0.06255180654487938,0.24787451428367135,0.13135005359163957,0.16938416058056888,0.17329497075712733,0.16420444704424644,0.17057245196726717,0.31237198474842853
PPP2R3C,0.007599994873413437,-0.016096108226125547,0.009421725767188797,-0.003381111012998245,0.004718567272506423,0.006756238425903553,-0.05159309630820264,-0.028500730052255636,0.058483771354264275,-0.005414057828774157,0.009314900864312418,-0.016681162170372195,0.02528504449396911,-0.02368715193143767,0.034166328338128875
PPP6R1,0.06430322143884884,-0.004829206305391038,0.04625234459469896,0.05484496506211348,0.02834874699104626,-0.006285639993250298,0.1297372535000465,0.017685801531316298,0.0483433296430442,-0.002315288671377215,0.02593589183011614,0.003106277121597359,0.02017581840880301,0.04398972446822657,0.13583986872409473
PRAMEF8,0.02062523756462727,-0.023688458651591835,0.029267061690657334,-0.003590878767508237,,,,,,,,,-0.030618713905964656,,0.0008794328647672937
PRELP,-0.08772291318381631,0.041103143891397534,-0.01962754719862042,-0.05072894662634623,0.15409226284545133,0.11156687938834528,0.21204636871962487,0.21842948678291235,0.2232756573105709,0.11545127272899541,0.059974220560267896,0.09433619892749653,0.15904606443330765,0.11868615159928746,0.15260223131989267
PRKAR1A,0.10334355421427152,-0.027751199983456785,-0.0015285948042025078,-0.008651891459711934,0.1445880521433787,0.1938845582850087,0.37667342740003423,0.1874872851711065,0.07417268167550432,0.07510674845402109,0.04903255337159307,0.09704304227445691,0.06410629574637705,0.058787038614362845,0.2648032505381469
PRND,0.05387208001839454,0.036333343278572544,-0.021929404092037905,-0.015461665444443303,0.024863624484148274,0.02020306243082644,0.05669401370719526,0.05559962224494582,0.03051245063720234,-0.008196924755824496,0.03583236142416534,0.016909277918373437,-0.025006912599785533,0.03870007753085918,0.03037129307290947
PRPF19,0.15109397991020362,0.08184602851572911,0.025776271062866625,0.055319601889579566,0.1439518346561862,0.12710456239637577,0.2359656803098013,0.07606079114366696,0.15930680744314527,0.1579468135590618,0.1718872995390977,0.14456124308355336,0.06495447780002436,0.13575185150504285,0.2256379411753334
PRR15L,0.21915523911856372,0.12146188438315768,0.18349265287858368,0.12419006184333901,0.05089724648910928,0.09322266464417611,0.15999083912773168,0.051609362537877755,0.20106174778930186,0.06317065966520775,0.1103866821742828,0.10327719010485596,0.11625335164654506,0.08735464458316335,0.48438206835184916
PRUNE2,0.026914108886457306,0.05729284601973575,0.07905077862659117,0.0778447331306284,0.04095822517884189,0.02409716867903112,0.03235712382117891,0.03731595034868528,0.03488566539261356,-0.029012973885201184,-0.01291564112226972,-0.0034438193544838753,0.03412668142911714,0.005761385565513228,0.10219502107528657
PSMA3,0.17721786327095795,0.08300775307064326,0.1067776439844458,0.17885214722743706,0.10480030323057891,0.045216598461438,0.18569087239989093,0.0302629466544044,0.19136972189925994,0.05684120424523981,0.14321061084350906,0.10412238473296265,0.14345794246314109,0.09566230665022742,0.25852144444277136
PSMA7,0.20533342765651819,0.11547728975923077,0.14268949801498387,0.16416706344645757,0.17770327797378724,0.17706984830001235,0.2968534807647403,0.16134833117448918,0.1444531770746569,-0.010553701562013804,0.16458213708122318,0.12002821153522743,0.14633719578118712,0.06660189859506309,0.25371193892662386
PSMB2,0.2606755335750055,0.1723399952907051,0.22014079525351643,0.1959427509052109,0.08193163771986257,0.09877459401048941,0.1153436407356106,0.030995944373128193,0.1529473907442439,0.020937203357497224,0.1183542988829502,0.10817820412264804,0.09572751459282876,0.08813264551598725,0.3099096160795378
PSMB5,0.3065636365982146,0.1757171717752538,0.22987748890705959,0.21436846104734808,0.1078499724917191,0.17305146767445317,0.23858881753071626,0.15135745047251625,0.287171280710134,0.13030280254294285,0.17279173664157121,0.1630334056592169,0.18012754223590366,0.15385004264285912,0.3212002452593946
PSMB9,0.11531945466224391,0.0844298872001772,0.18061775056149212,0.19558635591458254,0.08870242396912553,0.10459023489624067,0.18307272233691477,0.1755246347620784,0.11723445959000396,0.018212576618316673,0.047922241138760535,0.04886665622876251,0.02857145387490838,0.0036085765896210825,0.23202777481149225
PSMD1,0.10515422883021827,0.027993825819053755,-0.006576158325976436,0.024958827924015405,0.09551135863680847,0.14314078655795023,0.13142320941753932,0.04889709707455596,0.11601856520541393,0.04983416203453904,0.10136320814612315,0.12493980350575393,0.10427410102563255,0.08587709417616265,0.1613918251076553
PSMD3,0.22941775221629906,0.15097952277029433,0.13495568407741731,0.061963100028382644,0.309388160765978,0.30574845230519687,0.5441919479942369,0.27802985739659075,0.4301796621336419,0.21243977890983098,0.2978571022899679,0.3060017582859868,0.315991515109805,0.26355642762519516,0.10856177788801696
PSME2,0.10367211899165349,0.05916823330903481,-0.014192376173768784,0.010641337011029532,0.14432100781073195,0.12517531017430952,0.24920666689944396,0.09188478939834988,0.2119503962198135,0.0721632589981052,0.12135250024399247,0.14143561578801908,0.09262280969487417,0.1019438238083567,0.22677830170809327
PSME4,0.14218149878312109,0.10369694218735727,0.09090967431490755,0.07702490158625533,0.1594993078273595,0.12985008614372967,0.20453923664827023,0.10454984674176322,0.13302551404436086,0.0779396390348707,0.12642835784106798,0.10353214534581981,0.11593782215052512,0.11287314637514843,0.4435402014929666
PSPC1,0.1951680130105194,0.14341210357056722,0.20314777710659057,0.17744560521868558,0.07214144285502036,0.12305982324952675,0.13265242827209978,0.03696600309128987,0.1623396265654288,0.054956782517023274,0.14378213026687714,0.14096140697358822,0.1768201290468122,0.14770242995948749,0.07594022475034326
PTCH1,0.07977317720416909,0.04219040189921348,0.09375233890659788,0.08493922893552676,0.05335676895885383,0.08376739143605154,0.09457206955369286,0.011595598823004793,0.004257157593676211,0.01394558211502766,-0.013140693667613331,-0.0013190506431764609,-0.001788190685757788,-0.03733745334213795,-0.0067989487052366165
PTCRA,0.03395232203342612,0.013796548628517228,0.0070017716645758435,0.05911732998043813,0.03569163103999,0.0014703954207677561,0.025283383264680187,0.004111499927334407,0.047091553130669164,-0.008369321873128478,0.0004720131086843573,-0.003538436251586381,0.025782926641940963,0.019949948478769883,0.061177679380460454
PTGDS,0.3320532333428828,0.3533502434759387,0.08680675502960201,0.11519218754487505,0.06491485989552152,0.042366873189521675,0.02337137720326816,0.05293405881798676,0.3270191977353829,0.10265840869645243,0.1267143999488938,0.13149661069811183,0.1744976498960691,0.11767942177472704,0.4584511672796933
PTPRC,0.35862321431631333,0.35630311978953566,0.2811642970829745,0.3250395993301732,0.09524528222528296,0.13242919868318087,0.24011480160857168,0.2222254668207495,0.2993221801304665,0.09839583912917509,0.09636131982324728,0.10426897507546562,0.10094034743654708,0.07360338445436873,0.28459980287225084
PTX4,,-0.005361726867607708,,,,,,,-0.0069803471220833725,,,,0.03949417331454224,,0.014102900996929069
PUS7,0.15602465560894377,0.1162758430396853,0.10675537700703105,0.1049382679887764,0.06366788126223406,0.06379688615111938,0.14666242260680304,0.058201455448971165,0.07301887097091883,0.06525222001744138,0.093925401339781,0.07600496827483366,0.08652068641947139,0.05380923919622888,0.19526108809178486
PYCARD,-0.03975347703627166,-0.05935329058326442,-0.05386846317650397,-0.09341325422325286,0.10083770143525243,0.12517996560579872,0.19271853188939675,0.05719392480158782,0.24529609785362752,0.06971308271675977,0.09952415271636497,0.14295346152938965,0.11944063005442189,0.11900395622343518,0.12068215714900593
RAB11FIP3,0.22906144005138482,0.1460091323936895,0.15540314358325918,0.08599135435728787,0.07722143786057588,0.11721908410547587,0.2377970780710868,0.032411312103498485,0.1406635599863127,0.07426399096443674,0.10772596066285386,0.06255299657828045,0.06133652286813457,0.07538120470287475,0.15417370066188987
RAB1B,0.1208362512197609,0.04492971332918729,0.028134998946073582,0.0016917642249915266,0.19060452727742538,0.1777382876196007,0.27106883219039385,0.06687757424881854,0.1358433577747625,0.11244704233939201,0.15613156938948736,0.12507650110210852,0.13769506416368996,0.14328667769344616,0.37888567304266374
RAD21,0.33706917337031495,0.22318555822644728,0.2701653910549309,0.2533521248916567,0.17343851902305507,0.1930768728674465,0.3603235606526378,0.20128614323807895,0.33046261783332453,0.10232368259425291,0.2560479525923311,0.25117548898671727,0.2827045489080147,0.25336069762154545,0.3083584256948827
RAE1,0.2329519075533667,0.16568725440317092,0.16702521058979916,0.1390438299656974,0.1406524993802683,0.16050331114394795,0.26241449679421647,0.07860526966092911,0.1371890361786021,0.0908025965472166,0.1142183891285605,0.10546821318114422,0.09800692485942879,0.09753893978344612,0.48174714314370304
RASAL2,0.08533149667270744,0.0539518343497856,0.0515185518543908,0.011328415044439792,0.004714003115460386,-0.01969842684366384,0.04004146737078093,0.007921263016645743,-0.006342319801914728,0.010460658321465987,0.037595731280892566,0.013816227244910897,0.07526571376711004,0.048291823336867504,0.00563947956106757
RBM28,0.10813370643417061,0.07969041219546051,0.08437158773054415,0.07486648588957846,0.05718163112441455,0.08567687150758868,0.11988096081172427,0.046463334227866984,0.02606299619179954,0.0024000222847709862,0.05475208722273152,0.09258852030694949,0.051702857017209815,0.04172236386318694,0.14400639317313255
RCOR2,0.09868378621464276,0.08487119514928776,0.06949330174597722,0.04337912848248877,0.04445620585870996,0.04831891587869505,0.012355240882085235,0.002671922662461673,0.10464658665890661,0.0488558474522047,0.05248417583107427,0.07117769914277226,0.09086986647286077,0.03612192472434893,0.005176089675990947
RDH11,0.05062649176132123,0.031567965022983806,0.051816299494023374,0.029303152939679094,0.02491873408012772,0.046322280631600606,0.04960103493202419,-0.022482907543951953,0.1230249303237606,0.024334155975437116,0.09551183071815922,0.07446288619122891,0.08851223697099804,0.07370518511551412,0.18046430167000527
REXO4,0.20047239688361418,0.09216540795319347,0.12340201245158869,0.1146265832783809,0.07981596495731604,0.033181444266550716,0.15691835707418422,0.03913347266779209,0.0675598931388818,0.020301831035997895,0.06927635925071066,0.0834785765259243,0.020367221576297816,0.07189145666729624,0.19343534096909032
RGS2,0.19831170913392607,0.1975764898249829,0.2970017283808341,0.3187120591385862,0.1355739894846035,0.11389820890963555,0.23752863195375826,0.2300553859423398,0.022252331400625547,0.021875168132760907,0.010770212288831172,-0.007328471309281415,0.041343236521101945,0.04820805585481873,0.13568364702723051
RGS5,0.1895545501820697,0.1957742268672335,0.19911387423225638,0.1991475593446061,0.1268505344774654,0.16546064197268862,0.20352083538952262,0.25790593957254687,0.17099623805044176,0.15047451428135936,0.10475746913661416,0.10350462265604711,0.06868194537226173,0.09175611904789135,-0.1042524111441819
RHOH,-0.05292759774586838,-0.047364966640978,-0.0575352818524012,-0.062469430602450624,0.10040168170016478,0.10742291460814792,0.05384529223131786,0.014434974540694064,0.17326499541824983,0.044312534505944676,0.07096376482148684,0.12751450605892453,0.07087423720352738,0.023420566670639922,0.3606232680210162
RIPK2,0.10560724735012259,0.038723044320002405,0.029712419940148133,0.05375875836538781,0.021552865995274048,0.08485728296049384,0.15137247862540174,0.037963558199932884,0.0119579718503344,-0.035024760801516674,-0.0014459114094382336,0.022023492859332982,-0.009866146594312529,0.041639477321197216,0.1796296087354959
RLN1,0.021958077747276757,-0.003948080673570357,-0.025048719699523384,-0.030073601743249224,0.042772697226411464,,-0.004502113462163091,-0.0020582410801050564,-0.02007425051576657,0.018264272922650794,,,0.03593874786208451,-0.004444151721899699,0.03510913498600593
RMDN2,-0.00300751979765688,-0.010492876967555138,0.01493810330246065,0.028233317272264715,-0.0028607300280868377,-0.024932757501900837,0.021714607948804684,0.015726383448926955,0.0014048492169041601,0.00804278864576497,0.013633562019217792,0.0045887805694823465,0.029577608786838322,0.019662493091199506,0.003090203003044063
RNASEH2C,0.055048196797236146,0.008977363791022142,0.04442114438576738,0.00936051480933051,0.09492972173267897,0.09855658678538262,0.08410138315886286,0.008794426383124542,0.07997049680295062,-0.012271457864406454,0.07767023302920988,0.0685382010628359,0.04819434374268865,0.049669179569210346,-0.05807766381549739
RNF4,0.09691145114412539,0.07732645863187529,0.0732273241593917,0.07325878911016201,0.09128700904819294,0.10387953193601275,0.1100608071160951,0.014004410572064101,0.1253691444479602,0.07658086426671677,0.11566267470215594,0.07347715034169976,0.046762984980403204,0.0569160583154882,0.24102124930700838
ROBO3,0.0904809724213565,0.10160711298368694,0.10726821431998601,0.09545572336833966,0.0007250572904912372,0.014627917850186653,0.00789689521071459,0.021307574958177044,0.07238468823527885,-0.00553984306212529,-0.02722594749429775,0.015032532565748548,-0.006825008969348846,-0.006161362510745423,0.09345428163977167
ROCK1,-0.025926379972554446,0.006073441864569365,-0.07475741581028915,0.013384710109104378,-0.013296492073466263,0.02558501369382703,-0.060556472808356174,-0.043174617557025625,-0.03953407808400255,-0.06114577681476108,-0.015022989721374553,-0.019758253736676567,0.019014639318291265,-0.006511205574744921,-0.06654142504235941
RPA3,0.1464962507046122,0.09069407981033437,0.11920525207464268,0.1073114999951352,0.1110667312056397,0.14577091335546682,0.343243899872741,0.19792995460099008,0.24989351984890054,0.041894134631405566,0.14853103693128497,0.1301911095933951,0.18888028446044944,0.16097288729942902,0.1877406991002002
RPE,0.11569695098787644,0.08792372100113777,0.02051775448049299,0.07450485588641638,0.08499493502456366,0.075424159265668,0.06084425086820844,0.03669647925555702,0.09038170216838201,0.05969784876499775,0.07424875639391226,0.057635388016179165,0.08503148186684174,0.0889116973946638,0.14673037380153806
RRP1B,0.12613917874452021,0.09201906367019404,0.11890574249322519,0.0677644040596216,0.056464898641287044,0.06433377334984806,0.08519522045305676,0.03545613069136445,0.05518139724133476,0.09395279301637777,0.09492504512951898,0.07355598424749829,0.09250027171946607,0.06619811549952645,0.22951348058018373
RSPO4,-0.008804209797301617,,-0.002031102247485486,0.048485136481256116,-0.013985307082351664,-0.006404113113884031,,0.010328730836736466,0.01914408526976457,-0.007733190528663539,-0.021729903205575142,0.02731996967876493,0.013923126467267628,-0.002182006416706435,-0.013597456664450426
RUNDC3B,-0.017313356338419017,-0.03665420389122449,0.008410081471013707,-0.02659644165125691,0.0119164174252405,0.01336204512089738,0.0016488938428624634,0.0009807108691852703,0.007216341138247316,-0.026340247398750963,-0.02570193335254803,0.01363736225758979,-0.001578510131746301,0.003744204401556056,-0.09426442025826959
S100A8,-0.04519910945740299,0.01310521991618031,-0.07239662831463504,-0.07751499716935566,0.2883265141212945,0.25466416184045787,0.5106252515443361,0.3718555290073033,0.16576152022766688,0.05152486087162654,0.06725904411363587,0.04329206462436691,0.11030047464392784,0.08387346265384632,0.017742950863341184
S1PR2,-0.04709722733078549,0.02259675488797376,0.021087529969801396,0.015538616121539747,0.008005956981504015,0.04091993402198181,0.050705986821683965,0.07698115848868149,0.040418016982894704,0.05326686052387007,-0.018767619678672548,0.003953187094421494,0.0294543118147338,0.01734132293629479,0.05739246072370387
SAFB2,0.09015367032778016,0.07937267036529135,0.09192710307172364,0.06116282143006753,0.05850266269885801,0.06452315758833886,0.11197091870065518,0.04944454609285981,0.08831536217218909,0.018113206372134733,0.10456535784682706,0.08683998930083503,0.1254933265567694,0.06519752157191548,0.1612540941829853
SAMHD1,0.31426137431011875,0.2630139717293286,0.33424382438176664,0.2999176519554797,0.149925976433765,0.12686507366616664,0.25324788451982894,0.2500046399385326,0.18169451767469819,0.12884697869418898,0.05752290820065818,0.05101437622804935,0.031025576618014993,0.03238705138239185,0.42691898438034037
SAR1B,0.02741649173835657,-0.020895279541428172,0.01778477527048911,-0.010939065649395936,0.055652202615857155,0.12433087768975234,0.10649739299493782,0.055584980381454874,0.1725352594303119,0.049476284680062405,0.10939373100654891,0.10665614728964737,0.16109080194181985,0.09241222811536706,0.32980769754262845
SCGB1D2,-0.013028692902786212,-0.026065535273998745,,-0.02379320753910806,0.04678152417247908,0.033042020785907796,0.008303169617190334,0.026557354962678664,0.3466916464621502,0.04634616337589507,0.18396746124786195,0.1995659613498272,0.2157029213807215,0.17366961220135452,0.07466127729757374
SCGB3A2,0.017415599406119822,0.012643616630307015,-0.0014786941104767788,,-0.002994510699646921,0.0036669514029824893,0.01824620254191753,-0.024900852864030383,-0.02193039068478907,0.010453374117157278,0.01653241121465886,0.005783118803007053,0.017674341328941627,0.01615260599328013,-0.02998507548249959
SDC3,0.0992961902339427,0.11609132713539697,0.09025904476255725,0.09008927729055559,0.07028155524818078,0.07603045483073188,0.09873474328259306,0.16270215353845105,0.0865309852778743,0.03176105134779103,0.049136397180770286,0.016736611545649503,0.06614496161041847,0.06438703605800711,0.2842666559984005
SDF2,0.12302170047075432,0.04560618046744518,0.08420584953006029,0.03190106100586671,0.13498213219349317,0.16518226933648814,0.2999512172531806,0.1287733430794008,0.20148445979476062,0.07364747886164422,0.11185294776999627,0.10980064123567658,0.10654411662189199,0.08605456795312325,0.11502241440560314
SEMA4C,0.12200503192168236,0.054255173775791435,0.058174382091432685,0.016680868588864906,0.1958336485565763,0.21300669738243852,0.29364645821429053,0.1715331488383853,0.1320329770616968,0.11747336968773124,0.12012555942748811,0.12437981765924538,0.10429074877299659,0.05953186921528303,0.29737506718577766
SERPINB5,0.41246730002691456,0.2603483800417283,0.34077305839866334,0.30344428328624146,-0.0029613894469431045,0.020834941245380392,0.03179504956029374,-0.014170494753323019,-0.028237503460787933,-0.015554051882318122,-0.003763425947576834,-0.013406238415290428,-0.003912077778620031,-0.019278145284116522,0.09527230979605057
SERPINE1,0.27193659526631375,0.2230844768344659,0.2981769579551451,0.2813708877633694,0.13533278088171963,0.12621106458870898,0.23895456304325807,0.11056713043041617,0.1563075394095307,0.05365532445307465,0.05118533849494509,0.043395924089714065,0.08374929307663224,0.09399532427848614,0.24703331488134866
SFRP2,0.4750340826501336,0.4746083811042527,0.5565963638561006,0.5587675085576802,0.25955024187611053,0.2764685092477633,0.2531022954649986,0.4741620673753691,0.5162430479661868,0.23618128669723923,0.2573993192837022,0.20823897930433943,0.30809012320593726,0.24979090023450123,0.6930208463616904
SFRP4,0.3394617045216207,0.34952491875960257,0.3948456908143137,0.3758561723936083,0.16434585022743928,0.18183129452252547,0.308284209836228,0.2513226866636931,0.35043792258919126,0.17529533790161603,0.18331070583277317,0.18004779899410894,0.23156766771359547,0.13738658574418128,0.32718383566611986
SH2B3,0.16497943363843215,0.17436287997557126,0.16006952605509311,0.18137411921138805,0.08273398908705462,0.066067988114426,0.15460904308439005,0.1670064314541499,0.12839385150954571,0.05952496963800584,0.02398933073663959,0.028324946277440314,0.025793117548846334,0.051312234888602384,0.18529798576081496
SH3TC1,0.13097355859981746,0.17028125296040658,0.15371721864283655,0.11748179847057573,-0.04508682050650706,-0.02474766997068319,0.041774071951664465,0.03759687772620705,0.07149952064915756,0.005816230576953195,0.04457554067083708,0.0017932754505745505,0.05408412910819765,0.050474925831508956,0.1564807410428733
SHLD2,0.09543078332157465,0.05466652519393019,0.06382769919358962,0.05037694917679007,0.005632732793582369,0.01962431527503392,0.08795625299751396,0.04570832096599118,0.07914022718000771,0.043875388850574334,0.07764249795182401,0.07793617190185947,0.04140502909103343,0.03704012518467267,0.33296001020056487
SKAP1,0.14871447886910255,0.15794231388282975,0.10097453335807087,0.038178789262933596,0.051778577098042296,0.010819619542124,0.0899574979647172,0.02413364099160982,0.08799932609256315,0.012174118888678172,0.002257395738439102,0.0345978369878236,0.03836349407168734,0.039514187112476805,0.13545146140406028
SLC15A4,0.026653554067257248,0.017545269559080437,0.0378125496695625,0.02295629986998249,0.0595507975402025,0.02447142723330092,0.07029307248888823,0.01875686358584288,4.92891821121701e-05,-0.004946827229014243,0.026674092359310737,-0.023829138160919083,0.03454655113513671,0.022886938449067973,0.010371946878670163
SLC25A27,0.042342431804745985,0.05325098948572452,0.03531280649651231,0.02974145271083889,-0.017260565500109345,-0.015312514756627012,-0.03291614072167221,-0.031800984210477556,-0.013645634487310529,-0.004936717455313115,-0.006692038392260208,-0.01571456009406741,-0.0008941935802005252,0.014996724061883812,-0.08010716129405349
SLC29A2,0.16003835163622465,0.088353569623038,0.14506074990893658,0.08154742622458877,0.04397569000169146,0.08262459784198345,0.13008615431258844,0.05075404964629533,0.12718822006323435,0.06212773362286801,0.08488192256014848,0.09297483770510004,0.1147775164475986,0.06043546462132884,0.35490300235415917
SLC2A4,0.014573828732298571,0.01612540897178286,0.007948982881922554,0.020722434804974734,-0.012430364098187286,0.012099624861923132,-0.0767786276723895,-0.00851186663169043,0.01082422434418185,0.023711052298742222,0.00784577732138783,0.017431378310506607,0.005795583554483264,-0.038407926451259504,-0.008612329164973077
SLC37A1,-0.016523020795608478,-0.023779880700236324,-0.03846254368200557,-0.04513595499562355,0.06518899535995203,0.10697993396493204,0.21498617032485698,0.08795742105637513,0.09357775123089425,0.04673951682164863,0.10835205930482075,0.09223025453209971,0.0832963100947006,0.07581499329203945,0.3591479631083496
SLC4A2,0.13959618034324295,0.08409459678367301,0.05424929096241839,0.023647173951419218,0.08077309599235506,0.09085843816916388,0.08837974012036794,-0.012534730612321292,0.0932351647617774,0.06109896637543947,0.09954458020773294,0.15090225085367295,0.09125133540053183,0.10858674637228351,0.2628773130932979
SLC4A9,-0.026282799733125847,,,,,,,,0.02399436954027354,,,,-0.0023990779658921036,-0.004272507974107034,-0.005305934389867919
SLC6A16,0.057325289891447445,0.0513248615019953,0.06110722843622311,0.04938404169597717,0.07588848073494855,0.057486606578950473,0.09361476217539269,0.035969600613796636,0.03353746229889619,0.029915987752697305,0.009823613510820988,0.05018266314111631,0.04739102169264035,0.05025091133543535,-0.06724771407644207
SLC7A3,0.0030960828658200827,,,-0.022599714108954304,,,,,,0.004292729193377807,,,,,-0.007495199442010249
SLC7A5,0.2528721010364122,0.15482827378690148,0.22645365025351513,0.16805585564689354,0.1426026387838856,0.19343344798089945,0.30943695845710006,0.11424961580836082,0.17715913129500024,0.102503692578801,0.12879118161812203,0.15799871275560648,0.18495503216507972,0.1550846267771513,0.09331527619197096
SMU1,0.21282696901500261,0.09973389901695658,0.13873144850134791,0.1352889846551144,0.09421981370317996,0.0985767623606295,0.1369802039314091,0.06306047436353385,0.18538755850228053,0.11042299482124196,0.11768235005360106,0.12415001699953897,0.12138324489267718,0.09807088680944262,0.23889685182318077
SMYD4,0.043546600425256286,0.04288108816598587,-0.027912794518445447,0.013208586409228455,0.03268734572301375,0.022421717162090495,-0.012322719786965182,-0.005952862810948531,0.018780695925162218,0.05681945271349312,-0.023463317286711298,0.0021797231784476223,0.027964151249099,0.0012655208308907052,0.0991073021781698
SNAP47,0.0992449607578653,0.04400805240147338,0.05912595689148274,0.06733928186585951,0.09701936963269446,0.04737094419107409,0.1223758660888806,0.051850511426170635,0.13781332070333752,0.09859605240024703,0.10823355052819326,0.05669770822832807,0.12235960075193829,0.14317607486955436,0.1926501505213567
SNED1,0.1693610728629401,0.1406350481131317,0.25084398873368224,0.20927364918103028,0.006239482981993461,-0.044513154844485876,0.037850210088645295,0.06545567891730188,0.09116032507554463,-0.015570399665401755,0.016487658342892723,0.027291753247229187,0.03420732424939787,0.026219684330005683,0.25320140540604785
SNRNP35,0.1013253131049976,0.07968093849849367,0.0658334972119286,0.10996516140025812,0.11966215257855198,0.1372457689643749,0.0854069323218694,0.03032308004030457,0.05065489342032034,0.09136347919105815,0.046560727215163876,0.06696795228397015,0.03189818034614696,0.04515937491893708,0.14621134453673673
SNRPG,0.3368941321759477,0.22311839881707957,0.28329828371487226,0.22611452643113888,0.19934273693182533,0.20295680626969773,0.4692084594933808,0.25657592596688594,0.3249586471419475,0.07817457910736386,0.1952380264722828,0.19576553838710212,0.2636289892739427,0.21284464538507786,0.4106222546120746
SNX24,-0.024635935368672972,-0.0337222064981284,-0.015290222241552102,-0.02260403114032657,0.005948490133695724,-0.0020260833267483624,-0.04228537590257856,-0.06742339892970206,0.03381582839027584,0.0033405459312253923,-3.901713226240472e-05,-0.02583360932636988,-0.03560719654067825,-0.007973851932091982,0.017723820998116376
SOX17,0.03836042470810038,0.04741600706651304,0.06193216802881418,0.06466439769678996,0.021548612533697394,0.03506438475135281,0.05218451925249304,0.02452072125973227,0.034687656813031334,0.036778141929592056,0.03877385227234305,0.03818482293539184,0.008655656490444173,0.05572328347668496,0.07517209415880723
SPAG5,0.17224332572963763,0.12008021304128144,0.12475830890055253,0.09080106434204295,0.12167909473748866,0.1574049738663867,0.317347244759627,0.15860111895506476,0.17909308647591515,0.08574624285568226,0.12579345777370243,0.11279889570818546,0.13291964711962612,0.11094273025499234,0.4113794326874953
SPARCL1,0.3122746567520739,0.322389030248908,0.31708841029640616,0.31061562685050365,0.1173930626175841,0.1391267289812849,0.1660757702404851,0.283262418880798,0.2959849278370714,0.15098203086836406,0.15308360579065355,0.10875719169261766,0.15374681530928586,0.17954589504413745,0.5204849561726801
SPEN,0.07318420747234827,0.021055613775871704,0.05274275816697295,0.06174308069675016,0.05270171259713231,0.029147429737759568,0.024492341489834927,0.0005864805034277871,0.05595074231713824,-0.008511708629461856,0.03525700280858217,0.08066290317083585,0.02369467142843146,0.007038978950981306,0.06206975034160703
SPG11,0.08937421616049329,0.020714243272866067,0.07130292174000623,0.09301496515058108,0.10849258153585091,0.09427269022012887,0.15340807451771804,0.05993689858931958,0.08826978243825216,0.06303031350432697,0.11472798579781804,0.06932368217530104,0.10432354456246767,0.07934301163865018,0.23247007998589975
SPIDR,0.17558176513537063,0.07529453385668324,0.027633340622518793,0.02760182463216546,0.07884117212903999,0.09596946816375179,0.18235462369170657,0.10113928052790283,0.06648407959482533,0.04191741624375175,0.09597879002732077,0.07550310844526151,0.12322701198749308,0.044470132993036586,0.13041900744783802
SPINK5,0.017628168378906715,-0.012886261210955756,0.01168302845858285,-0.005788643676619223,0.06718416346022889,0.08618078501682833,0.07188383470740285,0.013233870765919623,0.0022350949438975495,,-0.000804524457795925,,-0.018122120796153107,0.024741036586254466,-0.017408217876195446
SPP1,0.21166364791441844,0.18375081935920268,0.3403993612066926,0.3115742278453075,0.08890326951629758,0.10989146826208937,0.29501263255443483,0.2573488111730213,0.03195994239190646,0.0613081580953951,-0.023837039517199746,0.01765015277610964,0.005628797714073843,0.03805392122343239,-0.08472237667307622
SPRED1,0.02899383639767454,0.04886550443496317,0.11280725835960694,0.15149429294214198,0.03061375455087573,0.03405371200306424,0.1426914971990213,0.15360774574828998,0.11904068237660448,0.0325240590891639,0.059176795375731284,0.048216776353919674,0.042330186715899776,0.03836295006404712,-0.015560073178619098
SRPK1,0.2099823310651035,0.15270597962227328,0.14992439837785235,0.21629532988902245,0.0272093969921421,0.03033369926132227,0.14141440818944748,0.03613993002802927,0.12362684607035053,0.05366535978816637,0.09153340900486791,0.10560076123034368,0.10992402711227488,0.05543238142021367,0.41149840866620835
SRRT,0.2041877315013168,0.1565451267895836,0.1578795757766523,0.11198333332097364,0.06843688007091091,0.07576033672217379,0.1887406908303687,0.07017325939621058,0.12202849158879162,0.07976635115910301,0.15592908147273288,0.15070274146952556,0.12323199242147283,0.12692930671381802,0.37139725124891043
SRSF5,0.23001083961583266,0.19070194205957877,0.19049330655885005,0.10309161722505157,0.10585540847736713,0.07919888970934508,0.14350205593952345,0.06594128516920736,0.19771744125027807,0.14482928272797335,0.17797271850790808,0.12091972140559305,0.15976534697300132,0.1275677060271283,0.16615173638478284
STAB1,0.251643583080587,0.2415084126405486,0.34060153127486276,0.3117632591158239,0.14196257266047332,0.13940020232026065,0.18018159327307526,0.24258442814366554,0.20346918727987126,0.08597004581117589,0.11371689105432388,0.10479956889933241,0.08349505729600208,0.09830471301863931,0.49053278663531147
STAP1,0.07269222836224988,0.04456260849323767,0.07257295898646055,-0.0007739137404122172,0.017324267133748527,-0.015476474936250347,0.02205577128141156,0.04914379192886194,0.06992063269936973,-0.01599722961260911,0.012350716781263147,0.022720298052958242,0.03476767919758293,-0.018228911611502148,0.17095634403994708
STAT3,-0.005301741136838577,0.06990880989968326,0.04564836893653666,0.010982741090477408,0.04116018764268753,0.006371044442870696,0.06928740796627043,0.08122663407877086,-0.010047505289162964,-0.03186740610856866,-0.02079722522529341,-0.041357088664224696,0.007587790372447659,-0.04836410212485692,0.08431625872475987
STAT6,0.06424458237932272,0.044510898626094336,0.0037149004436660277,0.047989067191340884,-0.021592949938912136,0.004237027875872144,0.028986443623611264,0.017797264606297665,0.031411777068494226,-0.012793988845715485,0.028491724489459393,0.03950151915404313,-0.025156464322993056,-0.04356943712202481,-0.02532326931714401
STMN1,0.49668396399135856,0.3771021236239069,0.4515889634055674,0.4191934072472613,0.12009708395138721,0.16623216310694358,0.2978775194027496,0.18126343258118893,0.3428404726339778,0.13730201853169335,0.2014321836343817,0.21620776514385065,0.2872978204249365,0.1964188192149826,0.34378291107658143
STUB1,0.12902395964763022,0.04631914668628764,0.05931101307170815,0.08114667838256948,0.17571299843895513,0.15250061012659033,0.2858002620754785,0.08741510617715692,0.145529109070081,0.09867812204176647,0.12103303805789808,0.1258888178112319,0.11318035765309345,0.1396770592967232,0.25441083560384414
STXBP2,0.08489174165465894,0.06795703225627307,0.10309416683462348,0.029128055920448523,0.08006214686938753,0.0684312712020686,0.1245595091578714,-0.013021970999156161,0.11832968499288175,0.014618093914041584,0.0883762026147151,0.0974366472661333,0.0881561379179475,0.05828147279394931,0.4638407689488409
SUPT20H,0.14357312080302403,0.10507328693020945,0.08635096091147577,0.07585999132289889,0.09805119621346786,0.10617441774959561,0.0926432367770193,0.03140445997918113,-0.030957209281121396,-0.0037350918127758616,0.01549932806871028,0.02415021521409827,0.023598369346865187,0.027244221887378284,0.088489501780154
SUPT4H1,0.20530036311919939,0.11687866684883978,0.1412115608579878,0.11870611113061114,0.21307747475004576,0.2587496305124839,0.43715123988852356,0.2565464570580901,0.15691678269252288,0.023058348969351463,0.12182870243349694,0.0693534356699185,0.12337271058405129,0.08751381376465238,0.25317415487510675
SURF2,0.20459229811348892,0.1246634321642028,0.1928198678276532,0.10564284471539004,0.07056970754260992,0.11887612748709657,0.22030347856095056,0.07666660769136506,0.13951136859711033,0.07761101361054215,0.10516197441654945,0.12530162013230434,0.07590112811021907,0.11574811888837942,0.24543510112338413
SUV39H2,0.05551936117649932,0.07114488187182769,0.05723657464353908,0.07414785948420505,0.0027747355463756513,0.009268413276622891,0.05398936170854987,0.021748908090552105,0.07790831056060185,0.007433526438031256,0.043934505356120014,0.01776328468968928,0.07477865799736508,0.014803845868750396,0.23434977636688215
SWAP70,0.0103078492199007,0.0300366531309607,0.0017313990805030521,0.011861055559268158,-0.00778883110752418,-0.026320959652087052,0.033665942994750196,0.013520832724699925,-0.010632092380991883,-0.008414511256440146,0.007087844106011229,-0.017266689628048743,0.005517892464084473,0.008090431724616582,0.058514498525288665
SYNJ2BP,0.0940381214959668,0.036330598534605324,0.07433886765966495,0.04560336480189183,0.05682784540860679,0.06821409940165053,0.08733706803542016,0.052446177326359485,0.11344432088592046,0.030322611769646107,0.1262216593475649,0.1015125330201241,0.14406866880491878,0.08496082826745721,0.37727198466496137
TAF11,0.1611139820620838,0.06824760558782159,0.10603192706737104,0.12897219216823322,0.08766734738297484,0.07896213192631522,0.15545426219068106,0.06527684760129825,0.11121146666742614,0.021330512798994335,0.03024747084101477,0.05524818822690415,0.06702616469319533,0.06842437653334718,0.17314062458738663
TARS2,0.10755786497067435,0.09143082650840317,0.07589050985502913,0.06856899168713536,0.07633722920506857,0.09267248458758294,0.1751082541129204,0.12078330660247542,0.10813024018205357,0.07294316666328397,0.0622645309969567,0.051879223264760306,0.09704278700079448,0.10240715197252946,0.24874104900585947
TBC1D10C,0.25132548997357596,0.30017015717843265,0.12611026210697548,0.1840714615253629,0.08181450665198983,0.11596163812251993,0.11066075979080188,0.12416545018263042,0.2140450652720831,0.06421489170842284,0.09106027977144032,0.07244166582634685,0.08091062922786878,0.09797052675444429,0.3434353757898383
TCIRG1,0.1929483797627462,0.16371552753457208,0.2282198909706381,0.17327743464862813,-0.011212855134185759,0.04312224898922605,0.1325995419247333,0.10358697402397535,0.09224248503812793,-0.012263444693449397,0.03616582043728443,0.013003055733048774,-0.011942020186522434,-0.0032469955371094506,-0.05364689615398986
TDP1,0.08435673844782593,0.07678167206737753,0.10083939988842995,0.10061382874979795,0.10068249825213571,0.06100781080749338,0.09148176808791929,0.030011920654331316,0.07869692894943404,0.06351133969236337,0.0387476915278305,0.08704589281903115,0.10385159713283534,0.07470172207644164,0.17721207145341328
TFRC,0.17041153050659255,0.09738353546747233,0.1650421021941356,0.07289533305894268,0.15436913542386704,0.14944424852895355,0.40505289140488365,0.1870574097592012,0.24267485527719027,0.14139097728583577,0.1949962155200467,0.21004202687444934,0.2190192385474104,0.1987873874501333,0.2279307106332325
TGFB3,0.06271912967575585,0.10541043722372592,0.11913138101826808,0.1167295508820523,0.0014966616597775644,0.017226828550382184,0.017405601711079428,0.07707530851013845,0.047118317714176725,0.04008078527038126,-0.018254534703332922,-0.00589929484888067,-0.007879113029583775,-0.02307487150693002,0.3137073548011194
TGFBR1,0.12964582146839362,0.019519812052461966,-0.001098403052828801,-0.02045875624593558,0.040004600438597375,0.0540574897560675,-0.04244676306807646,-0.03832300172955496,0.015767582295606354,0.037393446138326694,0.062218142977674966,0.018400455510464524,0.11902521271420402,0.10528366609878048,-0.02528433324150076
THAP7,0.09239329119773418,0.06183442610742215,0.05479194524478687,0.07417533041450991,0.034718147167034995,0.06066306867245209,0.12809529295884897,0.060936329526217574,0.06797541740083854,0.06389173311827734,0.08340565701803983,0.08750237256268657,0.09724374201727147,0.07249148323976391,0.035286771103307815
THBS1,0.33891623530679554,0.32779096333598645,0.5331798881686339,0.5137840968830338,0.23242020251969273,0.2409268387410228,0.48439095427196,0.4343882659431503,0.46365935570280015,0.15085775274598234,0.29086727556700476,0.23610136126464662,0.22590168137555827,0.1457372299903342,0.28776720342732437
THBS2,0.3458040665965447,0.34647078453569286,0.542306813529706,0.5336712873633471,0.22599519551716696,0.2237819253029202,0.41801274430814817,0.3714349827549447,0.4574670506995826,0.23074236706929913,0.33123276441808813,0.2739694287127549,0.2691883400762233,0.20699566011844037,0.6066592382108487
TIMELESS,0.17470110765151517,0.12545902137220424,0.14718182613094288,0.1039395059148373,0.07434670830318459,0.08595208917928965,0.19163936735066875,0.06026261555444058,0.17626670327747018,0.08225932822236583,0.1450451362235962,0.12739371540888464,0.12955919975613922,0.06453981325994262,0.34400967740647204
TJP3,0.09879221221053217,0.02040925626628885,0.07689377864399752,0.05576729012260955,0.1364392039456134,0.16913661038075403,0.3333569828760905,0.11095575017323439,0.2508099712727472,0.11684991353206163,0.15562897289487088,0.12904913494906037,0.15535586261542653,0.17238745187285168,0.6052148550355736
TMED7,0.06193892305603317,0.04248723313426747,0.02411194078721402,0.056137637338503826,0.02860935880302339,0.04060482837073758,-0.04632330294337673,-0.02635983909930276,0.14271964714239938,0.052998447230069634,0.13481370414264296,0.06418162808028072,0.12212823791796153,0.10282978116410149,0.23176414042553511
TMEM131,0.04505634383572018,0.01819523305074258,-0.024296302283241776,0.041765879152669695,0.030296524114728295,0.06521319835837053,0.04519244603496349,0.019064066220647685,0.054588259303721826,0.035817976356145025,0.04131639230369977,0.045595670205377546,0.03869826389423708,0.006921488802268405,0.0721370751212256
TMEM132C,-0.0020897916682616827,0.009223610788069226,,,-0.02478278793710457,0.03638885917446197,,,0.024215901419433104,0.031986733395178206,0.004485863934074445,0.02032147852911152,,-0.010937885142722746,0.024196132378343192
TMEM150B,,,0.005417124685702629,0.048281772993058795,,0.008476108734966578,0.003531918200262826,0.021106308230038423,0.0056827858804832316,-0.003453319306203246,0.007665739324000198,-0.014194929122408505,-0.017830219387950045,0.007735088580395106,0.08408551397977507
TMEM39B,0.03369936764412106,0.04300546948828091,-0.015529323555381547,0.03241867268383612,-0.0018110008487522713,0.030202711130796298,0.02108232280278808,-0.0026139846786372625,0.015918742302629834,0.006444341061935756,0.01704982247610004,0.048820302119202526,0.010593457403019582,-0.02252877322541518,0.009551861341473115
TMEM51,0.02125146721103268,0.022219905621080612,0.039113017606139056,0.03618164037657518,0.010620205473838934,-0.017913326292333564,0.04432996808965106,0.03650997802050829,0.05231390253725322,-0.004803860369288786,0.031899548994171426,0.009793994160724677,-0.038483626390638626,-0.011009866978371108,0.02750264354547455
TNC,0.0889990564354049,0.12122534010933918,0.1051045561065202,0.14563432250073072,0.0922586088699562,0.11294664357898049,0.16409491333738613,0.19070594886324943,-0.04857142313561758,0.0881535245827075,-0.03876500692286078,-0.03519934330180684,-0.013775900363102736,0.05323153162280758,0.19650147865870754
TNFRSF11B,0.08513973502680912,0.087571111145855,0.13575729467048622,0.1513713650973921,0.06014392871409145,0.03216336140570466,0.14092189512759182,0.058986059343482077,-0.016777211649723876,0.019625987214046153,-0.025098144677981903,-0.03700996015562335,0.02323660010233949,-0.03697702388197603,0.05355130846900723
TNFRSF4,0.18152463126976964,0.16025526848252708,0.14891125402481908,0.14464819206071347,0.05436234658412985,0.06582764490512957,0.13648108592867156,0.11609837649373451,0.14881314891558503,0.07284297816323596,0.07625561916197518,0.06608578168486337,0.07023090773596455,0.05514870537832402,0.1523050819527184
TNKS2,0.14782712469416687,0.13269688577807526,0.1451236757342328,0.1481845657828832,0.06400051314584249,0.027664158273774248,0.09560008613229942,0.04223813200516924,0.05638796710056881,0.0003015525281207475,0.004759844921298821,0.0204867846073948,0.045990343287316465,0.02015815180972129,0.2450212810457968
TNPO1,0.1548312033751939,0.08167556758646112,0.06077375108112008,0.05661712978887002,0.05937141307057342,0.08715751404482874,0.10528060267660305,0.019382490802250917,0.09857026383398311,0.09712800295309057,0.11310315886877537,0.13438504759600925,0.1562671843449114,0.0784004405868024,0.19253200414188426
TOR4A,0.07385844197643038,0.072171611364698,0.08744631505915076,0.1141552317447071,0.04310121943327373,0.043797262351667234,0.059001813019884206,0.07964543499261803,0.07318921912469335,0.03042142385836897,-0.0021556003940834635,-0.0066753742450045995,-0.01198343858651261,-0.013250354508260558,0.07049144526668574
TOX4,0.15463687630990486,0.09139356428773479,0.11151578963678076,0.06663727928855537,0.060422798602203814,0.06149579224096896,0.1562685688050836,0.05600349908127524,0.14328769775457825,0.07814083072334421,0.0770971616111907,0.08948187341967226,0.10681316985405435,0.10285087752724634,0.2129555249689047
TPM2,0.22810496122956106,0.17959212782828257,0.3543953282643666,0.34834703909096676,0.13045368145180938,0.16136795744555185,0.45678805308621634,0.40521948603222485,0.24889602021852586,0.14033589140420738,0.11603803228598293,0.09471819497892965,0.11412766500052628,0.09731966034274427,0.3628358138977051
TRA2B,0.17914463369990505,0.11372632756018342,0.15363481271408222,0.174802616842243,0.1192816661125918,0.1337466635812775,0.17893924838931113,0.07705299819983102,0.15036299886063678,0.06813703095034891,0.15891490878290337,0.11072940477781454,0.12202585190697592,0.11570282661543647,0.13714497765196865
TRAF4,0.2640152041408568,0.1837738918393748,0.23032344078885642,0.14471797885626242,0.19240227115402395,0.23358311815450486,0.4789645137314815,0.16605982400914662,0.2827432681160371,0.17085156624317113,0.22611055877597006,0.17764275652451247,0.23261277337808783,0.1879406656494428,0.5342812782786543
TRAK1,0.10309459536976348,0.07223865544643902,0.07925763363375336,0.03121430287055174,0.052101463945333305,0.06087470011866028,0.03755715136921753,0.030091037211430666,0.044551556643102085,0.020150043324831855,0.05590458605575801,0.027829389575640243,0.03813446399478956,0.039938874680248204,0.31725860459726274
TRAP1,0.33029399314831687,0.2041765033119267,0.25261039590980433,0.22438168473358833,0.11720289650166431,0.16202803776959135,0.24631858577038093,0.09392797646918562,0.13689298521869497,0.09740658436761974,0.14593538368811634,0.16053479756302735,0.10942914017579222,0.07617651661402364,0.41128698559423316
TRIM26,0.10473065317402203,0.0647658299563623,0.038756616659915685,0.0017045770916583715,0.03856146003224445,0.06101196738392152,0.0989818841107268,0.01513614833223232,0.10852327399280756,0.06507228442803835,0.09085413135181494,0.08417892122459712,0.10183579336154439,0.06932996856936682,0.28565720149051227
TRIM38,0.08102846296532024,0.12024938050322953,0.0383086231302319,0.06227647392890503,-0.02223201665779741,-0.04149440197477847,0.0265339015584473,0.010790692336980339,0.08722221899704116,-0.023002781527287665,-0.016517367283006547,0.014246405582147889,0.011450754419660935,-0.025093191451802912,0.1381338911772531
TRIM65,0.14025995007295036,0.09378559278683281,0.135649645548178,0.05993939769257916,-0.006508685272336691,0.012442948843453048,0.013991039650074196,-0.03563422014711607,-0.01847788645063254,0.042347699454403524,0.030193823081189754,0.03636373623777806,0.055837748942334994,0.0018936141080094187,0.07767098067076829
TSHZ1,0.05034117733451893,0.03354086364862248,0.08471150142950587,0.0647783046022378,-0.006753490171409835,0.018011624984211744,-0.04162975408237746,-0.03691816552009594,-0.010790861202189044,-0.04399737425966518,0.016623254952595323,0.03566941299633799,-0.0062156296036108335,0.012454043308258332,-0.1293089334927525
TSR3,0.08550786639842903,0.007230082489279014,-0.013535379357663519,0.04050845435722947,0.08432192337478588,0.09601155839978286,0.07630344332018323,-0.0025244912819144066,0.1088894812267276,0.0243394254445355,0.07852893362854035,0.06438478575283618,0.050395487413922455,0.024841207058262392,0.11058690323676339
TSSC4,0.09650324454867534,0.053312460447753285,0.02943424586796936,-0.010430318756824918,0.08307659590238789,0.0779622450730073,0.08414699216601865,0.028997800233020458,0.06985620524719897,0.09073699257232996,0.07614622236648241,0.07563136730948974,0.04336134969439955,0.05151427407823769,0.035807204828241145
TSTA3,0.1291791185317516,0.08466517738194551,0.07056826140503694,0.0701755588656326,0.05745958643850903,0.08317577317061056,0.2111015528499784,0.04725272941234279,0.22010631808539527,0.06492078342161087,0.11738650863965579,0.11628650448500726,0.12024052044874184,0.15486142375467524,0.5134527192909228
TTC5,0.10028764257883299,0.0650641806104109,0.02850573605996447,0.06940926405185885,0.05663729589023586,0.0402108869313067,0.039256430378207925,-0.013379577507267792,-0.022274757003591484,-0.011782493503368774,0.048166440584946034,-0.015084366289282709,0.026798920106372262,-0.02154652924817422,0.10590551527229525
TTC9,0.06628528455683534,0.01132686501188044,0.0736065820678584,0.09294945262037357,0.06113556955791509,0.17907576728506674,0.2430655689849193,0.08280876810049446,0.20136883333945746,0.06149270571806016,0.13364981041343835,0.07672763628257484,0.11075827016573787,0.0930789394097684,0.4552776170220356
TTK,0.10039122031727926,0.07276028675339248,0.05460934800600227,0.07304678914170773,0.052455300417758345,0.07554866313299877,0.15317762148665978,0.0762145053391006,0.11473206221928556,0.04821813189071706,0.10905526058481659,0.06585845327645322,0.13080387844036923,0.05273656733621953,0.34608923557473104
TUBB,0.2433614272316859,0.13719337742460283,0.10022070451936899,0.04387322405185616,0.16229546939802797,0.17289119143890874,0.1717982013106898,0.030022725480219684,0.21676868423455464,0.144431606830238,0.17248966360758808,0.15740890650444356,0.2346010421594818,0.1813079578422782,0.3950671463486539
TXNDC2,-0.014760562696510987,-0.007515552630015431,,,,0.02069029188323811,,-0.011381775033908841,0.00021534679053067762,,,-0.031082693288029678,,,0.002484720698123237
TXNL1,0.32331950778967417,0.2137429617212525,0.23260398442493743,0.19913019804031953,0.026330587699279207,0.028948389628879016,0.02112647990918562,-0.007671938170868836,0.1868702879364893,0.022396707041614193,0.07876911835208589,0.08562993835789616,0.12812019512464337,0.08686223838463322,0.345860815359352
UACA,0.14377849902154044,0.13197294585276761,0.23958857797658537,0.21407400543256347,0.08031495623508204,0.08397642800653193,0.2736122870673972,0.21195145745126828,0.14511921431112995,0.05660516645045443,0.048367257863003374,0.04476857356625126,0.005229169517337945,0.028381258148943815,0.12854231214990647
UBA3,0.19790409904575515,0.13143474694975077,0.13686219806764513,0.11422329076862461,0.061274114739556504,0.09283910620766325,0.15851734882672397,0.09755856950215713,0.05904634210888254,0.030930040932100954,0.10150679692464787,0.06859061991729043,0.07690854267492823,0.05474917920198518,0.2502550756632484
UBE2A,0.12204906611697772,0.04265475205600782,0.06082824886332787,0.060110432631538285,0.055920075766363146,0.061072311713478766,0.10626497975142016,0.02307877169745347,0.09446034132820362,0.06742700521364539,0.04568965726983986,0.07219689971586497,0.06883349421702331,0.048516685047836565,0.21523296467602382
UBE2W,0.06423324679007225,0.032568035197701246,-0.016238571285686117,0.03489445471545095,0.010797232077457924,0.05260438945423879,0.13539134134935282,0.0734039317849406,0.09201182158336191,0.029500769826290456,0.05203491981167481,0.016127635419979896,0.042654057738145,0.0356285507438379,0.2788635047024536
UBTF,0.14479466522299406,0.03170689013410182,0.07291090996102564,0.021008898158971116,0.06464918910258746,0.07269116547497308,0.08088134873848807,-0.0412995057479837,0.050533052431368054,0.05825692999673876,0.08554788134353514,0.06628360420137852,0.05485826382908694,0.0519183349078355,0.11617849503164482
UCK2,0.17222375052285704,0.12996457221889043,0.16088004229690794,0.11079463143857188,0.09989225978802443,0.11332772667117526,0.09617490561084525,0.07402861568196187,0.24721446372721564,0.08780607929134628,0.15197123762363146,0.1390156158371177,0.23678651966223735,0.19042464952153332,0.4038583289771174
UQCRQ,0.3198853493926648,0.22083444218723625,0.25407096859302086,0.2781195394065136,0.21308868591519212,0.23361321011863595,0.3969808063122684,0.20920792075975173,0.42872283640291736,0.14174368241081778,0.24528344029040378,0.22950086742691905,0.2826003828779983,0.26901635410215946,0.3699330396965003
USP35,-0.018288529457272384,0.025302632104699414,-0.0006180136610946609,0.01271828511138596,0.02433945963277895,0.02365171806016528,-0.012137778481616165,0.02063295242794751,0.0529655223125704,-0.019778823677135047,-0.026084992647358737,-0.016873838808854253,-0.031470638984037354,0.0011976814988163905,0.025542625181787123
USP9X,0.08187535024870213,0.02057351075817607,0.008557166856717544,0.03386724303260149,0.08916316601924423,0.10097134410280834,0.2000363669416187,0.07205796471869207,0.14066126579152674,0.037200481339426245,0.11412136127804356,0.1548555144207847,0.1438687872829011,0.12281330527138896,0.28987794756090707
VASP,0.02090547942462329,-0.039496395621632825,-0.07169790087428929,-0.007569808727880699,0.06535735735013712,0.040041276433815665,0.12232799698843978,0.008815395645475801,0.06076058428780053,0.004739451392563106,0.058101046426653605,0.059758390461954594,0.008279554281798364,0.03195208899129712,0.2710807459579332
VCAN,0.15919011201790892,0.2025947946344599,0.22517541771345617,0.21276055265962168,0.2558438728408175,0.22199765111812522,0.3512832505396285,0.43847877949369524,0.4566992683820447,0.1973729810462371,0.22534811809212596,0.1861285417348694,0.21895765769014505,0.23293927217837862,0.4940842100558939
VCP,0.25210894090794034,0.19112259626526257,0.11188253113817365,0.12050804858371866,0.21691644316085837,0.21719589966441089,0.2665713244793382,0.11238940182420053,0.277440595515873,0.15620971676652123,0.2206088850279141,0.20517195434847973,0.2509691770553496,0.21666102021683872,0.28676098477561485
VIP,0.016269130217902897,,0.03583123661718895,-0.01693859351154007,-0.023461503012768784,,0.023238576186288405,0.030903643915520095,0.0309263896882158,-0.010670915625034387,,0.007623314178730978,0.022485375716458315,0.027304233941888835,0.04022681613223081
VPS26C,0.0711293635113764,0.03066124852187772,-0.020240877241651925,0.017113283481900055,0.05005462407361173,0.0037664680417789495,0.024053988528629656,-0.00522481020379948,0.056444369729793,0.013128259164751162,0.061141357147264284,0.021098120843410374,0.0006923649708230506,0.0445681351022426,0.0739347716167001
VPS4A,0.13534594645779,0.055431014931328404,0.06040215230898724,0.06942022277232275,0.04144921620302255,0.08915486831366694,0.15083883545607865,0.013890943874743183,0.09968827827648757,0.08405259722134016,0.07747017904876533,0.11698790032255064,0.11331670087590175,0.09411474722892113,0.22716962255668044
VSIG2,-0.026699432414121677,-0.011350881354902198,-0.020610183889684868,-0.0232364261136972,0.007390809856311441,-0.020800400366725248,-0.000859656289179797,-0.04057063671365196,-0.012698529798775107,0.008349932933943871,0.04574603060283779,0.008961740438591848,0.081720908980961,0.02842239230031369,0.11325099924518281
VWF,0.20264220529019733,0.2247919329822507,0.19769496695110544,0.24244227883126862,0.12804115365438268,0.11211950598477267,0.13995794704509137,0.25127997257849227,0.1675165031957871,0.12740611364309815,0.13109937887410497,0.07795969647607433,0.13614823562961026,0.08490372512796497,0.21590044336315575
WBP2,0.07707756886498812,0.022965291005940205,0.04268007924209543,0.060610409256637895,0.03724003285212188,0.019411935191478543,0.025464828476085978,-0.05653037757228634,-0.0041980876141385634,-0.026980994195279925,0.00875629480344366,0.004988083369273811,-7.62563136721099e-05,-0.02496072002757312,0.07630072772474969
WDR36,0.15930445150381406,0.04696635501705067,0.10369119660975205,0.08940796466710055,0.08103390694189723,0.0378896859737206,0.07458988233740714,0.04146928382324852,0.09475833678693106,0.060236651727348024,0.048668057937180986,0.06516794416835386,0.03835173147269763,0.053594321102758816,0.12589197283922993
WDR90,0.2415054353107472,0.17359655026288365,0.1436723159711293,0.06826013218502647,0.06745148879520842,0.08249470132169995,0.2570313355451928,0.11051061387639337,0.21456237871438003,0.1138848899959784,0.14576560721760456,0.12200086015432708,0.12691007103646038,0.11483130153700337,0.4174302169551498
WFS1,-0.015137148019534573,-0.04651172291809262,-0.048190982673591384,-0.05424429924150322,0.06646631077066435,0.13177198699778958,0.1552718527214404,0.06239651342498123,0.2049293548027102,0.14797418800572196,0.14188784369820256,0.10439412650807789,0.13079636019270732,0.13196531132340034,-0.00456031440937045
XAF1,0.12827890454201613,0.12851590530013346,0.18540755629090133,0.1623416096108981,0.027635166171345826,0.03182162177981273,0.1554346717481652,0.18809723528116945,0.08682765238470129,0.04724739104059062,0.03226127738649385,0.056875381271606976,0.02844442638063071,0.004505218894272924,0.2092507897335411
XPNPEP3,0.08402885148736093,0.07085100480372351,0.09877696413114548,0.09669380473435539,0.05976485106110746,0.1166441904824623,0.23333411007551488,0.1128872966359819,0.12390629745872209,0.07238054657318153,0.08711130076745859,0.08128442447840581,0.07495700229695108,0.06903900823244992,0.03042914147908495
XPO1,0.16640926535339085,0.1574827537303345,0.16686115148823408,0.13197081470448008,0.11288384791443098,0.11676864094040568,0.20008757782342348,0.0948774631707733,0.21180875783134048,0.12932974589517918,0.1671770689214686,0.12787045387317567,0.14857682516250137,0.13562299416804174,0.2768480188720075
XPO5,0.15995578262814134,0.13400992174724247,0.1407565809307941,0.10392112847828469,0.0730959647421472,0.10913310692465872,0.15952301671742627,0.058237467513515426,0.10494337764837841,0.05002719614328373,0.0681021076456221,0.06883867266721418,0.09404276701111913,0.08278979516230636,0.23844062467187174
XRCC5,0.27080710407847186,0.16048744832834053,0.24264557575527987,0.23288027742548717,0.15783353384326423,0.16334529464708875,0.207592984530551,0.11219739332073203,0.2629468295185693,0.12183946962297734,0.17860494368781896,0.17986642370979172,0.194102625263984,0.18109353934553835,0.29035931969804296
XYLT2,0.002276044623678729,0.01920309578231873,-0.015621805227022454,-0.006109194977603355,0.20187315470926812,0.2428229974808907,0.3283392479500487,0.15928254180526333,0.16614286820461116,0.1588106277822107,0.14201448032341032,0.1324293314468771,0.17336612534807566,0.15870076058628216,0.07181603101592697
YIF1A,0.11740547194814421,-0.003517002341116165,0.0001128166305913543,-0.027902066254156484,0.08151981762510241,0.10830864384793468,0.10423476855933857,0.004724881765769974,0.13884291912464095,0.04698228409492603,0.1249270909466041,0.11628957982119272,0.10171419806005551,0.14621790983851451,0.07929051903936085
YIF1B,0.14802862562494504,0.017924635147536606,0.05828048911016076,0.06101177793695205,0.062187426941998386,0.10372278552596773,0.039197500624114194,-0.0011024309227086035,0.1312652434598364,0.043607069431828294,0.07934995884548571,0.08247580043962889,0.10611683682815286,0.10067497570171968,0.17531836065844808
YWHAG,0.1578085588532853,0.09912350787600226,0.08879286665897883,0.04676163901834393,0.08052959929239671,0.11194333254540674,0.16540865480234526,0.014579870009951427,0.11779721328037593,0.09427017561928094,0.13914600108120695,0.08614569484347871,0.12457040929406145,0.12536369381875132,0.20303903659228423
ZBTB22,0.03705291901649331,0.042226162169259035,0.0408756825595715,0.023511133776929496,0.036572535063478816,0.0610337493443613,0.0341458389566806,-0.0098608491590898,0.050662551762061366,0.01884630445675119,0.0261550964895914,0.06353064158733505,0.06796423853639785,0.0077895983830245505,0.07279277699732804
ZBTB7B,0.18955642589942306,0.062181175556514146,0.1888738102168196,0.13312730114587618,0.11164475400470386,0.13518027401160485,0.27436113079957786,0.09099663122664746,0.2585377552903612,0.15836002637249755,0.1887957679157879,0.20986739690837325,0.25036975907122094,0.1939287074559176,0.3416654268483735
ZFP69B,0.03579989027839954,0.022165832904379026,0.04533391225574216,-0.013562245451169064,0.027390252790920222,0.020230614489603966,0.021432359362392846,0.012254548266351478,-0.01650371983442666,0.0303454345439,-0.024502786235062964,-0.013631584380494364,0.005467315028966033,-0.016230276147173636,0.08714797782770864
ZFYVE16,0.09317348591583724,0.016434072471674045,0.021754399677462618,0.053697526803847255,0.056711998603612784,0.023742250132962505,0.08400490345331978,0.03437427765228225,0.08075222803383636,-0.013799058871297348,0.03444567798502007,0.04703999766609588,0.04868251168072742,0.05640956608576279,0.10477288172358457
ZFYVE19,0.04078857381024488,0.009424846617693643,0.01223361760328843,-0.02481508786169319,0.06841360264509948,0.09421546137762722,0.13654660240015806,0.05193617250186918,0.14152744180394297,0.09187922953209426,0.08555552587800584,0.09377075049071464,0.1176641831988926,0.09804781299233498,0.2440260728020867
ZGRF1,0.048346369458284605,0.025499491600661704,0.024569960696589083,0.03263644635638391,0.018807135253519396,0.004833428868694977,0.011334288655566516,0.056482862344214915,0.024653095335629552,0.025748174354398946,0.03898481911307883,0.07283539699723028,0.03726055989726014,-0.01802727070730397,0.2748824958003321
ZMYM3,0.09392458271145737,0.08654908646091282,0.07693474422612868,0.047525606691516835,0.07782290853239171,0.11151783000889133,0.15596549486630434,0.04880645600724247,0.09533388518749214,0.03545516733671953,0.05872303657139979,0.04864113674227448,0.03206840529616713,0.05189817636920189,0.15015475268463208
ZMYM4,0.13717870351330236,0.08476419815473477,0.07592681121233276,0.09918938253649136,0.04744443446579948,0.06467521680216602,0.04607988113469512,0.028218169769001263,0.09219441310825272,0.05363500207212642,0.08315557452367905,0.08070296884201239,0.07489453601361407,0.06951087212156719,0.19845090442563357
ZMYND19,0.2168048999883805,0.15312193728578816,0.16421688257923872,0.13319095928074592,0.08747924208802167,0.11753312911453803,0.23998732975571074,0.03734937925698977,0.14409704791129319,0.12011172322545384,0.12075299190118766,0.1595170149467758,0.15263587024652064,0.12147143775879758,0.39486319498068256
ZNF148,0.03377861462465585,-0.03623059314297305,-0.055461190267496345,-0.0031674389491903676,0.08878051787295121,0.06465115238709589,0.14014435516679621,0.04989444917537968,0.06215435907748797,0.03609160181649714,0.04493911282747127,0.03685668253378765,0.030290403107241792,0.0749121272287735,0.1716903395670479
ZNF330,0.07634558258670354,0.03110486838211267,0.0307495411312229,-8.390497608692568e-05,0.06052423143563125,-0.004978638746700647,0.003062421217860124,0.029528418853412643,0.05143115088031176,0.009225376042725756,0.02270286309452537,0.049325235146439494,0.04464132374150205,0.030455815677941887,0.09740735432723387
ZNF331,0.03881945421349901,0.0039064042581185895,0.034687039635652187,0.04472038358178209,0.03695633206882765,0.017771317128868567,0.06451986428314309,-0.0072822218385101625,0.027306564613691253,-0.03953894528463996,-0.01475476219581153,-0.02181089057130636,-0.06137772963260825,0.013700050694564272,0.0038675905421109865
ZNF33B,0.1835703117232689,0.10010064848575272,0.13030692130209762,0.1352653408676404,0.05843895274233579,0.0802932168887846,0.049235521952676616,0.027230273361884605,0.048015651728787294,0.012372795498501978,0.023980990229221018,0.06420022944707472,0.026312613510550857,0.03589411464320897,0.2658763903815408
ZNF358,0.09750490697407346,0.027453819084123587,-0.026471224284336084,-0.03150082677982866,0.06144328038358408,0.020864776754484702,0.012564497526116861,-0.03232226186213839,-0.0030390644029483086,0.03643033993830204,0.002628019293110599,0.05643541123868585,0.018742050532014862,0.06916619915202571,0.05165425784224577
ZNF396,0.0666670995814887,0.054545464367587664,0.08114643529858027,0.047971087542337656,0.001765980021122898,0.02093969790597782,-0.001816045290245748,0.015062757844030987,0.08079562506211199,-0.001905246904155599,0.042370331134303635,0.010846896263711983,0.07014019511575699,0.01031181897114126,0.03837612962609272
ZNF410,0.004786422995749485,-0.014253498128473319,-0.012190188825577406,0.005206715805695714,0.015489114086616181,-0.0036307564522073334,0.006419277485155146,0.020681445754580707,-0.03614274342759385,-0.018474321664434135,0.023222977903085473,-0.015552934145502096,0.0339355670010543,0.04080101746401191,0.12775175829513766
ZNF496,0.15270175579016454,0.08834758277365279,0.06783246292128028,0.01589124500577291,0.06096378009865381,0.056080389885335855,0.14556059167005514,0.006170537974460453,0.050192808948688286,0.06295281503631574,0.10633215690023254,0.041257244837087356,0.005510710877678328,0.028298165860873317,0.047618626122600635
ZNF511,0.10728226876372027,0.05303487853876698,0.04687590363397336,0.0419509231084774,0.07239537236050947,0.05487500233163379,0.13390645471280133,0.04743447598694781,0.06922286455127512,0.10993009559148804,0.036617261938456186,0.022661159228256227,0.09894922573208154,0.04207963593025183,0.23232795250239585
ZNF524,0.09208959066568395,0.03489793871305633,0.048501477397893525,0.06892319728164745,0.030152250284157245,0.08425470965256374,0.0587370703040997,0.03732922885082189,0.054908529090016096,0.03571318468717695,0.0653076912114966,0.04154524063897784,0.0033409307308340072,0.06227888991300731,0.07625980429085402
ZNF556,0.012796699745727074,0.046182845387309254,-0.044480643431379766,-0.013869067542661902,,,0.0016639692223127105,-0.01586578322685029,-0.01688149294170004,0.0009681887290201645,-0.022240319536698944,0.0034103949157349395,0.011730813098997933,-0.020862248418839567,-0.0021795092985868476
ZNF557,0.04221021366600737,0.0013945471496609458,0.07029267354214921,0.050208139883211524,0.026952264014875167,0.024020872847594993,0.06347038833946105,0.0035955548754522024,0.011930199251141808,-0.0384546463489202,0.05442942375756179,0.04994951985777626,0.04228894121299908,0.01305505227538345,0.1708081083846978
ZNF587B,0.034896065460376643,0.021315026078553304,0.05128781750072714,0.0012050033108996821,0.030392527862772176,0.028886302886911956,0.07822186028545568,0.05275733854448514,0.06601132356227059,0.005286569030695299,0.03377282947149608,0.05524876199643594,0.027972973943953237,0.008421353766998513,0.2560483069026295
ZNF707,0.03375082760301168,0.0540204574825837,0.024904414284008282,0.020189686252858306,-0.0035915443353724233,-0.01976305635245487,0.048183627893640356,0.023743149716430892,-0.016546235068461815,-0.01642420831130251,0.026451059923210004,-0.026470424444943744,0.008283566332423052,0.016294263775964792,0.04223480758797126
ZNF716,,-0.010630714582596913,-0.010406901184148313,,-0.01809294421291834,,,0.011131450382073315,,0.01923112785045831,-0.019240784293057044,,,0.006572144636177551,0.0056956712015529005
ZNF787,0.11992776783086853,0.03558945185420575,0.03380346439921184,0.03438164725509764,0.0632876013267167,0.02679406882350921,0.1297711534410678,-0.010443199951193615,0.11380450590534603,0.056421772599435455,0.12577951712829566,0.11220977746448052,0.05569833354067041,0.05840122998020498,0.112533353123419
ZNF84,0.16969535309158945,0.16306514579858628,0.1172235861688885,0.1528353526472243,0.11451361835084836,0.08665035820941959,0.17750296702287077,0.12146943548024551,0.07679093412689075,0.06255524878864314,0.09429152395605742,0.060454505327831705,0.056377636417810184,0.039630875746074205,0.19311393567204305
ZNF90,0.04225480707695295,0.10861911443769245,0.018843718454159244,-0.0039124969227014045,-0.015133739856982853,0.019719717936347157,0.03416131201489173,-0.007302360225781719,0.058106969991620634,0.008640868709016933,0.06540215408079522,0.07347397268741057,0.04929970615034701,0.023553579929703364,0.12754106476521096
